time,Hs,Tp
1451606400.0,1.1242963075637817,12.879737854003906
1451628000.0,1.099852204322815,12.461769104003906
1451649600.0,1.0975998640060425,12.280128479003906
1451671200.0,1.023185133934021,11.865577697753906
1451692800.0,1.0023976564407349,11.511573791503906
1451714400.0,1.024505853652954,11.477882385253906
1451736000.0,1.0922209024429321,11.862159729003906
1451757600.0,1.127532958984375,12.003761291503906
1451779200.0,1.252343773841858,12.132667541503906
1451800800.0,1.1969542503356934,11.850440979003906
1451822400.0,1.1611700057983398,11.749366760253906
1451844000.0,1.0872840881347656,11.399757385253906
1451865600.0,1.0138030052185059,11.076026916503906
1451887200.0,0.9521275162696838,10.806007385253906
1451908800.0,0.9174025058746338,10.596046447753906
1451930400.0,0.9198998808860779,10.487159729003906
1451952000.0,0.930723249912262,10.421241760253906
1451973600.0,0.9112810492515564,15.727394104003906
1451995200.0,0.9549784064292908,15.609718322753906
1452016800.0,0.9608199000358582,14.899757385253906
1452038400.0,1.022874116897583,14.731788635253906
1452060000.0,1.026329517364502,14.176124572753906
1452081600.0,1.0392286777496338,13.491554260253906
1452103200.0,1.0311431884765625,13.183937072753906
1452124800.0,1.0632721185684204,16.845069885253906
1452146400.0,1.151764154434204,16.378273010253906
1452168000.0,1.190436840057373,15.757179260253906
1452189600.0,1.2027978897094727,14.991554260253906
1452211200.0,1.1612427234649658,14.345558166503906
1452232800.0,1.1641819477081299,13.867530822753906
1452254400.0,1.1351908445358276,13.414894104003906
1452276000.0,1.094415545463562,13.060890197753906
1452297600.0,1.1306321620941162,13.051612854003906
1452319200.0,1.085200309753418,12.658058166503906
1452340800.0,1.0319628715515137,12.100929260253906
1452362400.0,0.9903668165206909,11.448585510253906
1452384000.0,0.9950183033943176,18.023780822753906
1452405600.0,1.0662670135498047,17.572120666503906
1452427200.0,1.123526692390442,16.891456604003906
1452448800.0,1.1673345565795898,16.244483947753906
1452470400.0,1.2158727645874023,15.883155822753906
1452492000.0,1.1946208477020264,14.999366760253906
1452513600.0,1.1959772109985352,14.570655822753906
1452535200.0,1.167117714881897,14.010597229003906
1452556800.0,1.1714015007019043,13.673683166503906
1452578400.0,1.1507158279418945,13.366065979003906
1452600000.0,1.0904357433319092,13.012062072753906
1452621600.0,1.0722424983978271,12.608253479003906
1452643200.0,1.0859260559082031,12.427589416503906
1452664800.0,1.0249857902526855,12.282569885253906
1452686400.0,1.0676344633102417,12.240089416503906
1452708000.0,1.0365650653839111,12.075538635253906
1452729600.0,0.9845626950263977,11.918312072753906
1452751200.0,1.0054471492767334,11.805030822753906
1452772800.0,0.9903913736343384,11.772315979003906
1452794400.0,0.9548240303993225,11.862159729003906
1452816000.0,0.968039333820343,12.077980041503906
1452837600.0,0.9661332964897156,12.061378479003906
1452859200.0,0.9865074157714844,12.247413635253906
1452880800.0,0.9819196462631226,12.200538635253906
1452902400.0,0.9822714924812317,11.892433166503906
1452924000.0,0.9778552651405334,11.409034729003906
1452945600.0,0.9885534644126892,11.049659729003906
1452967200.0,0.986204206943512,10.749855041503906
1452988800.0,0.9784626960754395,10.406105041503906
1453010400.0,0.9644514918327332,10.111183166503906
1453032000.0,0.9208163619041443,9.871925354003906
1453053600.0,0.8125672340393066,9.149269104003906
1453075200.0,0.7957885265350342,14.646827697753906
1453096800.0,0.7940395474433899,14.458351135253906
1453118400.0,0.8033372163772583,13.962745666503906
1453140000.0,0.8148361444473267,13.610206604003906
1453161600.0,0.8653397560119629,13.723487854003906
1453183200.0,0.9129409193992615,13.670265197753906
1453204800.0,1.0002174377441406,13.609718322753906
1453226400.0,1.036604642868042,19.235694885253906
1453248000.0,1.148000717163086,18.096046447753906
1453269600.0,1.3182098865509033,17.683937072753906
1453291200.0,1.30098295211792,17.169288635253906
1453312800.0,1.3171110153198242,16.588233947753906
1453334400.0,1.3241409063339233,11.556983947753906
1453356000.0,1.3091328144073486,11.474464416503906
1453377600.0,1.2806949615478516,11.493995666503906
1453399200.0,1.3078792095184326,13.497901916503906
1453420800.0,1.3787211179733276,13.298683166503906
1453442400.0,1.3632017374038696,12.822608947753906
1453464000.0,1.3297327756881714,12.227394104003906
1453485600.0,1.317368745803833,11.656105041503906
1453507200.0,1.4468713998794556,11.060890197753906
1453528800.0,1.382218599319458,10.685890197753906
1453550400.0,1.2642834186553955,14.350440979003906
1453572000.0,1.2516944408416748,14.034034729003906
1453593600.0,1.2437264919281006,13.667823791503906
1453615200.0,1.2091248035430908,13.382667541503906
1453636800.0,1.167777180671692,13.004737854003906
1453658400.0,1.1233932971954346,12.519386291503906
1453680000.0,1.0798190832138062,14.175636291503906
1453701600.0,1.0619134902954102,14.438331604003906
1453723200.0,0.9992629289627075,14.196144104003906
1453744800.0,1.0077381134033203,13.532081604003906
1453766400.0,0.9572373628616333,13.235694885253906
1453788000.0,0.920670747756958,13.034523010253906
1453809600.0,0.855668306350708,12.605812072753906
1453831200.0,0.8376796245574951,12.346046447753906
1453852800.0,0.8315247297286987,12.203468322753906
1453874400.0,0.8228381276130676,12.121437072753906
1453896000.0,0.8220844268798828,12.038917541503906
1453917600.0,0.7919188141822815,13.118995666503906
1453939200.0,0.810382604598999,13.279151916503906
1453960800.0,0.8479124307632446,13.290382385253906
1453982400.0,0.863968551158905,13.161476135253906
1454004000.0,0.8535273671150208,13.020851135253906
1454025600.0,0.8579540252685547,12.967628479003906
1454047200.0,0.8753318190574646,13.043312072753906
1454068800.0,0.9102170467376709,13.076515197753906
1454090400.0,0.9553462862968445,13.183937072753906
1454112000.0,1.0197086334228516,14.837257385253906
1454133600.0,1.059077501296997,14.665382385253906
1454155200.0,1.1319634914398193,14.280128479003906
1454176800.0,1.20412015914917,13.782569885253906
1454198400.0,1.3017311096191406,13.486183166503906
1454220000.0,1.3305063247680664,13.251319885253906
1454241600.0,1.4526082277297974,13.077980041503906
1454263200.0,1.5037376880645752,12.980323791503906
1454284800.0,1.3875977993011475,12.669776916503906
1454306400.0,1.356126070022583,7.471534729003906
1454328000.0,1.362805962562561,7.732765197753906
1454349600.0,1.2412424087524414,7.794288635253906
1454371200.0,1.169243574142456,7.666847229003906
1454392800.0,1.15382981300354,7.511573791503906
1454414400.0,1.2866363525390625,7.832862854003906
1454436000.0,1.4904992580413818,8.165382385253906
1454457600.0,1.556776523590088,12.613136291503906
1454479200.0,1.5509564876556396,12.468116760253906
1454500800.0,1.528101921081543,12.196632385253906
1454522400.0,1.505767583847046,12.015480041503906
1454544000.0,1.4130630493164062,11.686378479003906
1454565600.0,1.3472377061843872,11.469581604003906
1454587200.0,1.273533821105957,11.293312072753906
1454608800.0,1.2012112140655518,11.035499572753906
1454630400.0,1.18680739402771,10.787452697753906
1454652000.0,1.1799390316009521,16.517433166503906
1454673600.0,1.2139794826507568,16.075050354003906
1454695200.0,1.2170164585113525,15.222999572753906
1454716800.0,1.1833714246749878,14.581886291503906
1454738400.0,1.1413090229034424,13.805519104003906
1454760000.0,1.102624773979187,13.281105041503906
1454781600.0,1.08981192111969,12.973976135253906
1454803200.0,1.0010104179382324,12.220558166503906
1454824800.0,0.9674510359764099,15.868995666503906
1454846400.0,0.9801570177078247,15.819190979003906
1454868000.0,1.0192649364471436,15.705909729003906
1454889600.0,1.0408024787902832,15.068702697753906
1454911200.0,1.1137043237686157,14.557960510253906
1454932800.0,1.380731463432312,14.349464416503906
1454954400.0,1.4672250747680664,14.212745666503906
1454976000.0,1.4989001750946045,14.035499572753906
1454997600.0,1.4871578216552734,13.555030822753906
1455019200.0,1.498869776725769,13.438819885253906
1455040800.0,1.4890522956848145,13.493995666503906
1455062400.0,1.58491051197052,13.803077697753906
1455084000.0,1.714038372039795,14.297218322753906
1455105600.0,1.8374099731445312,14.431495666503906
1455127200.0,1.7624590396881104,14.302589416503906
1455148800.0,1.7166543006896973,13.919776916503906
1455170400.0,1.767715573310852,13.586769104003906
1455192000.0,1.7167751789093018,13.301612854003906
1455213600.0,1.577512264251709,10.243995666503906
1455235200.0,1.444642424583435,10.144874572753906
1455256800.0,1.3737560510635376,9.983253479003906
1455278400.0,1.382424235343933,10.167335510253906
1455300000.0,1.3955907821655273,10.207374572753906
1455321600.0,1.454822301864624,10.114112854003906
1455343200.0,1.4156683683395386,9.974952697753906
1455364800.0,1.3753589391708374,9.878273010253906
1455386400.0,1.295937180519104,9.826026916503906
1455408000.0,1.2111544609069824,9.643409729003906
1455429600.0,1.186871886253357,9.618019104003906
1455451200.0,1.2167490720748901,9.924659729003906
1455472800.0,1.2444894313812256,10.192237854003906
1455494400.0,1.2780002355575562,10.466651916503906
1455516000.0,1.326668381690979,10.682960510253906
1455537600.0,1.3973772525787354,10.706886291503906
1455559200.0,1.440378189086914,10.591163635253906
1455580800.0,1.4533381462097168,10.592628479003906
1455602400.0,1.4548931121826172,12.949562072753906
1455624000.0,1.4874718189239502,13.242042541503906
1455645600.0,1.4861198663711548,13.319190979003906
1455667200.0,1.4116673469543457,12.921730041503906
1455688800.0,1.3400722742080688,12.461769104003906
1455710400.0,1.295175552368164,12.201515197753906
1455732000.0,1.2542330026626587,11.897315979003906
1455753600.0,1.2395317554473877,11.490577697753906
1455775200.0,1.1946548223495483,11.099464416503906
1455796800.0,1.099382996559143,10.722023010253906
1455818400.0,1.0918185710906982,10.588233947753906
1455840000.0,1.0330272912979126,10.293800354003906
1455861600.0,0.9724772572517395,10.049659729003906
1455883200.0,0.919238805770874,9.803565979003906
1455904800.0,0.8686748743057251,9.471534729003906
1455926400.0,0.8210644125938416,9.160011291503906
1455948000.0,0.8291142582893372,8.947608947753906
1455969600.0,0.8501224517822266,13.492042541503906
1455991200.0,0.8449838161468506,13.250099182128906
1456012800.0,0.8549990057945251,12.766944885253906
1456034400.0,0.8901383280754089,12.219093322753906
1456056000.0,0.9437522292137146,11.762062072753906
1456077600.0,1.0743849277496338,11.893165588378906
1456099200.0,1.1677829027175903,11.983253479003906
1456120800.0,1.1943626403808594,11.835304260253906
1456142400.0,1.17842435836792,11.597511291503906
1456164000.0,1.114919662475586,11.243995666503906
1456185600.0,1.1500422954559326,11.486915588378906
1456207200.0,1.047952651977539,11.034034729003906
1456228800.0,0.9972422122955322,10.806007385253906
1456250400.0,0.9756773710250854,10.516456604003906
1456272000.0,0.9603849053382874,14.404640197753906
1456293600.0,0.9772268533706665,14.345558166503906
1456315200.0,0.991838276386261,14.297706604003906
1456336800.0,1.0101633071899414,14.413429260253906
1456358400.0,1.0179476737976074,14.349952697753906
1456380000.0,1.032831072807312,14.141944885253906
1456401600.0,1.0694715976715088,13.789894104003906
1456423200.0,1.1912014484405518,13.595069885253906
1456444800.0,1.065374732017517,13.120948791503906
1456466400.0,1.1103529930114746,13.179054260253906
1456488000.0,0.9685067534446716,12.039894104003906
1456509600.0,1.0438499450683594,12.118507385253906
1456531200.0,1.0825777053833008,15.710304260253906
1456552800.0,1.0493706464767456,14.962257385253906
1456574400.0,1.013832449913025,14.627296447753906
1456596000.0,0.988826334476471,14.311378479003906
1456617600.0,0.9752303957939148,13.868995666503906
1456639200.0,0.9953614473342896,14.290870666503906
1456660800.0,0.9956344366073608,15.274757385253906
1456682400.0,0.9876530766487122,15.314308166503906
1456704000.0,1.0021750926971436,14.992530822753906
1456725600.0,0.9994271993637085,14.704444885253906
1456747200.0,1.016042947769165,14.344581604003906
1456768800.0,1.1528241634368896,13.889991760253906
1456790400.0,1.1403148174285889,13.486183166503906
1456812000.0,1.0892895460128784,13.178077697753906
1456833600.0,1.069044589996338,12.854835510253906
1456855200.0,1.061994194984436,12.721534729003906
1456876800.0,0.9947744011878967,12.686378479003906
1456898400.0,0.9672027826309204,12.965675354003906
1456920000.0,0.9365896582603455,12.948585510253906
1456941600.0,0.9486952424049377,12.432472229003906
1456963200.0,0.9412198066711426,15.629737854003906
1456984800.0,0.8928646445274353,14.321632385253906
1457006400.0,0.893271803855896,13.716651916503906
1457028000.0,0.9117976427078247,13.317237854003906
1457049600.0,0.9559739232063293,13.206886291503906
1457071200.0,1.0078039169311523,13.069679260253906
1457092800.0,1.0535962581634521,12.859718322753906
1457114400.0,1.0879201889038086,12.490577697753906
1457136000.0,0.9826003909111023,11.494483947753906
1457157600.0,0.9876170754432678,11.419288635253906
1457179200.0,1.0339839458465576,11.782081604003906
1457200800.0,0.9914429187774658,11.600929260253906
1457222400.0,0.9725245833396912,11.482765197753906
1457244000.0,0.9716169238090515,11.295265197753906
1457265600.0,0.9771323204040527,11.002784729003906
1457287200.0,0.9666898250579834,10.602882385253906
1457308800.0,0.9536647200584412,17.847023010253906
1457330400.0,0.9785041213035583,17.465675354003906
1457352000.0,1.0202605724334717,17.077003479003906
1457373600.0,1.0123908519744873,16.188819885253906
1457395200.0,1.0163402557373047,15.712745666503906
1457416800.0,1.0172841548919678,15.421730041503906
1457438400.0,1.0409598350524902,15.315773010253906
1457460000.0,1.0737433433532715,15.305519104003906
1457481600.0,1.1161470413208008,15.384132385253906
1457503200.0,1.1578439474105835,15.463233947753906
1457524800.0,1.1924265623092651,15.476417541503906
1457546400.0,1.2304370403289795,15.235206604003906
1457568000.0,1.2391469478607178,14.806007385253906
1457589600.0,1.2384601831436157,14.442237854003906
1457611200.0,1.1833173036575317,13.787940979003906
1457632800.0,1.1331334114074707,13.393409729003906
1457654400.0,1.0911020040512085,13.128273010253906
1457676000.0,1.0716463327407837,12.963722229003906
1457697600.0,0.9881319403648376,12.295753479003906
1457719200.0,0.9655277729034424,12.080421447753906
1457740800.0,0.9871506094932556,12.181007385253906
1457762400.0,1.0814846754074097,12.639015197753906
1457784000.0,1.257059097290039,12.680519104003906
1457805600.0,1.2298753261566162,12.332374572753906
1457827200.0,1.345198154449463,12.498878479003906
1457848800.0,1.2551236152648926,11.683448791503906
1457870400.0,1.2584660053253174,16.853858947753906
1457892000.0,1.3257826566696167,16.215187072753906
1457913600.0,1.3859542608261108,15.722511291503906
1457935200.0,1.325399398803711,14.648780822753906
1457956800.0,1.4081475734710693,14.502784729003906
1457978400.0,1.2624218463897705,13.484718322753906
1458000000.0,1.2565393447875977,13.340675354003906
1458021600.0,1.2410544157028198,13.220069885253906
1458043200.0,1.2279794216156006,12.965675354003906
1458064800.0,1.209590196609497,13.006202697753906
1458086400.0,1.2469907999038696,13.431495666503906
1458108000.0,1.3156057596206665,13.586769104003906
1458129600.0,1.3483573198318481,13.442237854003906
1458151200.0,1.2914354801177979,13.259620666503906
1458172800.0,1.2318480014801025,13.007179260253906
1458194400.0,1.2996997833251953,13.202980041503906
1458216000.0,1.3451249599456787,12.876808166503906
1458237600.0,1.4522931575775146,12.371925354003906
1458259200.0,1.3143644332885742,11.921730041503906
1458280800.0,1.1676552295684814,11.389503479003906
1458302400.0,1.0972355604171753,11.090187072753906
1458324000.0,1.0586321353912354,10.738624572753906
1458345600.0,1.029958963394165,10.231300354003906
1458367200.0,1.0555672645568848,10.016944885253906
1458388800.0,1.1336866617202759,14.963233947753906
1458410400.0,1.109874963760376,14.530128479003906
1458432000.0,1.1031839847564697,14.018409729003906
1458453600.0,1.1134170293807983,13.375343322753906
1458475200.0,1.1536860466003418,12.978858947753906
1458496800.0,1.1689908504486084,12.579933166503906
1458518400.0,1.1875276565551758,12.395362854003906
1458540000.0,1.1765531301498413,12.255226135253906
1458561600.0,1.2077367305755615,12.219581604003906
1458583200.0,1.2484464645385742,12.489601135253906
1458604800.0,1.377305269241333,12.214698791503906
1458626400.0,1.3746415376663208,11.051124572753906
1458648000.0,1.9762294292449951,7.624855041503906
1458669600.0,1.929203987121582,7.973487854003906
1458691200.0,1.6740880012512207,16.107276916503906
1458712800.0,1.4945008754730225,15.627784729003906
1458734400.0,1.3952984809875488,14.863136291503906
1458756000.0,1.3550838232040405,14.487648010253906
1458777600.0,1.3164446353912354,14.182472229003906
1458799200.0,1.2880003452301025,13.812355041503906
1458820800.0,1.34071683883667,14.030128479003906
1458842400.0,1.2899998426437378,13.835792541503906
1458864000.0,1.2585015296936035,14.251319885253906
1458885600.0,1.2799193859100342,14.573585510253906
1458907200.0,1.308354139328003,14.403663635253906
1458928800.0,1.3381435871124268,14.120460510253906
1458950400.0,1.300743818283081,13.507179260253906
1458972000.0,1.262865424156189,13.155128479003906
1458993600.0,1.1983966827392578,12.543312072753906
1459015200.0,1.153787612915039,12.055519104003906
1459036800.0,1.133330225944519,11.801124572753906
1459058400.0,1.1726534366607666,11.932472229003906
1459080000.0,1.1183950901031494,17.700050354003906
1459101600.0,1.1067237854003906,17.217628479003906
1459123200.0,1.0806217193603516,16.531593322753906
1459144800.0,1.0625325441360474,16.118507385253906
1459166400.0,1.0172879695892334,15.579933166503906
1459188000.0,0.97327721118927,14.857276916503906
1459209600.0,1.0204293727874756,14.922218322753906
1459231200.0,0.9234068989753723,14.007667541503906
1459252800.0,0.8891891241073608,13.606788635253906
1459274400.0,0.8628710508346558,13.390968322753906
1459296000.0,0.8536586761474609,13.237648010253906
1459317600.0,0.8850066065788269,13.186378479003906
1459339200.0,0.8858869075775146,12.982276916503906
1459360800.0,0.8996777534484863,12.694190979003906
1459382400.0,0.9156801700592041,12.513038635253906
1459404000.0,0.9256290793418884,12.177101135253906
1459425600.0,0.9927610158920288,13.041358947753906
1459447200.0,0.961514949798584,14.249855041503906
1459468800.0,0.8382431268692017,13.586280822753906
1459490400.0,0.8480492234230042,13.611183166503906
1459512000.0,0.8767804503440857,13.963722229003906
1459533600.0,0.9012940526008606,14.244483947753906
1459555200.0,0.921099066734314,14.205421447753906
1459576800.0,0.8997601270675659,13.879249572753906
1459598400.0,0.8875086903572083,13.785987854003906
1459620000.0,0.9106865525245667,13.726905822753906
1459641600.0,0.9122045040130615,13.319190979003906
1459663200.0,0.9765050411224365,15.955421447753906
1459684800.0,1.1630756855010986,16.411476135253906
1459706400.0,1.3478609323501587,16.097023010253906
1459728000.0,1.5260767936706543,15.785987854003906
1459749600.0,1.5266234874725342,14.995460510253906
1459771200.0,1.4488149881362915,14.349952697753906
1459792800.0,1.3656868934631348,13.680030822753906
1459814400.0,1.3415859937667847,13.532081604003906
1459836000.0,1.3156001567840576,13.473976135253906
1459857600.0,1.2865922451019287,13.364601135253906
1459879200.0,1.237620234489441,13.191749572753906
1459900800.0,1.17989182472229,12.991554260253906
1459922400.0,1.1513164043426514,12.703468322753906
1459944000.0,1.1126341819763184,12.605323791503906
1459965600.0,1.0862876176834106,12.516944885253906
1459987200.0,1.1017320156097412,12.513038635253906
1460008800.0,1.1178560256958008,12.138038635253906
1460030400.0,1.113981008529663,11.354347229003906
1460052000.0,1.096134901046753,16.118019104003906
1460073600.0,1.1066874265670776,15.772804260253906
1460095200.0,1.144439458847046,14.808937072753906
1460116800.0,1.2125728130340576,14.353858947753906
1460138400.0,1.2939000129699707,13.537452697753906
1460160000.0,1.3195782899856567,13.255714416503906
1460181600.0,1.281830072402954,12.987159729003906
1460203200.0,1.2253689765930176,12.472023010253906
1460224800.0,1.17177152633667,12.129737854003906
1460246400.0,1.1215156316757202,11.722511291503906
1460268000.0,1.100276231765747,14.833839416503906
1460289600.0,1.0894553661346436,14.648780822753906
1460311200.0,1.0387582778930664,14.023292541503906
1460332800.0,1.0313596725463867,13.649757385253906
1460354400.0,1.0418424606323242,13.602882385253906
1460376000.0,1.0469626188278198,13.506690979003906
1460397600.0,1.0628280639648438,13.400245666503906
1460419200.0,1.0775234699249268,13.197608947753906
1460440800.0,1.125079870223999,12.948097229003906
1460462400.0,1.2375500202178955,12.641944885253906
1460484000.0,1.1779366731643677,12.305519104003906
1460505600.0,1.086019515991211,12.059913635253906
1460527200.0,1.0777572393417358,11.888526916503906
1460548800.0,1.1356089115142822,16.069190979003906
1460570400.0,1.1738861799240112,15.842628479003906
1460592000.0,1.2081609964370728,15.286964416503906
1460613600.0,1.1984283924102783,14.832374572753906
1460635200.0,1.2148576974868774,14.410987854003906
1460656800.0,1.1716575622558594,13.756202697753906
1460678400.0,1.144324541091919,13.402198791503906
1460700000.0,1.1365827322006226,13.123390197753906
1460721600.0,1.2111533880233765,17.284034729003906
1460743200.0,1.3673979043960571,17.440284729003906
1460764800.0,1.437227487564087,16.552589416503906
1460786400.0,1.438186764717102,15.901222229003906
1460808000.0,1.4365745782852173,15.472511291503906
1460829600.0,1.4249510765075684,15.366554260253906
1460851200.0,1.4035285711288452,15.016944885253906
1460872800.0,1.403242826461792,14.705909729003906
1460894400.0,1.3315476179122925,14.461280822753906
1460916000.0,1.3172165155410767,14.211769104003906
1460937600.0,1.233058214187622,13.853858947753906
1460959200.0,1.1900866031646729,13.657569885253906
1460980800.0,1.083327054977417,13.362648010253906
1461002400.0,1.0590283870697021,13.389015197753906
1461024000.0,1.0884110927581787,13.545265197753906
1461045600.0,1.1486819982528687,13.516944885253906
1461067200.0,1.2421083450317383,13.325538635253906
1461088800.0,1.2347326278686523,13.021339416503906
1461110400.0,1.1863393783569336,12.651710510253906
1461132000.0,1.1364343166351318,12.358253479003906
1461153600.0,1.0842585563659668,11.931007385253906
1461175200.0,1.1094892024993896,15.883644104003906
1461196800.0,1.1293821334838867,15.304542541503906
1461218400.0,1.1449320316314697,14.756202697753906
1461240000.0,1.1433024406433105,14.587257385253906
1461261600.0,1.1605637073516846,14.395362854003906
1461283200.0,1.2638797760009766,14.146339416503906
1461304800.0,1.2483307123184204,14.036476135253906
1461326400.0,1.2815704345703125,14.462257385253906
1461348000.0,1.259148359298706,14.426612854003906
1461369600.0,1.2480555772781372,14.299659729003906
1461391200.0,1.2628556489944458,14.662452697753906
1461412800.0,1.2999359369277954,15.782569885253906
1461434400.0,1.3624963760375977,15.500831604003906
1461456000.0,1.4315426349639893,14.912452697753906
1461477600.0,1.443157434463501,14.507667541503906
1461499200.0,1.3557274341583252,13.950538635253906
1461520800.0,1.2796287536621094,13.525733947753906
1461542400.0,1.2273144721984863,13.332862854003906
1461564000.0,1.2296903133392334,13.554542541503906
1461585600.0,1.2831982374191284,15.514015197753906
1461607200.0,1.3244237899780273,14.920753479003906
1461628800.0,1.3383924961090088,14.524757385253906
1461650400.0,1.3111536502838135,13.906593322753906
1461672000.0,1.4731976985931396,13.826026916503906
1461693600.0,1.668290615081787,17.625343322753906
1461715200.0,1.817704200744629,16.825050354003906
1461736800.0,1.8131873607635498,15.925636291503906
1461758400.0,1.7439401149749756,14.934913635253906
1461780000.0,1.6438713073730469,14.356300354003906
1461801600.0,1.4239047765731812,13.223976135253906
1461823200.0,1.3184394836425781,12.546241760253906
1461844800.0,1.2582924365997314,12.248390197753906
1461866400.0,1.2381048202514648,12.199073791503906
1461888000.0,1.312670350074768,12.777687072753906
1461909600.0,1.3686892986297607,13.192726135253906
1461931200.0,1.3417470455169678,12.974464416503906
1461952800.0,1.2902779579162598,12.547218322753906
1461974400.0,1.241696834564209,12.365577697753906
1461996000.0,1.214595079421997,12.268409729003906
1462017600.0,1.1945993900299072,12.039405822753906
1462039200.0,1.2030744552612305,11.753761291503906
1462060800.0,1.2059738636016846,17.527687072753906
1462082400.0,1.2694368362426758,16.631690979003906
1462104000.0,1.2484805583953857,16.048194885253906
1462125600.0,1.2111635208129883,15.609718322753906
1462147200.0,1.2650871276855469,15.193214416503906
1462168800.0,1.3091609477996826,14.807472229003906
1462190400.0,1.3876559734344482,14.734230041503906
1462212000.0,1.425925850868225,14.777687072753906
1462233600.0,1.4346271753311157,14.537452697753906
1462255200.0,1.5115900039672852,14.510597229003906
1462276800.0,1.4267542362213135,13.835792541503906
1462298400.0,1.4242435693740845,13.688819885253906
1462320000.0,1.4792673587799072,17.352882385253906
1462341600.0,1.513646125793457,17.235206604003906
1462363200.0,1.51949143409729,17.318702697753906
1462384800.0,1.4838504791259766,17.557472229003906
1462406400.0,1.4659186601638794,17.570167541503906
1462428000.0,1.456467628479004,17.305030822753906
1462449600.0,1.4290986061096191,16.549171447753906
1462471200.0,1.4071166515350342,16.066749572753906
1462492800.0,1.7726101875305176,17.415870666503906
1462514400.0,1.5357003211975098,15.927101135253906
1462536000.0,1.4221315383911133,15.000343322753906
1462557600.0,1.3680564165115356,14.643409729003906
1462579200.0,1.3233256340026855,14.372413635253906
1462600800.0,1.2938525676727295,14.045753479003906
1462622400.0,1.2999845743179321,13.858253479003906
1462644000.0,1.2993028163909912,13.718605041503906
1462665600.0,1.3231868743896484,13.630714416503906
1462687200.0,1.3845429420471191,13.255226135253906
1462708800.0,1.364546537399292,12.900245666503906
1462730400.0,1.3494689464569092,11.769874572753906
1462752000.0,1.4228975772857666,11.179054260253906
1462773600.0,1.4135431051254272,10.676124572753906
1462795200.0,1.362318515777588,10.283058166503906
1462816800.0,1.2941582202911377,9.993995666503906
1462838400.0,1.234185814857483,14.372901916503906
1462860000.0,1.215579628944397,14.075538635253906
1462881600.0,1.2752265930175781,13.860694885253906
1462903200.0,1.268851637840271,13.424659729003906
1462924800.0,1.2325775623321533,12.942726135253906
1462946400.0,1.1967856884002686,12.128273010253906
1462968000.0,1.1531150341033936,14.683937072753906
1462989600.0,1.1459646224975586,14.866065979003906
1463011200.0,1.2379287481307983,14.922706604003906
1463032800.0,1.2435259819030762,14.647804260253906
1463054400.0,1.2084598541259766,13.862648010253906
1463076000.0,1.183976650238037,13.383644104003906
1463097600.0,1.146697759628296,13.097511291503906
1463119200.0,1.1774852275848389,13.080909729003906
1463140800.0,1.1359459161758423,12.922218322753906
1463162400.0,1.1380870342254639,12.738624572753906
1463184000.0,1.1854243278503418,13.249855041503906
1463205600.0,1.2224727869033813,14.465187072753906
1463227200.0,1.2494332790374756,15.092140197753906
1463248800.0,1.4037153720855713,15.247901916503906
1463270400.0,1.5100603103637695,14.823097229003906
1463292000.0,1.626693844795227,14.701515197753906
1463313600.0,1.8051023483276367,17.144874572753906
1463335200.0,1.919042944908142,16.553077697753906
1463356800.0,2.068000316619873,16.394874572753906
1463378400.0,2.1864662170410156,16.459327697753906
1463400000.0,2.160177707672119,16.153663635253906
1463421600.0,2.061936378479004,15.793800354003906
1463443200.0,1.9401192665100098,15.127296447753906
1463464800.0,1.86625075340271,14.825782775878906
1463486400.0,1.727921962738037,14.422218322753906
1463508000.0,1.8097782135009766,14.879737854003906
1463529600.0,1.8835349082946777,14.990577697753906
1463551200.0,1.8610762357711792,14.801124572753906
1463572800.0,1.79215669631958,14.589942932128906
1463594400.0,1.67901611328125,14.255714416503906
1463616000.0,1.5476603507995605,13.609230041503906
1463637600.0,1.4974775314331055,13.357276916503906
1463659200.0,1.4390161037445068,15.732276916503906
1463680800.0,1.4644033908843994,15.805030822753906
1463702400.0,1.5503756999969482,15.781105041503906
1463724000.0,1.5900845527648926,15.265480041503906
1463745600.0,1.6416611671447754,14.989112854003906
1463767200.0,1.5279632806777954,14.350440979003906
1463788800.0,1.4878308773040771,13.906593322753906
1463810400.0,1.4513509273529053,13.655128479003906
1463832000.0,1.4110939502716064,13.496925354003906
1463853600.0,1.4133301973342896,13.883644104003906
1463875200.0,1.4216948747634888,14.448585510253906
1463896800.0,1.5125854015350342,14.555030822753906
1463918400.0,1.5009956359863281,14.281593322753906
1463940000.0,1.457489013671875,13.991554260253906
1463961600.0,1.4127252101898193,13.737648010253906
1463983200.0,1.4978768825531006,15.735694885253906
1464004800.0,1.590273141860962,15.516456604003906
1464026400.0,1.770693302154541,15.087257385253906
1464048000.0,1.9003770351409912,14.767433166503906
1464069600.0,1.955959677696228,14.522315979003906
1464091200.0,1.9134321212768555,14.150733947753906
1464112800.0,1.812096357345581,13.650245666503906
1464134400.0,1.7812567949295044,13.480567932128906
1464156000.0,1.5859284400939941,13.028175354003906
1464177600.0,1.4152162075042725,12.336769104003906
1464199200.0,1.3316888809204102,12.034034729003906
1464220800.0,1.200384259223938,11.394874572753906
1464242400.0,1.170019268989563,11.161476135253906
1464264000.0,1.173384428024292,15.684425354003906
1464285600.0,1.324475884437561,15.831886291503906
1464307200.0,1.5926930904388428,15.609718322753906
1464328800.0,1.75831937789917,15.101905822753906
1464350400.0,1.7575972080230713,14.644874572753906
1464372000.0,1.7164154052734375,14.368995666503906
1464393600.0,1.7017581462860107,14.271339416503906
1464415200.0,1.6557716131210327,14.068702697753906
1464436800.0,1.6017746925354004,13.751808166503906
1464458400.0,1.5568498373031616,13.451026916503906
1464480000.0,1.556173324584961,13.287940979003906
1464501600.0,1.5707261562347412,19.924659729003906
1464523200.0,1.800495982170105,19.505226135253906
1464544800.0,2.1575217247009277,18.899757385253906
1464566400.0,2.3525543212890625,17.964210510253906
1464588000.0,2.3722095489501953,17.333839416503906
1464609600.0,2.2693731784820557,16.526222229003906
1464631200.0,2.0896947383880615,15.924171447753906
1464652800.0,1.911740779876709,15.085304260253906
1464674400.0,1.765167236328125,14.532081604003906
1464696000.0,1.6818044185638428,14.251319885253906
1464717600.0,1.651993751525879,13.961280822753906
1464739200.0,1.6506524085998535,13.537452697753906
1464760800.0,1.7504289150238037,19.444679260253906
1464782400.0,2.0050857067108154,19.026710510253906
1464804000.0,2.283677577972412,18.216163635253906
1464825600.0,2.358806610107422,17.693214416503906
1464847200.0,2.2511327266693115,17.028175354003906
1464868800.0,2.1633734703063965,16.369483947753906
1464890400.0,2.0679826736450195,15.878273010253906
1464912000.0,2.074277639389038,15.727882385253906
1464933600.0,2.1054625511169434,15.760597229003906
1464955200.0,2.0721099376678467,15.442726135253906
1464976800.0,1.9848544597625732,15.011573791503906
1464998400.0,1.9536882638931274,14.885597229003906
1465020000.0,1.9718396663665771,15.119483947753906
1465041600.0,2.00968599319458,15.754249572753906
1465063200.0,2.0149550437927246,15.776222229003906
1465084800.0,1.9831336736679077,15.441749572753906
1465106400.0,1.8701040744781494,14.941261291503906
1465128000.0,1.74261474609375,14.615577697753906
1465149600.0,1.7042474746704102,14.353370666503906
1465171200.0,1.7806379795074463,14.232765197753906
1465192800.0,1.8714842796325684,14.177101135253906
1465214400.0,1.8859357833862305,14.042823791503906
1465236000.0,1.7940765619277954,13.685401916503906
1465257600.0,1.6163870096206665,13.220069885253906
1465279200.0,1.5270404815673828,12.980323791503906
1465300800.0,1.4736285209655762,12.217140197753906
1465322400.0,1.6031687259674072,20.272315979003906
1465344000.0,1.9025382995605469,19.682960510253906
1465365600.0,2.246107339859009,19.080421447753906
1465387200.0,2.547238826751709,18.318214416503906
1465408800.0,2.6166415214538574,17.651222229003906
1465430400.0,2.599318504333496,16.893409729003906
1465452000.0,2.539384365081787,16.245948791503906
1465473600.0,2.4060466289520264,15.878273010253906
1465495200.0,2.215308904647827,15.182472229003906
1465516800.0,2.314784526824951,15.603370666503906
1465538400.0,1.9352905750274658,14.363624572753906
1465560000.0,1.6766541004180908,13.635597229003906
1465581600.0,1.4938814640045166,13.278175354003906
1465603200.0,1.3474595546722412,12.955421447753906
1465624800.0,1.249316692352295,12.250343322753906
1465646400.0,1.2192087173461914,12.004737854003906
1465668000.0,1.1533981561660767,11.594093322753906
1465689600.0,1.1299076080322266,11.493507385253906
1465711200.0,1.0569038391113281,14.281593322753906
1465732800.0,1.0256351232528687,13.910499572753906
1465754400.0,1.0314934253692627,13.655616760253906
1465776000.0,1.0244673490524292,13.472023010253906
1465797600.0,0.9715498089790344,13.213722229003906
1465819200.0,0.9499994516372681,12.767921447753906
1465840800.0,1.0027844905853271,17.284034729003906
1465862400.0,1.1117360591888428,16.170753479003906
1465884000.0,1.2507615089416504,15.396339416503906
1465905600.0,1.343948245048523,14.883644104003906
1465927200.0,1.40757417678833,14.670265197753906
1465948800.0,1.4262709617614746,14.493995666503906
1465970400.0,1.4567044973373413,14.555030822753906
1465992000.0,1.4577064514160156,14.472999572753906
1466013600.0,1.438528060913086,14.313819885253906
1466035200.0,1.4193494319915771,14.086280822753906
1466056800.0,1.4425551891326904,19.156105041503906
1466078400.0,1.4914636611938477,18.498390197753906
1466100000.0,1.511612892150879,17.777687072753906
1466121600.0,1.5136308670043945,17.322608947753906
1466143200.0,1.5119374990463257,16.478370666503906
1466164800.0,1.6323906183242798,16.074562072753906
1466186400.0,1.963815689086914,15.886085510253906
1466208000.0,1.765880823135376,15.750343322753906
1466229600.0,1.6285855770111084,15.384620666503906
1466251200.0,1.6282118558883667,15.674659729003906
1466272800.0,1.512211799621582,15.303077697753906
1466294400.0,1.4678318500518799,15.072120666503906
1466316000.0,1.4134106636047363,14.706886291503906
1466337600.0,1.3503657579421997,14.275733947753906
1466359200.0,1.3211956024169922,13.839210510253906
1466380800.0,1.3159942626953125,13.580421447753906
1466402400.0,1.2702480554580688,13.397315979003906
1466424000.0,1.2227451801300049,13.190284729003906
1466445600.0,1.2055902481079102,12.952980041503906
1466467200.0,1.1869300603866577,12.570167541503906
1466488800.0,1.168506383895874,12.352394104003906
1466510400.0,1.1243308782577515,12.064308166503906
1466532000.0,1.112389087677002,11.862159729003906
1466553600.0,1.1543567180633545,11.930030822753906
1466575200.0,1.187885046005249,12.361183166503906
1466596800.0,1.276771068572998,13.183937072753906
1466618400.0,1.305225133895874,13.111671447753906
1466640000.0,1.3343852758407593,12.762550354003906
1466661600.0,1.3836500644683838,12.550636291503906
1466683200.0,1.4970179796218872,12.672218322753906
1466704800.0,1.5680491924285889,12.635597229003906
1466726400.0,1.5790958404541016,12.423194885253906
1466748000.0,1.5338611602783203,12.079933166503906
1466769600.0,1.5844531059265137,12.185890197753906
1466791200.0,1.4876947402954102,16.111671447753906
1466812800.0,1.5348849296569824,16.243507385253906
1466834400.0,1.5474807024002075,16.001808166503906
1466856000.0,1.5166704654693604,15.455909729003906
1466877600.0,1.474784016609192,14.835304260253906
1466899200.0,1.411540150642395,14.450050354003906
1466920800.0,1.364314317703247,14.005226135253906
1466942400.0,1.3902523517608643,13.495460510253906
1466964000.0,1.3625550270080566,13.160499572753906
1466985600.0,1.3421082496643066,12.875831604003906
1467007200.0,1.368955373764038,19.202491760253906
1467028800.0,1.4045672416687012,17.852882385253906
1467050400.0,1.6558127403259277,17.938331604003906
1467072000.0,1.9247448444366455,17.653663635253906
1467093600.0,2.03314471244812,16.975440979003906
1467115200.0,2.00460147857666,16.004737854003906
1467136800.0,1.8498284816741943,15.052589416503906
1467158400.0,1.9414584636688232,15.247413635253906
1467180000.0,1.613134503364563,14.099464416503906
1467201600.0,1.4411609172821045,13.389503479003906
1467223200.0,1.320447325706482,13.037452697753906
1467244800.0,1.2353029251098633,12.825050354003906
1467266400.0,1.1972651481628418,12.827980041503906
1467288000.0,1.2053048610687256,13.051124572753906
1467309600.0,1.2394962310791016,13.105323791503906
1467331200.0,1.3550832271575928,13.076515197753906
1467352800.0,1.4246087074279785,18.059425354003906
1467374400.0,1.4989557266235352,17.718605041503906
1467396000.0,1.605817437171936,17.452491760253906
1467417600.0,1.5880992412567139,16.421241760253906
1467439200.0,1.6686820983886719,15.976417541503906
1467460800.0,1.7489197254180908,15.805519104003906
1467482400.0,1.7773300409317017,15.484718322753906
1467504000.0,1.7446441650390625,14.972511291503906
1467525600.0,1.6802024841308594,14.574073791503906
1467547200.0,1.629905343055725,14.124855041503906
1467568800.0,1.6515617370605469,18.334815979003906
1467590400.0,1.716038465499878,17.769386291503906
1467612000.0,1.7580268383026123,17.258155822753906
1467633600.0,1.7969024181365967,16.578956604003906
1467655200.0,1.748793125152588,16.069679260253906
1467676800.0,1.712472677230835,15.674171447753906
1467698400.0,1.6466329097747803,15.061378479003906
1467720000.0,1.593360185623169,14.737648010253906
1467741600.0,1.5480109453201294,14.477394104003906
1467763200.0,1.4925320148468018,14.148780822753906
1467784800.0,1.379526138305664,13.499366760253906
1467806400.0,1.296634554862976,13.195655822753906
1467828000.0,1.2331960201263428,13.002784729003906
1467849600.0,1.1783628463745117,12.796241760253906
1467871200.0,1.1735507249832153,12.414405822753906
1467892800.0,1.1382513046264648,18.295753479003906
1467914400.0,1.1585114002227783,17.687843322753906
1467936000.0,1.2317380905151367,17.155616760253906
1467957600.0,1.297149419784546,16.583351135253906
1467979200.0,1.38319993019104,16.274757385253906
1468000800.0,1.4728765487670898,15.910011291503906
1468022400.0,1.4374268054962158,15.347511291503906
1468044000.0,1.39992356300354,15.061378479003906
1468065600.0,1.4106202125549316,14.989112854003906
1468087200.0,1.4533090591430664,14.909523010253906
1468108800.0,1.431102991104126,14.831886291503906
1468130400.0,1.4303975105285645,14.699073791503906
1468152000.0,1.6976299285888672,15.498390197753906
1468173600.0,1.7332816123962402,15.159034729003906
1468195200.0,1.7381939888000488,14.471046447753906
1468216800.0,1.7972149848937988,14.018898010253906
1468238400.0,1.7618937492370605,13.482765197753906
1468260000.0,1.9312938451766968,13.644874572753906
1468281600.0,1.8312957286834717,13.377784729003906
1468303200.0,1.7721762657165527,13.453956604003906
1468324800.0,1.6975221633911133,13.735206604003906
1468346400.0,1.6131552457809448,13.459327697753906
1468368000.0,1.5628931522369385,13.123878479003906
1468389600.0,1.5203644037246704,12.613624572753906
1468411200.0,1.5642259120941162,17.615577697753906
1468432800.0,1.5053367614746094,16.826026916503906
1468454400.0,1.4382197856903076,16.209815979003906
1468476000.0,1.4471399784088135,16.105812072753906
1468497600.0,1.3795080184936523,15.821144104003906
1468519200.0,1.317838191986084,15.093116760253906
1468540800.0,1.3477180004119873,14.892433166503906
1468562400.0,1.1665661334991455,13.913429260253906
1468584000.0,1.073885440826416,13.435890197753906
1468605600.0,1.0242300033569336,13.092628479003906
1468627200.0,1.019456386566162,12.680519104003906
1468648800.0,1.1574711799621582,16.851905822753906
1468670400.0,1.571134090423584,17.353858947753906
1468692000.0,2.1613683700561523,17.451026916503906
1468713600.0,2.486135482788086,17.068214416503906
1468735200.0,2.436593532562256,16.299659729003906
1468756800.0,2.2060494422912598,15.728370666503906
1468778400.0,1.9995121955871582,14.977882385253906
1468800000.0,1.9455362558364868,14.754737854003906
1468821600.0,2.0454578399658203,15.048683166503906
1468843200.0,2.16937255859375,15.690773010253906
1468864800.0,2.286868095397949,15.472999572753906
1468886400.0,2.486586809158325,15.573585510253906
1468908000.0,2.7215378284454346,15.695167541503906
1468929600.0,2.6873204708099365,15.599464416503906
1468951200.0,2.611443042755127,15.336524963378906
1468972800.0,2.4615068435668945,15.134132385253906
1468994400.0,2.2843008041381836,15.000343322753906
1469016000.0,2.178065299987793,14.966651916503906
1469037600.0,1.9801971912384033,14.614356994628906
1469059200.0,1.8400635719299316,14.219093322753906
1469080800.0,1.64302396774292,13.639503479003906
1469102400.0,1.5432209968566895,13.497169494628906
1469124000.0,1.5102986097335815,13.320899963378906
1469145600.0,1.5213994979858398,13.157325744628906
1469167200.0,1.5623114109039307,12.921485900878906
1469188800.0,1.5899875164031982,12.338722229003906
1469210400.0,1.621026873588562,15.883644104003906
1469232000.0,1.6687719821929932,15.700538635253906
1469253600.0,1.7457079887390137,15.004737854003906
1469275200.0,1.7681584358215332,14.368507385253906
1469296800.0,1.9729706048965454,14.383155822753906
1469318400.0,2.0224006175994873,14.270851135253906
1469340000.0,1.965682029724121,13.990089416503906
1469361600.0,1.9383862018585205,13.564308166503906
1469383200.0,1.9886794090270996,13.686866760253906
1469404800.0,2.0201034545898438,14.154640197753906
1469426400.0,1.8917317390441895,14.305030822753906
1469448000.0,1.7749168872833252,14.297706604003906
1469469600.0,1.742792010307312,14.443702697753906
1469491200.0,1.7136244773864746,14.144386291503906
1469512800.0,1.6718640327453613,13.986183166503906
1469534400.0,1.5617585182189941,15.735694885253906
1469556000.0,1.626127004623413,15.714210510253906
1469577600.0,1.5798988342285156,15.639503479003906
1469599200.0,1.501263976097107,15.667335510253906
1469620800.0,1.4413738250732422,16.345069885253906
1469642400.0,1.459952712059021,17.542335510253906
1469664000.0,1.5069284439086914,17.445655822753906
1469685600.0,1.4885239601135254,16.670753479003906
1469707200.0,1.4249467849731445,15.974952697753906
1469728800.0,1.4007091522216797,15.396339416503906
1469750400.0,1.3510351181030273,14.877784729003906
1469772000.0,1.2883632183074951,14.537452697753906
1469793600.0,1.3704020977020264,14.650245666503906
1469815200.0,1.4481842517852783,14.505714416503906
1469836800.0,1.4592516422271729,14.374855041503906
1469858400.0,1.40054190158844,14.057960510253906
1469880000.0,1.3733035326004028,13.980323791503906
1469901600.0,1.4014625549316406,16.014991760253906
1469923200.0,1.5387141704559326,16.517433166503906
1469944800.0,1.3607604503631592,15.612648010253906
1469966400.0,1.286394715309143,14.744483947753906
1469988000.0,1.4159822463989258,17.697608947753906
1470009600.0,1.5578317642211914,17.375831604003906
1470031200.0,1.8147521018981934,17.009132385253906
1470052800.0,2.1977829933166504,16.546730041503906
1470074400.0,2.503448247909546,16.340187072753906
1470096000.0,2.4818854331970215,16.386085510253906
1470117600.0,2.4655354022979736,16.450050354003906
1470139200.0,2.6218454837799072,16.300636291503906
1470160800.0,2.594264030456543,15.947120666503906
1470182400.0,2.3953325748443604,15.233253479003906
1470204000.0,2.2559878826141357,14.808448791503906
1470225600.0,2.105276346206665,14.390480041503906
1470247200.0,2.0562875270843506,14.015968322753906
1470268800.0,1.9398128986358643,13.796730041503906
1470290400.0,1.7791794538497925,13.517433166503906
1470312000.0,1.6462231874465942,13.268409729003906
1470333600.0,1.5584657192230225,12.934913635253906
1470355200.0,1.5072903633117676,15.953468322753906
1470376800.0,1.470520257949829,15.675148010253906
1470398400.0,1.5178557634353638,15.306495666503906
1470420000.0,1.4822332859039307,14.850929260253906
1470441600.0,1.4590528011322021,14.568702697753906
1470463200.0,1.363808512687683,13.973976135253906
1470484800.0,1.3834577798843384,13.876808166503906
1470506400.0,1.4348235130310059,14.324073791503906
1470528000.0,1.469151258468628,14.376808166503906
1470549600.0,1.5511603355407715,14.252784729003906
1470571200.0,1.6564428806304932,14.165870666503906
1470592800.0,1.7090121507644653,13.921241760253906
1470614400.0,1.7015286684036255,13.722511291503906
1470636000.0,1.7254807949066162,13.672706604003906
1470657600.0,1.7968310117721558,13.737648010253906
1470679200.0,1.8282058238983154,14.103858947753906
1470700800.0,1.8764933347702026,15.745948791503906
1470722400.0,1.867666244506836,15.236671447753906
1470744000.0,1.8536293506622314,14.768409729003906
1470765600.0,1.8093795776367188,14.306495666503906
1470787200.0,1.8612134456634521,14.035011291503906
1470808800.0,1.8251831531524658,13.834815979003906
1470830400.0,1.8519254922866821,14.177101135253906
1470852000.0,1.7832854986190796,13.936378479003906
1470873600.0,1.6833757162094116,13.597023010253906
1470895200.0,1.6034202575683594,13.353370666503906
1470916800.0,1.6669726371765137,13.454933166503906
1470938400.0,1.553969144821167,13.119483947753906
1470960000.0,1.487527847290039,12.817726135253906
1470981600.0,1.4609756469726562,12.777931213378906
1471003200.0,1.5561511516571045,14.505714416503906
1471024800.0,1.566690444946289,14.306983947753906
1471046400.0,1.6042983531951904,9.871925354003906
1471068000.0,1.5004549026489258,9.920021057128906
1471089600.0,1.4267784357070923,9.753517150878906
1471111200.0,1.3780640363693237,9.429542541503906
1471132800.0,1.4406121969223022,17.888526916503906
1471154400.0,1.4501497745513916,17.443214416503906
1471176000.0,1.5791497230529785,16.789405822753906
1471197600.0,1.5815227031707764,16.215675354003906
1471219200.0,1.5514657497406006,15.770362854003906
1471240800.0,1.6015100479125977,15.321388244628906
1471262400.0,1.6820521354675293,16.001808166503906
1471284000.0,1.7818305492401123,16.449562072753906
1471305600.0,1.9545209407806396,16.444679260253906
1471327200.0,1.8673253059387207,15.919288635253906
1471348800.0,1.784144401550293,15.451026916503906
1471370400.0,1.726766586303711,15.111671447753906
1471392000.0,1.666396141052246,14.896827697753906
1471413600.0,1.6553606986999512,14.900245666503906
1471435200.0,1.6825294494628906,15.073341369628906
1471456800.0,1.7115437984466553,15.056495666503906
1471478400.0,1.696855902671814,14.776710510253906
1471500000.0,1.6187620162963867,14.413917541503906
1471521600.0,1.6737115383148193,14.019874572753906
1471543200.0,1.844180941581726,13.735206604003906
1471564800.0,1.7772676944732666,13.687843322753906
1471586400.0,1.6427338123321533,13.741065979003906
1471608000.0,1.6995329856872559,13.991554260253906
1471629600.0,1.7912554740905762,13.899269104003906
1471651200.0,1.9375925064086914,14.161476135253906
1471672800.0,1.8443821668624878,13.928565979003906
1471694400.0,1.6564215421676636,13.402198791503906
1471716000.0,1.5562748908996582,12.994972229003906
1471737600.0,1.4991281032562256,12.490577697753906
1471759200.0,1.3577700853347778,12.204933166503906
1471780800.0,1.4106273651123047,12.134132385253906
1471802400.0,1.459989309310913,11.786964416503906
1471824000.0,1.5178638696670532,11.313331604003906
1471845600.0,1.5435692071914673,10.986671447753906
1471867200.0,1.643578290939331,6.175636291503906
1471888800.0,1.7928686141967773,6.154640197753906
1471910400.0,1.8604481220245361,6.385108947753906
1471932000.0,1.6397597789764404,16.573585510253906
1471953600.0,1.5862946510314941,16.547706604003906
1471975200.0,1.7219183444976807,16.245948791503906
1471996800.0,1.8167715072631836,15.860206604003906
1472018400.0,1.731476902961731,15.217628479003906
1472040000.0,1.8165442943572998,15.202003479003906
1472061600.0,1.7081120014190674,14.653663635253906
1472083200.0,1.6774051189422607,14.426612854003906
1472104800.0,1.6347935199737549,14.177589416503906
1472126400.0,1.7264491319656372,13.752296447753906
1472148000.0,1.6656923294067383,13.514015197753906
1472169600.0,1.5354156494140625,13.352394104003906
1472191200.0,1.434232473373413,13.298194885253906
1472212800.0,1.3813714981079102,14.264503479003906
1472234400.0,1.4156246185302734,15.229347229003906
1472256000.0,1.5224089622497559,15.632667541503906
1472277600.0,1.6130807399749756,15.488624572753906
1472299200.0,1.6818031072616577,15.127784729003906
1472320800.0,1.658022403717041,14.703956604003906
1472342400.0,1.5980191230773926,14.294776916503906
1472364000.0,1.5577075481414795,13.878273010253906
1472385600.0,1.5359070301055908,13.649269104003906
1472407200.0,1.497570276260376,13.455909729003906
1472428800.0,1.560551404953003,13.542335510253906
1472450400.0,1.4031319618225098,12.994483947753906
1472472000.0,1.3400828838348389,12.496925354003906
1472493600.0,1.371885061264038,12.564796447753906
1472515200.0,1.424269676208496,14.552589416503906
1472536800.0,1.491316318511963,14.528663635253906
1472558400.0,1.6655070781707764,14.560890197753906
1472580000.0,1.6382999420166016,13.989112854003906
1472601600.0,1.622380256652832,13.476417541503906
1472623200.0,1.6200757026672363,18.750343322753906
1472644800.0,1.6261720657348633,17.851905822753906
1472666400.0,1.6074612140655518,17.229347229003906
1472688000.0,1.6120492219924927,16.535499572753906
1472709600.0,1.557098150253296,16.034523010253906
1472731200.0,1.5266783237457275,15.543312072753906
1472752800.0,1.5878740549087524,15.196632385253906
1472774400.0,1.5669894218444824,14.983741760253906
1472796000.0,1.6407983303070068,15.281105041503906
1472817600.0,1.7125604152679443,15.195655822753906
1472839200.0,1.7982850074768066,14.989112854003906
1472860800.0,1.7873287200927734,14.723976135253906
1472882400.0,1.7253456115722656,14.488624572753906
1472904000.0,1.6672704219818115,14.160011291503906
1472925600.0,1.7029223442077637,14.818702697753906
1472947200.0,1.8917796611785889,17.181007385253906
1472968800.0,2.0229012966156006,17.282569885253906
1472990400.0,2.036543130874634,16.560890197753906
1473012000.0,1.9895832538604736,16.147804260253906
1473033600.0,1.9136977195739746,15.934913635253906
1473055200.0,1.8342866897583008,15.725929260253906
1473076800.0,1.7840969562530518,15.448585510253906
1473098400.0,1.7139155864715576,14.988136291503906
1473120000.0,1.6796046495437622,14.746925354003906
1473141600.0,1.6674907207489014,14.541847229003906
1473163200.0,1.6743401288986206,14.397315979003906
1473184800.0,1.7188000679016113,14.971534729003906
1473206400.0,1.7565155029296875,15.979347229003906
1473228000.0,1.7383472919464111,15.818214416503906
1473249600.0,1.6965091228485107,15.473487854003906
1473271200.0,1.6201152801513672,14.883155822753906
1473292800.0,1.5227489471435547,14.384132385253906
1473314400.0,1.47086763381958,13.870948791503906
1473336000.0,1.4644454717636108,13.531593322753906
1473357600.0,1.4928631782531738,15.666358947753906
1473379200.0,1.7544735670089722,16.161476135253906
1473400800.0,1.903120756149292,15.708839416503906
1473422400.0,2.0751404762268066,15.539894104003906
1473444000.0,2.2583870887756348,15.697120666503906
1473465600.0,2.187493085861206,15.198585510253906
1473487200.0,2.04006290435791,14.804542541503906
1473508800.0,1.9250829219818115,14.529151916503906
1473530400.0,1.834076166152954,14.332862854003906
1473552000.0,1.8236743211746216,14.456398010253906
1473573600.0,1.6625075340270996,13.995948791503906
1473595200.0,1.5441381931304932,13.592140197753906
1473616800.0,1.5335451364517212,13.479347229003906
1473638400.0,1.5292860269546509,13.486671447753906
1473660000.0,1.583956241607666,16.449562072753906
1473681600.0,1.7694907188415527,16.341651916503906
1473703200.0,1.8432189226150513,16.019386291503906
1473724800.0,1.7997291088104248,15.410987854003906
1473746400.0,1.7037615776062012,14.821632385253906
1473768000.0,1.6563851833343506,14.478370666503906
1473789600.0,1.6963074207305908,13.948585510253906
1473811200.0,1.6570820808410645,13.636573791503906
1473832800.0,1.5170685052871704,13.319190979003906
1473854400.0,1.4711260795593262,13.104835510253906
1473876000.0,1.431586503982544,12.740577697753906
1473897600.0,1.3721344470977783,12.159523010253906
1473919200.0,1.307577133178711,11.819190979003906
1473940800.0,1.289546012878418,11.408546447753906
1473962400.0,1.315277099609375,11.017433166503906
1473984000.0,1.274935007095337,10.786964416503906
1474005600.0,1.2584590911865234,16.342140197753906
1474027200.0,1.3036386966705322,16.023292541503906
1474048800.0,1.3503973484039307,15.741554260253906
1474070400.0,1.3908312320709229,15.310890197753906
1474092000.0,1.4226328134536743,14.921730041503906
1474113600.0,1.4617938995361328,14.646827697753906
1474135200.0,1.4823582172393799,14.327003479003906
1474156800.0,1.5235399007797241,13.954444885253906
1474178400.0,1.5705900192260742,17.492530822753906
1474200000.0,1.6314011812210083,16.647804260253906
1474221600.0,1.6424221992492676,16.011573791503906
1474243200.0,1.6885948181152344,15.662940979003906
1474264800.0,1.696641445159912,15.122413635253906
1474286400.0,1.8249776363372803,15.151710510253906
1474308000.0,1.7675821781158447,14.552101135253906
1474329600.0,1.7456365823745728,13.915382385253906
1474351200.0,1.664089322090149,13.386085510253906
1474372800.0,1.7008731365203857,13.079933166503906
1474394400.0,1.6389012336730957,12.459815979003906
1474416000.0,1.531036376953125,12.021339416503906
1474437600.0,1.4425349235534668,11.554542541503906
1474459200.0,1.6318705081939697,16.300636291503906
1474480800.0,1.6481549739837646,16.023780822753906
1474502400.0,1.6010243892669678,15.554054260253906
1474524000.0,1.6375406980514526,14.948097229003906
1474545600.0,1.81801176071167,14.457374572753906
1474567200.0,1.8197102546691895,14.302101135253906
1474588800.0,1.6937837600708008,13.776222229003906
1474610400.0,1.6294167041778564,13.435401916503906
1474632000.0,1.6486444473266602,13.107276916503906
1474653600.0,1.5733046531677246,12.322608947753906
1474675200.0,1.4848979711532593,10.166358947753906
1474696800.0,1.413733720779419,9.651710510253906
1474718400.0,1.4252092838287354,16.382179260253906
1474740000.0,1.4772489070892334,16.337745666503906
1474761600.0,1.5688542127609253,16.128761291503906
1474783200.0,1.665593147277832,15.839210510253906
1474804800.0,2.0479416847229004,16.073097229003906
1474826400.0,2.055924892425537,14.751808166503906
1474848000.0,2.071695566177368,14.129249572753906
1474869600.0,2.033860206604004,13.312843322753906
1474891200.0,1.9269888401031494,13.081886291503906
1474912800.0,1.7562248706817627,11.465187072753906
1474934400.0,1.6522352695465088,11.417823791503906
1474956000.0,1.6017005443572998,11.277687072753906
1474977600.0,1.5992653369903564,11.069190979003906
1474999200.0,1.736229419708252,11.006446838378906
1475020800.0,1.7388852834701538,10.973487854003906
1475042400.0,1.6885995864868164,11.060401916503906
1475064000.0,1.711108684539795,11.101417541503906
1475085600.0,1.7917739152908325,11.321144104003906
1475107200.0,1.6574907302856445,11.338233947753906
1475128800.0,1.7171545028686523,12.086769104003906
1475150400.0,1.6849724054336548,12.725440979003906
1475172000.0,1.6935750246047974,14.372901916503906
1475193600.0,1.7811875343322754,14.940284729003906
1475215200.0,1.547475814819336,14.298683166503906
1475236800.0,1.492516279220581,13.687355041503906
1475258400.0,1.4508416652679443,13.223487854003906
1475280000.0,1.4141061305999756,12.785499572753906
1475301600.0,1.3230394124984741,12.228858947753906
1475323200.0,1.421382188796997,11.885108947753906
1475344800.0,1.4421582221984863,17.685890197753906
1475366400.0,1.5123471021652222,17.311866760253906
1475388000.0,1.5590976476669312,16.683448791503906
1475409600.0,1.804840326309204,16.502784729003906
1475431200.0,1.8093135356903076,16.188331604003906
1475452800.0,1.8813633918762207,15.966163635253906
1475474400.0,1.908886432647705,15.577003479003906
1475496000.0,1.856735348701477,14.921730041503906
1475517600.0,1.8128504753112793,14.684425354003906
1475539200.0,1.8176400661468506,14.614601135253906
1475560800.0,1.81060791015625,14.519386291503906
1475582400.0,1.8030824661254883,14.372413635253906
1475604000.0,1.753894567489624,14.052101135253906
1475625600.0,1.679431676864624,13.700538635253906
1475647200.0,1.6032474040985107,13.449073791503906
1475668800.0,1.57551908493042,13.235450744628906
1475690400.0,1.551038384437561,12.913429260253906
1475712000.0,1.427134394645691,12.399757385253906
1475733600.0,1.3416351079940796,12.118507385253906
1475755200.0,1.3728797435760498,15.919288635253906
1475776800.0,1.3675092458724976,15.416358947753906
1475798400.0,1.4061834812164307,15.254249572753906
1475820000.0,1.4688053131103516,15.106788635253906
1475841600.0,1.5050880908966064,14.826515197753906
1475863200.0,1.5137207508087158,14.518409729003906
1475884800.0,1.564957618713379,14.241554260253906
1475906400.0,1.5626726150512695,13.876319885253906
1475928000.0,1.4712046384811401,13.550636291503906
1475949600.0,1.4096412658691406,13.156593322753906
1475971200.0,1.4898655414581299,12.875831604003906
1475992800.0,1.577768325805664,12.410011291503906
1476014400.0,1.628033995628357,8.984718322753906
1476036000.0,1.662175178527832,9.247413635253906
1476057600.0,1.781137228012085,14.570655822753906
1476079200.0,1.9033503532409668,14.316749572753906
1476100800.0,2.0569968223571777,13.688819885253906
1476122400.0,2.0222301483154297,13.411476135253906
1476144000.0,1.87249755859375,13.268898010253906
1476165600.0,1.785236120223999,13.189308166503906
1476187200.0,1.9810538291931152,13.304054260253906
1476208800.0,1.857432246208191,13.160011291503906
1476230400.0,1.7228422164916992,12.809913635253906
1476252000.0,1.5376031398773193,12.617042541503906
1476273600.0,1.5428043603897095,12.530616760253906
1476295200.0,1.6140670776367188,12.445167541503906
1476316800.0,1.5172172784805298,12.138038635253906
1476338400.0,1.4013409614562988,11.917335510253906
1476360000.0,1.4800961017608643,11.788429260253906
1476381600.0,1.4958677291870117,11.525245666503906
1476403200.0,1.4817392826080322,11.171241760253906
1476424800.0,1.65553617477417,5.612159729003906
1476446400.0,1.635650634765625,6.024757385253906
1476468000.0,1.3613258600234985,6.310401916503906
1476489600.0,1.3306024074554443,17.618995666503906
1476511200.0,1.2485904693603516,17.147804260253906
1476532800.0,1.405686855316162,16.451515197753906
1476554400.0,1.4684133529663086,16.151710510253906
1476576000.0,1.5981292724609375,15.982276916503906
1476597600.0,1.6090998649597168,15.382667541503906
1476619200.0,1.608241319656372,14.902687072753906
1476640800.0,1.584894061088562,14.271827697753906
1476662400.0,1.7016587257385254,14.216163635253906
1476684000.0,1.6931068897247314,13.945655822753906
1476705600.0,1.6748847961425781,13.654640197753906
1476727200.0,1.6839203834533691,13.573097229003906
1476748800.0,1.6781022548675537,13.608253479003906
1476770400.0,1.668625831604004,13.490089416503906
1476792000.0,1.6845533847808838,13.347023010253906
1476813600.0,1.6956489086151123,13.331886291503906
1476835200.0,1.6924450397491455,13.201515197753906
1476856800.0,1.5715184211730957,12.703956604003906
1476878400.0,1.503894567489624,16.529640197753906
1476900000.0,1.4636070728302002,16.338233947753906
1476921600.0,1.4396724700927734,15.981788635253906
1476943200.0,1.4059422016143799,15.354347229003906
1476964800.0,1.4061959981918335,14.872413635253906
1476986400.0,1.399350881576538,14.479347229003906
1477008000.0,1.3644554615020752,13.992042541503906
1477029600.0,1.303754210472107,13.635597229003906
1477051200.0,1.4070072174072266,13.698585510253906
1477072800.0,1.3514991998672485,13.342628479003906
1477094400.0,1.3274338245391846,13.105323791503906
1477116000.0,1.2643033266067505,12.914405822753906
1477137600.0,1.2080457210540771,12.926612854003906
1477159200.0,1.1623811721801758,12.884620666503906
1477180800.0,1.175087809562683,12.308204650878906
1477202400.0,1.1938223838806152,12.053321838378906
1477224000.0,1.207045555114746,11.947608947753906
1477245600.0,1.1581833362579346,11.988624572753906
1477267200.0,1.1142356395721436,11.936866760253906
1477288800.0,1.097660779953003,11.725440979003906
1477310400.0,1.1113111972808838,15.437355041503906
1477332000.0,1.1581989526748657,14.993995666503906
1477353600.0,1.2410521507263184,14.943702697753906
1477375200.0,1.278984546661377,14.693214416503906
1477396800.0,1.2723041772842407,14.333839416503906
1477418400.0,1.2339425086975098,13.711280822753906
1477440000.0,1.195937156677246,13.337745666503906
1477461600.0,1.1919217109680176,13.168312072753906
1477483200.0,1.172549843788147,13.042823791503906
1477504800.0,1.1595070362091064,12.731300354003906
1477526400.0,1.1812124252319336,12.301612854003906
1477548000.0,1.2319152355194092,12.101417541503906
1477569600.0,1.2878550291061401,17.902198791503906
1477591200.0,1.47893488407135,17.262550354003906
1477612800.0,1.6118885278701782,16.772315979003906
1477634400.0,1.81099534034729,16.625343322753906
1477656000.0,1.8798456192016602,16.274757385253906
1477677600.0,1.8527345657348633,15.796241760253906
1477699200.0,1.902168869972229,15.406105041503906
1477720800.0,1.779807686805725,14.792823791503906
1477742400.0,1.668091893196106,14.497901916503906
1477764000.0,1.5479274988174438,14.054054260253906
1477785600.0,1.4796960353851318,13.719093322753906
1477807200.0,1.4040392637252808,13.532081604003906
1477828800.0,1.4449512958526611,13.684425354003906
1477850400.0,1.490854024887085,14.463233947753906
1477872000.0,1.5902094841003418,14.683448791503906
1477893600.0,1.6751768589019775,14.560890197753906
1477915200.0,1.726344108581543,14.364601135253906
1477936800.0,1.627400279045105,13.939308166503906
1477958400.0,1.581074833869934,13.576026916503906
1477980000.0,1.545793056488037,13.554542541503906
1478001600.0,1.5050780773162842,13.545753479003906
1478023200.0,1.4256492853164673,13.366554260253906
1478044800.0,1.3812904357910156,13.160499572753906
1478066400.0,1.3391830921173096,12.872901916503906
1478088000.0,1.3837358951568604,12.479835510253906
1478109600.0,1.3379665613174438,12.260108947753906
1478131200.0,1.270613670349121,12.101417541503906
1478152800.0,1.2224843502044678,12.023292541503906
1478174400.0,1.22255277633667,11.951026916503906
1478196000.0,1.1595377922058105,11.564796447753906
1478217600.0,1.1317639350891113,11.270362854003906
1478239200.0,1.1133472919464111,11.041847229003906
1478260800.0,1.0920445919036865,10.786476135253906
1478282400.0,1.1017684936523438,10.330421447753906
1478304000.0,1.0961322784423828,9.939308166503906
1478325600.0,1.0730520486831665,9.727882385253906
1478347200.0,1.0729444026947021,13.478370666503906
1478368800.0,1.1397377252578735,21.352882385253906
1478390400.0,1.3056602478027344,20.738624572753906
1478412000.0,1.5098836421966553,19.715675354003906
1478433600.0,1.642423152923584,18.872421264648438
1478455200.0,1.746198296546936,17.987648010253906
1478476800.0,1.771071195602417,17.452003479003906
1478498400.0,1.743379831314087,16.657569885253906
1478520000.0,1.7301133871078491,16.278175354003906
1478541600.0,1.6861119270324707,15.988624572753906
1478563200.0,1.6615002155303955,15.676612854003906
1478584800.0,1.6592998504638672,15.346534729003906
1478606400.0,1.6845190525054932,15.206398010253906
1478628000.0,1.6983261108398438,15.099464416503906
1478649600.0,1.6625268459320068,14.876319885253906
1478671200.0,1.603823184967041,14.657569885253906
1478692800.0,1.6576448678970337,14.667823791503906
1478714400.0,1.4775224924087524,14.040870666503906
1478736000.0,1.3811299800872803,13.548194885253906
1478757600.0,1.3332314491271973,13.357765197753906
1478779200.0,1.333829641342163,13.234718322753906
1478800800.0,1.2724523544311523,13.041847229003906
1478822400.0,1.2274410724639893,12.616065979003906
1478844000.0,1.2400764226913452,12.314796447753906
1478865600.0,1.269439697265625,12.428077697753906
1478887200.0,1.344505786895752,14.171241760253906
1478908800.0,1.4369179010391235,14.028663635253906
1478930400.0,1.3638405799865723,13.785499572753906
1478952000.0,1.377732276916504,13.632179260253906
1478973600.0,1.3605700731277466,13.403663635253906
1478995200.0,1.2890734672546387,13.147315979003906
1479016800.0,1.2269809246063232,12.848487854003906
1479038400.0,1.199509620666504,12.568214416503906
1479060000.0,1.1512646675109863,12.424171447753906
1479081600.0,1.110525369644165,12.795265197753906
1479103200.0,1.0809860229492188,13.009132385253906
1479124800.0,1.108778476715088,13.043800354003906
1479146400.0,1.1528558731079102,13.071632385253906
1479168000.0,1.188232660293579,13.779640197753906
1479189600.0,1.2519712448120117,14.463722229003906
1479211200.0,1.2947301864624023,14.063819885253906
1479232800.0,1.346601963043213,13.709327697753906
1479254400.0,1.4018832445144653,13.694679260253906
1479276000.0,1.4407622814178467,15.972999572753906
1479297600.0,1.4796397686004639,15.856788635253906
1479319200.0,1.4540274143218994,15.415870666503906
1479340800.0,1.4991836547851562,15.338233947753906
1479362400.0,1.425229787826538,15.161964416503906
1479384000.0,1.4466909170150757,15.359718322753906
1479405600.0,1.537129521369934,15.156105041503906
1479427200.0,1.6065771579742432,14.810401916503906
1479448800.0,1.627716302871704,14.487159729003906
1479470400.0,1.689852237701416,14.339698791503906
1479492000.0,1.659256935119629,14.185890197753906
1479513600.0,1.5848605632781982,13.967140197753906
1479535200.0,1.4690122604370117,13.536964416503906
1479556800.0,1.4198647737503052,13.309913635253906
1479578400.0,1.3618649244308472,13.032081604003906
1479600000.0,1.3077720403671265,12.652687072753906
1479621600.0,1.2413634061813354,12.270362854003906
1479643200.0,1.235050916671753,18.202980041503906
1479664800.0,1.2595032453536987,17.729347229003906
1479686400.0,1.309890866279602,17.152687072753906
1479708000.0,1.3643970489501953,16.323585510253906
1479729600.0,1.4076476097106934,15.886573791503906
1479751200.0,1.4468836784362793,15.368019104003906
1479772800.0,1.4814577102661133,15.033058166503906
1479794400.0,1.4717254638671875,14.752296447753906
1479816000.0,1.5318663120269775,14.658546447753906
1479837600.0,1.5137441158294678,14.434913635253906
1479859200.0,1.4864952564239502,14.142921447753906
1479880800.0,1.4248418807983398,13.751319885253906
1479902400.0,1.3494772911071777,13.481788635253906
1479924000.0,1.2576898336410522,13.198097229003906
1479945600.0,1.1877933740615845,12.742530822753906
1479967200.0,1.1048771142959595,12.102394104003906
1479988800.0,1.0839195251464844,11.824073791503906
1480010400.0,1.1099424362182617,11.199073791503906
1480032000.0,1.082808017730713,10.789405822753906
1480053600.0,1.1796835660934448,10.374366760253906
1480075200.0,1.3891959190368652,7.835304260253906
1480096800.0,1.2101166248321533,7.892433166503906
1480118400.0,1.0935266017913818,16.892433166503906
1480140000.0,1.082228183746338,16.287452697753906
1480161600.0,1.1337014436721802,15.988136291503906
1480183200.0,1.241837501525879,15.676124572753906
1480204800.0,1.3831876516342163,15.147315979003906
1480226400.0,1.443245530128479,14.714698791503906
1480248000.0,1.4214179515838623,14.339210510253906
1480269600.0,1.4016004800796509,13.827003479003906
1480291200.0,1.3568274974822998,13.527198791503906
1480312800.0,1.3393611907958984,13.378761291503906
1480334400.0,1.5329934358596802,13.532081604003906
1480356000.0,1.5596444606781006,16.859230041503906
1480377600.0,1.4426352977752686,16.166358947753906
1480399200.0,1.3205037117004395,15.762062072753906
1480420800.0,1.2645070552825928,15.125343322753906
1480442400.0,1.2333455085754395,14.708595275878906
1480464000.0,1.2999873161315918,14.760108947753906
1480485600.0,1.2158126831054688,14.220069885253906
1480507200.0,1.1435904502868652,13.580909729003906
1480528800.0,1.105076551437378,13.336769104003906
1480550400.0,1.116605281829834,13.209327697753906
1480572000.0,1.2714391946792603,13.142433166503906
1480593600.0,1.638106107711792,13.226417541503906
1480615200.0,1.593441367149353,13.514991760253906
1480636800.0,1.6824533939361572,13.684425354003906
1480658400.0,1.7815229892730713,13.768898010253906
1480680000.0,1.759207010269165,13.593116760253906
1480701600.0,1.6504251956939697,13.289894104003906
1480723200.0,1.7571172714233398,13.125343322753906
1480744800.0,1.7266169786453247,12.968605041503906
1480766400.0,1.6384034156799316,5.846534729003906
1480788000.0,1.5185602903366089,12.299171447753906
1480809600.0,1.6419787406921387,5.746437072753906
1480831200.0,1.620307445526123,5.835304260253906
1480852800.0,1.7030560970306396,6.137062072753906
1480874400.0,1.6130732297897339,6.275733947753906
1480896000.0,1.6213202476501465,6.301612854003906
1480917600.0,1.563302993774414,6.373390197753906
1480939200.0,1.5756856203079224,6.695167541503906
1480960800.0,1.4389495849609375,6.485206604003906
1480982400.0,1.402684211730957,7.251319885253906
1481004000.0,1.3329025506973267,7.834815979003906
1481025600.0,1.3663146495819092,8.097511291503906
1481047200.0,1.2138171195983887,8.124855041503906
1481068800.0,1.1132817268371582,8.097023010253906
1481090400.0,0.9805316925048828,7.958351135253906
1481112000.0,0.9344705939292908,7.950050354003906
1481133600.0,0.9468543529510498,8.118507385253906
1481155200.0,1.0215364694595337,8.400245666503906
1481176800.0,1.0657036304473877,9.921730041503906
1481198400.0,1.4486476182937622,6.944679260253906
1481220000.0,1.321582555770874,10.651222229003906
1481241600.0,1.2712459564208984,10.196632385253906
1481263200.0,1.395398736000061,5.579444885253906
1481284800.0,1.382385015487671,16.820167541503906
1481306400.0,1.3484647274017334,16.153663635253906
1481328000.0,1.3587616682052612,15.634132385253906
1481349600.0,1.4796534776687622,14.905128479003906
1481371200.0,1.715328574180603,14.422706604003906
1481392800.0,1.5887597799301147,13.720558166503906
1481414400.0,1.5276343822479248,13.238136291503906
1481436000.0,1.672576665878296,12.607765197753906
1481457600.0,1.6032605171203613,12.159523010253906
1481479200.0,1.608352541923523,17.244972229003906
1481500800.0,1.6506986618041992,16.544288635253906
1481522400.0,1.636965036392212,16.106788635253906
1481544000.0,1.6853481531143188,15.720558166503906
1481565600.0,1.6803555488586426,15.160499572753906
1481587200.0,1.4354448318481445,13.999366760253906
1481608800.0,1.5016329288482666,14.159523010253906
1481630400.0,1.5426356792449951,13.892433166503906
1481652000.0,1.5255541801452637,13.621681213378906
1481673600.0,1.5177339315414429,13.357032775878906
1481695200.0,1.502622127532959,13.218849182128906
1481716800.0,1.5790371894836426,13.215431213378906
1481738400.0,1.5094727277755737,13.525733947753906
1481760000.0,1.5201692581176758,13.604103088378906
1481781600.0,1.4928069114685059,13.465187072753906
1481803200.0,1.5190021991729736,13.365089416503906
1481824800.0,1.429936170578003,13.175880432128906
1481846400.0,1.44049072265625,12.787940979003906
1481868000.0,1.4250736236572266,12.269874572753906
1481889600.0,1.7101624011993408,6.280128479003906
1481911200.0,1.600471019744873,6.646827697753906
1481932800.0,1.5494575500488281,6.849464416503906
1481954400.0,1.4682188034057617,7.098487854003906
1481976000.0,1.5989570617675781,7.082374572753906
1481997600.0,1.6235260963439941,6.873878479003906
1482019200.0,1.4725311994552612,6.739601135253906
1482040800.0,1.461399793624878,14.771339416503906
1482062400.0,1.495365858078003,14.447608947753906
1482084000.0,1.5436042547225952,5.936866760253906
1482105600.0,1.4939327239990234,6.230323791503906
1482127200.0,1.7024428844451904,6.282081604003906
1482148800.0,1.7402150630950928,6.547706604003906
1482170400.0,1.7715034484863281,6.476417541503906
1482192000.0,1.6704034805297852,6.700538635253906
1482213600.0,1.6000103950500488,6.275733947753906
1482235200.0,1.7142517566680908,6.249366760253906
1482256800.0,1.6139445304870605,6.194190979003906
1482278400.0,1.6550896167755127,14.932960510253906
1482300000.0,1.8135052919387817,14.548194885253906
1482321600.0,1.9592275619506836,6.317237854003906
1482343200.0,1.860893726348877,13.567237854003906
1482364800.0,1.9036798477172852,13.326515197753906
1482386400.0,2.0374538898468018,6.261085510253906
1482408000.0,1.937160849571228,6.312843322753906
1482429600.0,1.8061034679412842,12.292823791503906
1482451200.0,1.746917486190796,6.193214416503906
1482472800.0,1.8669154644012451,6.141944885253906
1482494400.0,1.7467820644378662,6.254249572753906
1482516000.0,1.5734975337982178,10.965675354003906
1482537600.0,1.5034399032592773,16.131202697753906
1482559200.0,1.5316112041473389,15.730812072753906
1482580800.0,1.724553108215332,15.014503479003906
1482602400.0,1.637256145477295,14.657081604003906
1482624000.0,1.64003324508667,14.304542541503906
1482645600.0,1.583653450012207,13.854347229003906
1482667200.0,1.5968425273895264,13.543800354003906
1482688800.0,1.7885737419128418,17.615577697753906
1482710400.0,2.025998592376709,17.141456604003906
1482732000.0,2.0824007987976074,16.210792541503906
1482753600.0,2.1846847534179688,15.693214416503906
1482775200.0,2.0780885219573975,14.858741760253906
1482796800.0,1.9556680917739868,14.479347229003906
1482818400.0,1.7735798358917236,13.895362854003906
1482840000.0,1.822853684425354,13.519874572753906
1482861600.0,1.637364387512207,13.258155822753906
1482883200.0,1.6929093599319458,13.001319885253906
1482904800.0,1.6023653745651245,12.700538635253906
1482926400.0,1.5471071004867554,12.433937072753906
1482948000.0,1.3767950534820557,12.213233947753906
1482969600.0,1.186338186264038,11.692237854003906
1482991200.0,1.2310419082641602,11.828956604003906
1483012800.0,1.1936452388763428,11.471534729003906
1483034400.0,1.1697940826416016,13.397804260253906
1483056000.0,1.1714932918548584,13.356788635253906
1483077600.0,1.184775710105896,13.145851135253906
1483099200.0,1.2241487503051758,12.882667541503906
1483120800.0,1.2282540798187256,12.387062072753906
1483142400.0,1.224120855331421,12.047218322753906
1483164000.0,1.2269587516784668,11.627296447753906
1483185600.0,1.264533519744873,16.371437072753906
1483207200.0,1.3003015518188477,16.004737854003906
1483228800.0,1.334808111190796,15.582862854003906
1483250400.0,1.3529741764068604,14.971534729003906
1483272000.0,1.4343221187591553,14.674659729003906
1483293600.0,1.4523446559906006,14.349952697753906
1483315200.0,1.4333211183547974,13.824073791503906
1483336800.0,1.3985543251037598,13.474464416503906
1483358400.0,1.5377767086029053,13.265480041503906
1483380000.0,1.53145170211792,13.048683166503906
1483401600.0,1.4716453552246094,12.711280822753906
1483423200.0,1.3767414093017578,12.338233947753906
1483444800.0,1.5667226314544678,12.095069885253906
1483466400.0,1.7221391201019287,8.347999572753906
1483488000.0,1.7042076587677002,9.531593322753906
1483509600.0,1.671614170074463,9.853370666503906
1483531200.0,1.5907819271087646,10.020362854003906
1483552800.0,1.5605051517486572,9.711769104003906
1483574400.0,1.451456069946289,9.192726135253906
1483596000.0,1.3310966491699219,8.526222229003906
1483617600.0,1.4360778331756592,7.962745666503906
1483639200.0,1.5008761882781982,7.668312072753906
1483660800.0,1.3677306175231934,7.732765197753906
1483682400.0,1.248528003692627,10.602394104003906
1483704000.0,1.4271092414855957,10.147804260253906
1483725600.0,1.4997495412826538,6.377296447753906
1483747200.0,1.5328369140625,6.841651916503906
1483768800.0,1.5218408107757568,14.574073791503906
1483790400.0,1.6985498666763306,14.292823791503906
1483812000.0,1.6314880847930908,13.729835510253906
1483833600.0,1.6863648891448975,7.844093322753906
1483855200.0,1.7411856651306152,8.019874572753906
1483876800.0,1.8976404666900635,7.929054260253906
1483898400.0,1.840031623840332,7.935401916503906
1483920000.0,1.680182695388794,12.882667541503906
1483941600.0,1.6126248836517334,12.595558166503906
1483963200.0,1.6926017999649048,12.533058166503906
1483984800.0,1.5585882663726807,7.610694885253906
1484006400.0,1.4867782592773438,12.021827697753906
1484028000.0,1.4472172260284424,11.757667541503906
1484049600.0,1.521205186843872,18.087745666503906
1484071200.0,1.5501525402069092,17.394874572753906
1484092800.0,1.5166215896606445,16.501319885253906
1484114400.0,1.652346134185791,16.070167541503906
1484136000.0,1.8261122703552246,15.493019104003906
1484157600.0,1.6953456401824951,14.972023010253906
1484179200.0,1.592531442642212,14.627784729003906
1484200800.0,1.6767152547836304,14.244483947753906
1484222400.0,2.0013928413391113,13.846534729003906
1484244000.0,1.9205706119537354,13.474464416503906
1484265600.0,1.7551140785217285,13.262062072753906
1484287200.0,1.6305105686187744,13.114112854003906
1484308800.0,1.5443874597549438,12.851905822753906
1484330400.0,1.6189467906951904,12.957374572753906
1484352000.0,1.487555980682373,12.297706604003906
1484373600.0,1.4729952812194824,11.826026916503906
1484395200.0,1.5252454280853271,15.828468322753906
1484416800.0,1.6438214778900146,15.119972229003906
1484438400.0,1.7027819156646729,14.684425354003906
1484460000.0,1.7658779621124268,14.331886291503906
1484481600.0,1.840062141418457,13.749855041503906
1484503200.0,1.8965234756469727,13.388038635253906
1484524800.0,1.923762321472168,13.157081604003906
1484546400.0,1.7690746784210205,12.748390197753906
1484568000.0,1.7289785146713257,12.247413635253906
1484589600.0,1.7313605546951294,11.892433166503906
1484611200.0,1.6295690536499023,11.493995666503906
1484632800.0,1.4855186939239502,17.422706604003906
1484654400.0,1.6060739755630493,16.521827697753906
1484676000.0,1.6575731039047241,15.887062072753906
1484697600.0,2.037219524383545,15.386085510253906
1484719200.0,1.945023775100708,14.933937072753906
1484740800.0,1.952656865119934,14.623390197753906
1484762400.0,1.8931291103363037,14.330421447753906
1484784000.0,1.7702748775482178,13.790382385253906
1484805600.0,1.6934932470321655,13.437355041503906
1484827200.0,1.7823927402496338,13.226905822753906
1484848800.0,1.6428864002227783,12.985694885253906
1484870400.0,1.525963544845581,12.539405822753906
1484892000.0,1.4437873363494873,12.204933166503906
1484913600.0,1.4491417407989502,11.945167541503906
1484935200.0,1.3645710945129395,11.499366760253906
1484956800.0,1.3232736587524414,11.186866760253906
1484978400.0,1.350197672843933,17.492530822753906
1485000000.0,1.4361376762390137,16.420265197753906
1485021600.0,1.4233176708221436,15.583839416503906
1485043200.0,1.4059104919433594,14.738624572753906
1485064800.0,1.395841360092163,14.217140197753906
1485086400.0,1.5156781673431396,13.568702697753906
1485108000.0,1.5450336933135986,13.270362854003906
1485129600.0,1.4412996768951416,13.090675354003906
1485151200.0,1.4295662641525269,12.912452697753906
1485172800.0,1.422487735748291,12.482276916503906
1485194400.0,1.4128944873809814,12.210304260253906
1485216000.0,1.4224486351013184,11.956398010253906
1485237600.0,1.5739891529083252,6.400245666503906
1485259200.0,1.6025471687316895,6.906105041503906
1485280800.0,1.4858067035675049,7.140968322753906
1485302400.0,1.5113940238952637,14.451515197753906
1485324000.0,1.5895700454711914,14.293312072753906
1485345600.0,1.7130682468414307,13.888038635253906
1485367200.0,1.6214008331298828,13.502296447753906
1485388800.0,1.5344185829162598,13.167823791503906
1485410400.0,1.4118757247924805,12.690773010253906
1485432000.0,1.3076133728027344,12.202003479003906
1485453600.0,1.2323081493377686,11.893409729003906
1485475200.0,1.1735767126083374,11.736183166503906
1485496800.0,1.1385829448699951,11.540870666503906
1485518400.0,1.1977808475494385,11.254249572753906
1485540000.0,1.2309391498565674,10.937843322753906
1485561600.0,1.1354436874389648,10.670265197753906
1485583200.0,1.0779318809509277,10.333839416503906
1485604800.0,1.1715514659881592,5.984718322753906
1485626400.0,1.2743785381317139,6.231788635253906
1485648000.0,1.7110923528671265,6.256690979003906
1485669600.0,1.637800931930542,6.617530822753906
1485691200.0,1.5009987354278564,14.875343322753906
1485712800.0,1.5067334175109863,14.789894104003906
1485734400.0,1.516021728515625,14.220069885253906
1485756000.0,1.6282827854156494,13.951515197753906
1485777600.0,1.714240550994873,13.690284729003906
1485799200.0,1.8349003791809082,13.375343322753906
1485820800.0,1.8100054264068604,13.154151916503906
1485842400.0,1.7187598943710327,12.719581604003906
1485864000.0,1.8620226383209229,12.286964416503906
1485885600.0,1.7999207973480225,12.133155822753906
1485907200.0,1.8283427953720093,11.975929260253906
1485928800.0,1.7453348636627197,11.893409729003906
1485950400.0,1.938467264175415,8.009132385253906
1485972000.0,1.8788764476776123,8.390968322753906
1485993600.0,1.7813814878463745,8.482276916503906
1486015200.0,1.6570453643798828,12.153175354003906
1486036800.0,1.5790293216705322,11.814308166503906
1486058400.0,1.4781935214996338,11.753273010253906
1486080000.0,1.4666550159454346,11.379249572753906
1486101600.0,1.5453908443450928,11.051612854003906
1486123200.0,1.6999081373214722,6.880226135253906
1486144800.0,1.6747701168060303,6.637550354003906
1486166400.0,1.5243858098983765,6.577980041503906
1486188000.0,1.3087685108184814,6.585304260253906
1486209600.0,1.806748628616333,6.429054260253906
1486231200.0,1.5727009773254395,6.435890197753906
1486252800.0,1.4980347156524658,6.277198791503906
1486274400.0,1.4752109050750732,6.153663635253906
1486296000.0,1.5979487895965576,6.279640197753906
1486317600.0,1.5000298023223877,6.201026916503906
1486339200.0,1.4950114488601685,6.118507385253906
1486360800.0,1.6569113731384277,6.294776916503906
1486382400.0,1.6756529808044434,6.706886291503906
1486404000.0,1.7676397562026978,6.910011291503906
1486425600.0,1.812528133392334,7.370948791503906
1486447200.0,1.7464253902435303,7.228858947753906
1486468800.0,1.9892055988311768,7.482765197753906
1486490400.0,1.7695364952087402,7.471046447753906
1486512000.0,1.7398507595062256,7.035499572753906
1486533600.0,1.7599056959152222,6.897315979003906
1486555200.0,1.8546675443649292,6.846534729003906
1486576800.0,1.8375880718231201,6.953956604003906
1486598400.0,1.7423343658447266,7.033546447753906
1486620000.0,1.8276557922363281,6.939796447753906
1486641600.0,1.947464942932129,7.017921447753906
1486663200.0,1.9102120399475098,6.946632385253906
1486684800.0,1.7075040340423584,6.990577697753906
1486706400.0,1.739173173904419,6.894386291503906
1486728000.0,1.9586776494979858,7.025245666503906
1486749600.0,1.9097970724105835,12.425636291503906
1486771200.0,1.8026793003082275,12.511085510253906
1486792800.0,1.7179678678512573,12.437843322753906
1486814400.0,1.7569737434387207,12.554054260253906
1486836000.0,1.6790132522583008,12.607276916503906
1486857600.0,1.872650384902954,13.373878479003906
1486879200.0,1.7212871313095093,13.276222229003906
1486900800.0,1.4317684173583984,12.036964416503906
1486922400.0,1.4079155921936035,11.918800354003906
1486944000.0,1.4018652439117432,11.909523010253906
1486965600.0,1.3838878870010376,11.847023010253906
1486987200.0,1.4408067464828491,14.985206604003906
1487008800.0,1.425464153289795,14.826515197753906
1487030400.0,1.400368094444275,14.444190979003906
1487052000.0,1.37588632106781,13.941749572753906
1487073600.0,1.363847017288208,13.582374572753906
1487095200.0,1.325639247894287,13.281105041503906
1487116800.0,1.1509981155395508,12.266456604003906
1487138400.0,1.1699734926223755,12.396339416503906
1487160000.0,1.1381275653839111,12.244972229003906
1487181600.0,1.084159016609192,11.995460510253906
1487203200.0,1.0173711776733398,11.654151916503906
1487224800.0,0.9499478340148926,11.237648010253906
1487246400.0,0.8969710469245911,11.059425354003906
1487268000.0,0.8726995587348938,10.954444885253906
1487289600.0,0.8315924406051636,10.751319885253906
1487311200.0,0.8169465065002441,10.718605041503906
1487332800.0,0.8266729116439819,10.842628479003906
1487354400.0,0.8695562481880188,17.921730041503906
1487376000.0,0.9356086254119873,17.251319885253906
1487397600.0,0.9868443012237549,16.155128479003906
1487419200.0,1.0282583236694336,15.204444885253906
1487440800.0,1.1248090267181396,14.760108947753906
1487462400.0,1.195098876953125,14.459815979003906
1487484000.0,1.2547410726547241,14.127784729003906
1487505600.0,1.310553789138794,15.783058166503906
1487527200.0,1.3014081716537476,15.042823791503906
1487548800.0,1.2316131591796875,14.325050354003906
1487570400.0,1.1955451965332031,13.822120666503906
1487592000.0,1.2362596988677979,13.716163635253906
1487613600.0,1.1923842430114746,13.361671447753906
1487635200.0,1.1103522777557373,12.831886291503906
1487656800.0,1.0560505390167236,12.145851135253906
1487678400.0,1.036287546157837,11.741554260253906
1487700000.0,1.0561610460281372,11.195167541503906
1487721600.0,1.0873682498931885,10.908058166503906
1487743200.0,1.1082392930984497,10.577980041503906
1487764800.0,1.098064661026001,10.118019104003906
1487786400.0,1.104483962059021,14.821144104003906
1487808000.0,1.183050513267517,14.675636291503906
1487829600.0,1.298384666442871,14.503761291503906
1487851200.0,1.3013763427734375,14.013038635253906
1487872800.0,1.3945491313934326,14.306007385253906
1487894400.0,1.4139200448989868,14.121437072753906
1487916000.0,1.358351707458496,13.589698791503906
1487937600.0,1.288064956665039,13.219093322753906
1487959200.0,1.2353445291519165,12.917823791503906
1487980800.0,1.207096815109253,12.585792541503906
1488002400.0,1.208833932876587,12.459815979003906
1488024000.0,1.1607275009155273,12.190284729003906
1488045600.0,1.119075059890747,11.951515197753906
1488067200.0,1.0969178676605225,15.002784729003906
1488088800.0,1.1157171726226807,14.764991760253906
1488110400.0,1.2270410060882568,14.836769104003906
1488132000.0,1.2146803140640259,14.352882385253906
1488153600.0,1.1915948390960693,13.913917541503906
1488175200.0,1.1765345335006714,13.702003479003906
1488196800.0,1.154691219329834,13.432472229003906
1488218400.0,1.1117355823516846,13.131690979003906
1488240000.0,1.0062884092330933,12.454933166503906
1488261600.0,1.0273088216781616,12.739601135253906
1488283200.0,1.0176646709442139,12.144874572753906
1488304800.0,1.1281347274780273,11.999366760253906
1488326400.0,1.1081724166870117,12.825538635253906
1488348000.0,1.1315977573394775,13.474952697753906
1488369600.0,1.2665164470672607,13.603858947753906
1488391200.0,1.1623024940490723,13.383155822753906
1488412800.0,1.1047052145004272,12.978370666503906
1488434400.0,1.0774039030075073,12.475929260253906
1488456000.0,1.0896456241607666,12.250343322753906
1488477600.0,1.0593153238296509,12.925148010253906
1488499200.0,1.0994844436645508,13.299659729003906
1488520800.0,1.118739366531372,13.446632385253906
1488542400.0,1.1509780883789062,12.951515197753906
1488564000.0,1.080796480178833,12.221534729003906
1488585600.0,0.9909119009971619,11.883155822753906
1488607200.0,1.0322966575622559,12.034523010253906
1488628800.0,1.067906379699707,11.815284729003906
1488650400.0,1.0715644359588623,12.039405822753906
1488672000.0,0.946215808391571,11.327491760253906
1488693600.0,0.9008693695068359,10.935401916503906
1488715200.0,0.8997230529785156,17.555030822753906
1488736800.0,0.9096398949623108,16.680519104003906
1488758400.0,0.9670823216438293,16.461769104003906
1488780000.0,0.9612077474594116,16.035011291503906
1488801600.0,1.107922077178955,15.743019104003906
1488823200.0,1.0798976421356201,15.323097229003906
1488844800.0,1.1210057735443115,14.868019104003906
1488866400.0,1.1598684787750244,14.188819885253906
1488888000.0,1.3763713836669922,13.744972229003906
1488909600.0,1.3592188358306885,13.430030822753906
1488931200.0,1.259713888168335,13.189308166503906
1488952800.0,1.219191074371338,12.943702697753906
1488974400.0,1.1562460660934448,12.604835510253906
1488996000.0,1.1392508745193481,12.668312072753906
1489017600.0,1.125563144683838,12.902687072753906
1489039200.0,1.1024365425109863,12.955421447753906
1489060800.0,1.0857981443405151,13.041358947753906
1489082400.0,1.0627295970916748,12.955421447753906
1489104000.0,1.0161020755767822,12.515480041503906
1489125600.0,0.965962827205658,12.181495666503906
1489147200.0,0.924978494644165,11.922706604003906
1489168800.0,0.9324838519096375,11.896339416503906
1489190400.0,0.9397850632667542,11.702003479003906
1489212000.0,0.8759303689002991,10.405616760253906
1489233600.0,0.9567283391952515,10.177101135253906
1489255200.0,0.9650141596794128,9.954933166503906
1489276800.0,1.0594842433929443,10.348976135253906
1489298400.0,1.0967113971710205,10.444190979003906
1489320000.0,1.087769865989685,10.326515197753906
1489341600.0,1.0627367496490479,10.209815979003906
1489363200.0,1.0381090641021729,10.162940979003906
1489384800.0,1.0160086154937744,10.078468322753906
1489406400.0,1.0306003093719482,10.060890197753906
1489428000.0,1.0313467979431152,17.612648010253906
1489449600.0,1.0660479068756104,17.299659729003906
1489471200.0,1.0875353813171387,16.779640197753906
1489492800.0,1.1711256504058838,16.291358947753906
1489514400.0,1.3307079076766968,16.334327697753906
1489536000.0,1.2982674837112427,15.745460510253906
1489557600.0,1.2345948219299316,15.108253479003906
1489579200.0,1.2531304359436035,14.704444885253906
1489600800.0,1.2212082147598267,14.418800354003906
1489622400.0,1.14278244972229,13.945655822753906
1489644000.0,1.1689393520355225,14.008155822753906
1489665600.0,1.19369375705719,13.838722229003906
1489687200.0,1.2610926628112793,14.292335510253906
1489708800.0,1.3379181623458862,15.718605041503906
1489730400.0,1.4656727313995361,15.345558166503906
1489752000.0,1.6508374214172363,14.878273010253906
1489773600.0,1.7024908065795898,14.379249572753906
1489795200.0,1.6747126579284668,13.777198791503906
1489816800.0,1.621108055114746,13.378273010253906
1489838400.0,1.6164968013763428,13.092140197753906
1489860000.0,1.5389339923858643,12.701515197753906
1489881600.0,1.4321835041046143,12.254737854003906
1489903200.0,1.386149525642395,12.041358947753906
1489924800.0,1.4916679859161377,19.291358947753906
1489946400.0,1.6880524158477783,18.857276916503906
1489968000.0,2.0307459831237793,18.086280822753906
1489989600.0,2.280219793319702,17.493995666503906
1490011200.0,2.314911365509033,16.726417541503906
1490032800.0,2.361715316772461,16.263038635253906
1490054400.0,2.4194560050964355,15.943214416503906
1490076000.0,2.3583598136901855,15.464698791503906
1490097600.0,2.321516513824463,14.934425354003906
1490119200.0,2.042044162750244,14.503273010253906
1490140800.0,1.8959033489227295,14.284034729003906
1490162400.0,1.6848554611206055,13.756690979003906
1490184000.0,1.50083589553833,13.329933166503906
1490205600.0,1.4174774885177612,12.815284729003906
1490227200.0,1.4602322578430176,9.818702697753906
1490248800.0,1.5286586284637451,10.035011291503906
1490270400.0,1.5087890625,9.904640197753906
1490292000.0,1.547088623046875,9.451515197753906
1490313600.0,1.4618592262268066,8.672706604003906
1490335200.0,1.4597617387771606,8.620948791503906
1490356800.0,1.5305047035217285,9.411964416503906
1490378400.0,1.4674763679504395,9.720558166503906
1490400000.0,1.4188156127929688,9.873878479003906
1490421600.0,1.3968544006347656,19.753273010253906
1490443200.0,1.4057261943817139,19.185890197753906
1490464800.0,1.4923598766326904,18.417823791503906
1490486400.0,1.6063543558120728,17.796241760253906
1490508000.0,1.7184054851531982,17.329933166503906
1490529600.0,1.733130693435669,16.532081604003906
1490551200.0,1.7104402780532837,16.115577697753906
1490572800.0,1.673079252243042,15.821144104003906
1490594400.0,1.6279035806655884,15.467628479003906
1490616000.0,1.4814283847808838,14.661476135253906
1490637600.0,1.3862299919128418,14.252784729003906
1490659200.0,1.3512645959854126,13.995460510253906
1490680800.0,1.380957841873169,14.059425354003906
1490702400.0,1.4586206674575806,14.259620666503906
1490724000.0,1.5343233346939087,14.483253479003906
1490745600.0,1.6256797313690186,14.580421447753906
1490767200.0,1.6314077377319336,14.161964416503906
1490788800.0,1.617002010345459,13.618995666503906
1490810400.0,1.577514410018921,13.372413635253906
1490832000.0,1.5375034809112549,13.221534729003906
1490853600.0,1.5311390161514282,13.255714416503906
1490875200.0,1.6364221572875977,13.328956604003906
1490896800.0,1.5224348306655884,12.995948791503906
1490918400.0,1.4755046367645264,12.227882385253906
1490940000.0,1.5056203603744507,16.356788635253906
1490961600.0,1.425875186920166,15.897315979003906
1490983200.0,1.4608227014541626,15.427589416503906
1491004800.0,1.5441991090774536,15.721046447753906
1491026400.0,1.6369192600250244,15.745948791503906
1491048000.0,1.6113766431808472,14.884620666503906
1491069600.0,1.483999490737915,14.243019104003906
1491091200.0,1.3959681987762451,13.542335510253906
1491112800.0,1.310471773147583,13.187355041503906
1491134400.0,1.3181180953979492,12.750831604003906
1491156000.0,1.3124706745147705,14.204933166503906
1491177600.0,1.242901086807251,14.244483947753906
1491199200.0,1.2427587509155273,13.843116760253906
1491220800.0,1.4256501197814941,14.704933166503906
1491242400.0,1.4503707885742188,14.834815979003906
1491264000.0,1.4335052967071533,14.252784729003906
1491285600.0,1.401764154434204,13.537452697753906
1491307200.0,1.394583821296692,13.074073791503906
1491328800.0,1.317542552947998,12.368019104003906
1491350400.0,1.2700917720794678,11.962257385253906
1491372000.0,1.2784337997436523,11.732765197753906
1491393600.0,1.390413761138916,11.488624572753906
1491415200.0,1.3262248039245605,11.131690979003906
1491436800.0,1.3985399007797241,10.825538635253906
1491458400.0,1.5098683834075928,5.133644104003906
1491480000.0,1.5037275552749634,5.339210510253906
1491501600.0,1.3665695190429688,14.707862854003906
1491523200.0,1.2348783016204834,14.477394104003906
1491544800.0,1.2055790424346924,13.966163635253906
1491566400.0,1.3918390274047852,13.505714416503906
1491588000.0,1.4101089239120483,13.277687072753906
1491609600.0,1.576716423034668,5.609230041503906
1491631200.0,1.6863471269607544,6.085304260253906
1491652800.0,1.6130881309509277,6.348487854003906
1491674400.0,1.5066967010498047,10.952003479003906
1491696000.0,1.5606412887573242,11.478858947753906
1491717600.0,1.5879499912261963,12.205909729003906
1491739200.0,1.7053563594818115,12.550636291503906
1491760800.0,1.7047243118286133,12.845069885253906
1491782400.0,1.664201021194458,12.682472229003906
1491804000.0,1.5554344654083252,12.391456604003906
1491825600.0,1.459080457687378,12.183937072753906
1491847200.0,1.3696380853652954,12.152198791503906
1491868800.0,1.339975118637085,12.613624572753906
1491890400.0,1.3198480606079102,13.043312072753906
1491912000.0,1.3475375175476074,16.162940979003906
1491933600.0,1.375640869140625,15.823097229003906
1491955200.0,1.4055426120758057,15.105812072753906
1491976800.0,1.441977620124817,19.445167541503906
1491998400.0,1.5781080722808838,19.159523010253906
1492020000.0,1.5444642305374146,17.979347229003906
1492041600.0,1.532911777496338,17.235206604003906
1492063200.0,1.4336860179901123,16.128761291503906
1492084800.0,1.419510841369629,15.681495666503906
1492106400.0,1.385197639465332,15.018409729003906
1492128000.0,1.3779006004333496,14.720069885253906
1492149600.0,1.3328851461410522,14.385108947753906
1492171200.0,1.2843077182769775,14.084815979003906
1492192800.0,1.2590833902359009,13.964698791503906
1492214400.0,1.250385046005249,13.925148010253906
1492236000.0,1.2632248401641846,13.751319885253906
1492257600.0,1.351896047592163,13.691261291503906
1492279200.0,1.4045344591140747,13.552589416503906
1492300800.0,1.3566622734069824,13.325050354003906
1492322400.0,1.345662236213684,13.353858947753906
1492344000.0,1.3631842136383057,13.323585510253906
1492365600.0,1.3920915126800537,13.131690979003906
1492387200.0,1.4539966583251953,12.958351135253906
1492408800.0,1.4625604152679443,12.584815979003906
1492430400.0,1.4821839332580566,16.345069885253906
1492452000.0,1.5029680728912354,15.780616760253906
1492473600.0,1.4674861431121826,14.946632385253906
1492495200.0,1.4220249652862549,14.459327697753906
1492516800.0,1.439713478088379,14.245460510253906
1492538400.0,1.4175554513931274,13.864112854003906
1492560000.0,1.425374984741211,13.601417541503906
1492581600.0,1.4123276472091675,13.348976135253906
1492603200.0,1.4319051504135132,13.091651916503906
1492624800.0,1.5338785648345947,18.646827697753906
1492646400.0,1.5027289390563965,17.363136291503906
1492668000.0,1.585848093032837,17.267433166503906
1492689600.0,1.636439323425293,16.734718322753906
1492711200.0,1.5782238245010376,15.971046447753906
1492732800.0,1.5277230739593506,15.221534729003906
1492754400.0,1.4655303955078125,14.618507385253906
1492776000.0,1.4332599639892578,14.339210510253906
1492797600.0,1.4749233722686768,14.662940979003906
1492819200.0,1.5225770473480225,14.716651916503906
1492840800.0,1.5392158031463623,14.450050354003906
1492862400.0,1.5623350143432617,13.932472229003906
1492884000.0,1.520568609237671,13.535499572753906
1492905600.0,1.57777738571167,13.534523010253906
1492927200.0,1.6164889335632324,17.612648010253906
1492948800.0,1.73085618019104,17.244483947753906
1492970400.0,1.8809120655059814,16.435890197753906
1492992000.0,1.9094829559326172,15.947120666503906
1493013600.0,1.839768409729004,15.249366760253906
1493035200.0,1.7503376007080078,14.799171447753906
1493056800.0,1.6666746139526367,14.534034729003906
1493078400.0,1.5796942710876465,14.260108947753906
1493100000.0,1.488577127456665,13.837257385253906
1493121600.0,1.4020143747329712,13.561378479003906
1493143200.0,1.3182140588760376,13.220558166503906
1493164800.0,1.2957215309143066,13.083351135253906
1493186400.0,1.2832717895507812,12.901710510253906
1493208000.0,1.2881739139556885,12.442237854003906
1493229600.0,1.2870001792907715,12.056495666503906
1493251200.0,1.2648863792419434,11.642433166503906
1493272800.0,1.2002109289169312,11.134620666503906
1493294400.0,1.1782441139221191,10.925148010253906
1493316000.0,1.2260828018188477,15.679054260253906
1493337600.0,1.2494618892669678,14.848487854003906
1493359200.0,1.2111124992370605,13.581398010253906
1493380800.0,1.5866775512695312,13.729347229003906
1493402400.0,1.4973573684692383,13.253761291503906
1493424000.0,1.3125333786010742,13.058448791503906
1493445600.0,1.2468140125274658,12.723487854003906
1493467200.0,1.166857123374939,19.292823791503906
1493488800.0,1.079317569732666,18.348976135253906
1493510400.0,1.1046676635742188,17.652687072753906
1493532000.0,1.1957509517669678,17.053565979003906
1493553600.0,1.3355762958526611,16.471534729003906
1493575200.0,1.4675164222717285,16.093605041503906
1493596800.0,1.4776984453201294,15.549659729003906
1493618400.0,1.4334526062011719,14.877784729003906
1493640000.0,1.3619836568832397,14.453956604003906
1493661600.0,1.3645288944244385,14.045753479003906
1493683200.0,1.4177014827728271,13.797706604003906
1493704800.0,1.46235990524292,13.823097229003906
1493726400.0,1.5239955186843872,17.570655822753906
1493748000.0,1.5538890361785889,17.285987854003906
1493769600.0,1.6169359683990479,16.639015197753906
1493791200.0,1.5618882179260254,15.932472229003906
1493812800.0,1.4238238334655762,15.049659729003906
1493834400.0,1.4130998849868774,14.795753479003906
1493856000.0,1.3756816387176514,14.502784729003906
1493877600.0,1.3390285968780518,14.275733947753906
1493899200.0,1.3505722284317017,14.290382385253906
1493920800.0,1.360036849975586,14.286476135253906
1493942400.0,1.3522956371307373,14.192726135253906
1493964000.0,1.3054215908050537,13.735694885253906
1493985600.0,1.3117821216583252,13.662940979003906
1494007200.0,1.266669750213623,14.296241760253906
1494028800.0,1.2880866527557373,14.882179260253906
1494050400.0,1.3329007625579834,14.886085510253906
1494072000.0,1.3786771297454834,14.874366760253906
1494093600.0,1.4490947723388672,15.066261291503906
1494115200.0,1.6179027557373047,15.431007385253906
1494136800.0,1.7863457202911377,15.722023010253906
1494158400.0,1.9042738676071167,15.791847229003906
1494180000.0,1.9216954708099365,15.552101135253906
1494201600.0,1.8403823375701904,14.951515197753906
1494223200.0,1.7841153144836426,14.676612854003906
1494244800.0,1.7495570182800293,14.533546447753906
1494266400.0,1.617241382598877,14.118995666503906
1494288000.0,1.5101286172866821,13.589210510253906
1494309600.0,1.3819377422332764,13.207374572753906
1494331200.0,1.2949726581573486,12.809913635253906
1494352800.0,1.2894551753997803,12.520362854003906
1494374400.0,1.392698049545288,17.349952697753906
1494396000.0,1.5470484495162964,16.944190979003906
1494417600.0,1.7581896781921387,16.959815979003906
1494439200.0,1.9513592720031738,17.044288635253906
1494460800.0,2.138482093811035,17.124366760253906
1494482400.0,2.308577060699463,16.831398010253906
1494504000.0,2.1814169883728027,16.161964416503906
1494525600.0,2.020156145095825,15.652687072753906
1494547200.0,1.9043447971343994,15.114601135253906
1494568800.0,1.8280606269836426,14.874366760253906
1494590400.0,1.7678087949752808,14.708839416503906
1494612000.0,1.7316882610321045,14.570167541503906
1494633600.0,1.652300477027893,14.270362854003906
1494655200.0,1.5419363975524902,13.858741760253906
1494676800.0,1.4610772132873535,13.661476135253906
1494698400.0,1.421670913696289,13.431007385253906
1494720000.0,1.4132137298583984,13.147804260253906
1494741600.0,1.3769584894180298,12.740089416503906
1494763200.0,1.353743076324463,12.367530822753906
1494784800.0,1.273708701133728,12.053077697753906
1494806400.0,1.1610316038131714,17.391456604003906
1494828000.0,1.1251767873764038,16.621925354003906
1494849600.0,1.1375174522399902,16.147804260253906
1494871200.0,1.2041680812835693,15.436866760253906
1494892800.0,1.2624266147613525,14.973976135253906
1494914400.0,1.226137399673462,14.543312072753906
1494936000.0,1.18706476688385,14.196632385253906
1494957600.0,1.2269766330718994,13.681983947753906
1494979200.0,1.2120540142059326,13.423194885253906
1495000800.0,1.213789463043213,13.207130432128906
1495022400.0,1.2205650806427002,12.947608947753906
1495044000.0,1.311361312866211,12.578712463378906
1495065600.0,1.27691650390625,12.368019104003906
1495087200.0,1.2767149209976196,12.224708557128906
1495108800.0,1.3124303817749023,12.136329650878906
1495130400.0,1.230870246887207,11.889015197753906
1495152000.0,1.2413634061813354,12.088233947753906
1495173600.0,1.1399881839752197,15.442726135253906
1495195200.0,1.1495870351791382,15.785011291503906
1495216800.0,1.3322200775146484,15.787452697753906
1495238400.0,1.3459582328796387,15.555030822753906
1495260000.0,1.333787202835083,15.218605041503906
1495281600.0,1.432732343673706,15.279640197753906
1495303200.0,1.605337142944336,15.754249572753906
1495324800.0,1.631022334098816,15.996925354003906
1495346400.0,1.5763969421386719,15.800148010253906
1495368000.0,1.6164993047714233,15.373390197753906
1495389600.0,1.6810646057128906,15.007667541503906
1495411200.0,1.7656913995742798,14.848487854003906
1495432800.0,1.728431224822998,14.463722229003906
1495454400.0,1.6920487880706787,14.185890197753906
1495476000.0,1.7213047742843628,13.973976135253906
1495497600.0,1.6221791505813599,13.724464416503906
1495519200.0,1.4978866577148438,13.493019104003906
1495540800.0,1.4405478239059448,13.446632385253906
1495562400.0,1.3929333686828613,13.401222229003906
1495584000.0,1.3737061023712158,13.406593322753906
1495605600.0,1.3502483367919922,13.309425354003906
1495627200.0,1.4377269744873047,13.293312072753906
1495648800.0,1.484452247619629,13.114112854003906
1495670400.0,1.422785997390747,12.967140197753906
1495692000.0,1.4042171239852905,12.862159729003906
1495713600.0,1.4975115060806274,19.702003479003906
1495735200.0,1.6199162006378174,19.054054260253906
1495756800.0,1.6552705764770508,17.974464416503906
1495778400.0,1.6755571365356445,17.237648010253906
1495800000.0,1.7749507427215576,16.369483947753906
1495821600.0,1.8873870372772217,15.889015197753906
1495843200.0,1.7453248500823975,15.208351135253906
1495864800.0,1.6257667541503906,14.797218322753906
1495886400.0,1.7178525924682617,15.027198791503906
1495908000.0,1.5996787548065186,14.458839416503906
1495929600.0,1.4790092706680298,13.864601135253906
1495951200.0,1.351657509803772,13.463722229003906
1495972800.0,1.2809827327728271,13.326026916503906
1495994400.0,1.260259747505188,13.506202697753906
1496016000.0,1.2711597681045532,13.861671447753906
1496037600.0,1.304869294166565,13.670265197753906
1496059200.0,1.3091883659362793,13.344093322753906
1496080800.0,1.243586778640747,12.979347229003906
1496102400.0,1.1896071434020996,12.421241760253906
1496124000.0,1.2255024909973145,12.172706604003906
1496145600.0,1.3373863697052002,17.819190979003906
1496167200.0,1.3478734493255615,16.930030822753906
1496188800.0,1.387019395828247,16.337745666503906
1496210400.0,1.4633004665374756,16.060890197753906
1496232000.0,1.553833246231079,15.852882385253906
1496253600.0,1.780369758605957,15.403175354003906
1496275200.0,1.9297964572906494,15.716651916503906
1496296800.0,1.6798712015151978,15.016944885253906
1496318400.0,1.562995195388794,14.711769104003906
1496340000.0,1.4889894723892212,14.527687072753906
1496361600.0,1.449640154838562,14.388038635253906
1496383200.0,1.416520357131958,14.165870666503906
1496404800.0,1.373915672302246,13.751319885253906
1496426400.0,1.3836110830307007,13.628273010253906
1496448000.0,1.3823667764663696,13.584327697753906
1496469600.0,1.3569669723510742,13.451026916503906
1496491200.0,1.3589366674423218,13.309913635253906
1496512800.0,1.491557002067566,17.002296447753906
1496534400.0,1.674857497215271,16.428565979003906
1496556000.0,1.925229787826538,16.289405822753906
1496577600.0,2.070150852203369,16.070655822753906
1496599200.0,2.2959372997283936,19.195167541503906
1496620800.0,2.4903383255004883,18.964210510253906
1496642400.0,2.532097101211548,18.023292541503906
1496664000.0,2.454418420791626,17.518898010253906
1496685600.0,2.324252128601074,16.908058166503906
1496707200.0,2.1810333728790283,16.425636291503906
1496728800.0,2.0625391006469727,16.152687072753906
1496750400.0,1.9505380392074585,15.877296447753906
1496772000.0,1.863403081893921,15.665382385253906
1496793600.0,1.7806663513183594,15.514503479003906
1496815200.0,1.663994312286377,15.227394104003906
1496836800.0,1.542649745941162,14.873390197753906
1496858400.0,1.464686632156372,14.654151916503906
1496880000.0,1.4196960926055908,14.577491760253906
1496901600.0,1.431044578552246,14.622901916503906
1496923200.0,1.4810048341751099,15.264991760253906
1496944800.0,1.6734702587127686,17.777198791503906
1496966400.0,1.9340386390686035,17.520851135253906
1496988000.0,2.0523531436920166,16.734718322753906
1497009600.0,2.010239601135254,16.054054260253906
1497031200.0,1.917705774307251,15.277687072753906
1497052800.0,1.822913646697998,14.683937072753906
1497074400.0,1.6919759511947632,14.332862854003906
1497096000.0,1.570934772491455,13.760597229003906
1497117600.0,1.5633528232574463,13.370948791503906
1497139200.0,1.5291134119033813,13.134620666503906
1497160800.0,1.4749116897583008,18.911476135253906
1497182400.0,1.4772095680236816,18.070655822753906
1497204000.0,1.5371088981628418,17.705421447753906
1497225600.0,1.613587498664856,17.233741760253906
1497247200.0,1.6605762243270874,16.427589416503906
1497268800.0,1.5742974281311035,15.152687072753906
1497290400.0,1.6329014301300049,14.681007385253906
1497312000.0,1.6477385759353638,14.363136291503906
1497333600.0,1.665616512298584,14.108741760253906
1497355200.0,1.6636037826538086,13.750831604003906
1497376800.0,1.6334458589553833,13.493507385253906
1497398400.0,1.5301880836486816,13.256690979003906
1497420000.0,1.439039945602417,13.128273010253906
1497441600.0,1.394702672958374,13.017921447753906
1497463200.0,1.3907384872436523,12.678077697753906
1497484800.0,1.4604837894439697,18.487159729003906
1497506400.0,1.564821720123291,18.267921447753906
1497528000.0,1.7225379943847656,18.049659729003906
1497549600.0,1.8165110349655151,17.593116760253906
1497571200.0,1.9587171077728271,16.984230041503906
1497592800.0,1.9950244426727295,16.321632385253906
1497614400.0,1.9637000560760498,15.876808166503906
1497636000.0,2.014718770980835,15.745460510253906
1497657600.0,2.2706847190856934,16.230323791503906
1497679200.0,1.8479888439178467,14.736671447753906
1497700800.0,1.6833419799804688,14.298194885253906
1497722400.0,1.767305850982666,13.889015197753906
1497744000.0,1.7798011302947998,13.746925354003906
1497765600.0,1.6941196918487549,13.689796447753906
1497787200.0,1.6773462295532227,13.994483947753906
1497808800.0,1.7426466941833496,14.142433166503906
1497830400.0,1.7427655458450317,14.175148010253906
1497852000.0,1.6326329708099365,14.399269104003906
1497873600.0,1.4856679439544678,14.733741760253906
1497895200.0,1.4465959072113037,14.806495666503906
1497916800.0,1.3656408786773682,14.789405822753906
1497938400.0,1.2584786415100098,14.452491760253906
1497960000.0,1.1574103832244873,13.802589416503906
1497981600.0,1.0939093828201294,13.467628479003906
1498003200.0,1.0623056888580322,13.439308166503906
1498024800.0,1.0615336894989014,14.418312072753906
1498046400.0,1.0784893035888672,14.457374572753906
1498068000.0,1.0970518589019775,14.073585510253906
1498089600.0,1.0951999425888062,13.622901916503906
1498111200.0,1.0556821823120117,13.264015197753906
1498132800.0,1.0086853504180908,12.737159729003906
1498154400.0,0.9904786944389343,12.281593322753906
1498176000.0,1.0836591720581055,12.082862854003906
1498197600.0,1.2635135650634766,12.092628479003906
1498219200.0,1.445082426071167,12.204933166503906
1498240800.0,1.5465199947357178,12.095069885253906
1498262400.0,1.5820930004119873,11.977882385253906
1498284000.0,1.6064752340316772,12.048194885253906
1498305600.0,1.6755132675170898,12.225440979003906
1498327200.0,1.6127547025680542,12.591163635253906
1498348800.0,1.5289850234985352,12.715675354003906
1498370400.0,1.479093313217163,12.449562072753906
1498392000.0,1.4798017740249634,12.625343322753906
1498413600.0,1.4641952514648438,14.696632385253906
1498435200.0,1.6338144540786743,14.846534729003906
1498456800.0,1.6438462734222412,14.486183166503906
1498478400.0,1.5885779857635498,14.331886291503906
1498500000.0,1.53629732131958,14.203956604003906
1498521600.0,1.478428840637207,14.204444885253906
1498543200.0,1.4438155889511108,13.972511291503906
1498564800.0,1.4024848937988281,13.514015197753906
1498586400.0,1.40199613571167,17.236671447753906
1498608000.0,1.391714096069336,16.455421447753906
1498629600.0,1.3788537979125977,16.224464416503906
1498651200.0,1.4554029703140259,16.190284729003906
1498672800.0,1.4407958984375,15.843605041503906
1498694400.0,1.409740686416626,19.765480041503906
1498716000.0,1.3863073587417603,19.323097229003906
1498737600.0,1.3946952819824219,18.657081604003906
1498759200.0,1.4198198318481445,17.954444885253906
1498780800.0,1.4706385135650635,17.634620666503906
1498802400.0,1.5003234148025513,17.151222229003906
1498824000.0,1.4743695259094238,16.337745666503906
1498845600.0,1.4187977313995361,15.984718322753906
1498867200.0,1.3885873556137085,15.623878479003906
1498888800.0,1.335740327835083,14.988624572753906
1498910400.0,1.2875492572784424,14.744972229003906
1498932000.0,1.227034091949463,14.572120666503906
1498953600.0,1.19000244140625,14.414405822753906
1498975200.0,1.1758474111557007,14.417823791503906
1498996800.0,1.1257095336914062,14.395851135253906
1499018400.0,1.0852742195129395,14.497901916503906
1499040000.0,1.2255642414093018,15.719093322753906
1499061600.0,1.2083524465560913,15.487648010253906
1499083200.0,1.287208080291748,15.524269104003906
1499104800.0,1.4031903743743896,15.249366760253906
1499126400.0,1.5207202434539795,14.919288635253906
1499148000.0,1.5892914533615112,14.622413635253906
1499169600.0,1.6920197010040283,14.381690979003906
1499191200.0,1.7552149295806885,13.971534729003906
1499212800.0,1.6403121948242188,13.596046447753906
1499234400.0,1.5938119888305664,13.345069885253906
1499256000.0,1.631090521812439,13.106300354003906
1499277600.0,1.7367171049118042,17.943702697753906
1499299200.0,1.815023422241211,17.561866760253906
1499320800.0,1.7362186908721924,16.643409729003906
1499342400.0,1.6188504695892334,16.083351135253906
1499364000.0,1.657078742980957,15.743019104003906
1499385600.0,1.6733529567718506,15.124366760253906
1499407200.0,1.664905071258545,14.740577697753906
1499428800.0,1.625108242034912,14.546730041503906
1499450400.0,1.6074000597000122,18.090675354003906
1499472000.0,1.5418853759765625,17.597511291503906
1499493600.0,1.5419111251831055,16.975929260253906
1499515200.0,1.5996315479278564,16.362648010253906
1499536800.0,1.6847527027130127,16.027198791503906
1499558400.0,1.7599313259124756,15.761573791503906
1499580000.0,1.6676514148712158,15.135108947753906
1499601600.0,1.6195292472839355,14.696144104003906
1499623200.0,1.5650362968444824,14.473487854003906
1499644800.0,1.4919077157974243,14.368507385253906
1499666400.0,1.4119079113006592,14.493507385253906
1499688000.0,1.3959136009216309,14.644386291503906
1499709600.0,1.4608798027038574,14.524269104003906
1499731200.0,1.5137940645217896,14.279151916503906
1499752800.0,1.6683897972106934,13.880226135253906
1499774400.0,1.731440544128418,13.597023010253906
1499796000.0,1.6417957544326782,13.347511291503906
1499817600.0,1.49269700050354,17.230323791503906
1499839200.0,1.4574551582336426,16.549171447753906
1499860800.0,1.6271426677703857,16.176124572753906
1499882400.0,1.6922338008880615,15.902198791503906
1499904000.0,1.5793561935424805,15.529640197753906
1499925600.0,1.4257760047912598,14.884620666503906
1499947200.0,1.3634843826293945,14.593605041503906
1499968800.0,1.4108631610870361,14.370460510253906
1499990400.0,1.481252670288086,14.202980041503906
1500012000.0,1.6098670959472656,17.890968322753906
1500033600.0,1.8309301137924194,17.660987854003906
1500055200.0,1.9798319339752197,16.832374572753906
1500076800.0,2.120783805847168,16.415870666503906
1500098400.0,2.21445369720459,16.182472229003906
1500120000.0,2.1769165992736816,15.981788635253906
1500141600.0,2.0477724075317383,15.604835510253906
1500163200.0,1.9338905811309814,15.023780822753906
1500184800.0,1.863398790359497,14.641944885253906
1500206400.0,1.9225316047668457,14.265968322753906
1500228000.0,1.9191563129425049,13.819190979003906
1500249600.0,1.7847001552581787,13.659034729003906
1500271200.0,1.7570490837097168,19.005714416503906
1500292800.0,1.77493155002594,17.760108947753906
1500314400.0,1.8366467952728271,17.114112854003906
1500336000.0,1.8188767433166504,16.218605041503906
1500357600.0,1.7878179550170898,15.801612854003906
1500379200.0,1.7666486501693726,15.136085510253906
1500400800.0,1.6943765878677368,14.733253479003906
1500422400.0,1.8295929431915283,14.916847229003906
1500444000.0,1.5980228185653687,14.327003479003906
1500465600.0,1.4248676300048828,13.653663635253906
1500487200.0,1.4401161670684814,13.422706604003906
1500508800.0,1.5100160837173462,17.904640197753906
1500530400.0,1.6804063320159912,17.465187072753906
1500552000.0,2.0205445289611816,17.015968322753906
1500573600.0,2.188997268676758,16.332862854003906
1500595200.0,2.1864099502563477,15.867042541503906
1500616800.0,2.077052116394043,15.108741760253906
1500638400.0,2.06707501411438,14.835304260253906
1500660000.0,2.155031204223633,14.799659729003906
1500681600.0,2.2454004287719727,15.136085510253906
1500703200.0,2.0592572689056396,14.679542541503906
1500724800.0,1.9605181217193604,14.202003479003906
1500746400.0,1.8647499084472656,13.683937072753906
1500768000.0,1.7104880809783936,13.476905822753906
1500789600.0,1.5768961906433105,13.539894104003906
1500811200.0,1.5378003120422363,15.663917541503906
1500832800.0,1.557068109512329,15.160987854003906
1500854400.0,1.5467188358306885,15.046730041503906
1500876000.0,1.4895920753479004,15.297706604003906
1500897600.0,1.7103769779205322,17.553077697753906
1500919200.0,1.9715468883514404,17.502296447753906
1500940800.0,1.99813973903656,17.236183166503906
1500962400.0,1.976118564605713,16.621437072753906
1500984000.0,2.286837339401245,16.287940979003906
1501005600.0,2.2367677688598633,15.846046447753906
1501027200.0,1.846832275390625,15.256690979003906
1501048800.0,1.691845178604126,14.812355041503906
1501070400.0,1.7679228782653809,19.566749572753906
1501092000.0,1.9716582298278809,19.131202697753906
1501113600.0,1.9988820552825928,18.154151916503906
1501135200.0,1.996274709701538,17.602882385253906
1501156800.0,1.8864269256591797,16.350929260253906
1501178400.0,1.9958038330078125,16.262062072753906
1501200000.0,1.8396234512329102,15.962257385253906
1501221600.0,1.693239688873291,15.589698791503906
1501243200.0,1.6594656705856323,15.134620666503906
1501264800.0,1.7205755710601807,14.941749572753906
1501286400.0,1.82218599319458,14.933448791503906
1501308000.0,1.7555575370788574,14.785987854003906
1501329600.0,1.8589136600494385,14.639015197753906
1501351200.0,1.950807809829712,14.487159729003906
1501372800.0,1.9656506776809692,14.749855041503906
1501394400.0,1.9407260417938232,15.037452697753906
1501416000.0,2.1086580753326416,15.287452697753906
1501437600.0,2.2237772941589355,15.199562072753906
1501459200.0,2.224158525466919,14.766944885253906
1501480800.0,2.0939719676971436,14.356788635253906
1501502400.0,2.267643690109253,13.867530822753906
1501524000.0,2.4230260848999023,13.660499572753906
1501545600.0,2.4279279708862305,13.629249572753906
1501567200.0,2.227553367614746,13.592140197753906
1501588800.0,2.165709972381592,13.261085510253906
1501610400.0,2.1060874462127686,12.660499572753906
1501632000.0,2.0060036182403564,11.892433166503906
1501653600.0,1.8728344440460205,11.433937072753906
1501675200.0,2.0790140628814697,11.119972229003906
1501696800.0,2.3764400482177734,16.366065979003906
1501718400.0,2.300281047821045,16.072120666503906
1501740000.0,2.381110668182373,15.807960510253906
1501761600.0,2.4268274307250977,15.286476135253906
1501783200.0,2.4656827449798584,14.935401916503906
1501804800.0,2.2522287368774414,14.621925354003906
1501826400.0,2.1558077335357666,14.436378479003906
1501848000.0,2.1619410514831543,14.151710510253906
1501869600.0,2.2334718704223633,19.180030822753906
1501891200.0,2.100423574447632,18.262062072753906
1501912800.0,1.9831008911132812,17.755714416503906
1501934400.0,1.9926691055297852,17.289894104003906
1501956000.0,2.028383731842041,16.540870666503906
1501977600.0,1.8508782386779785,16.116065979003906
1501999200.0,1.692774772644043,15.737159729003906
1502020800.0,1.6535375118255615,15.351417541503906
1502042400.0,1.6194450855255127,14.952980041503906
1502064000.0,1.430273175239563,14.260108947753906
1502085600.0,1.3757283687591553,14.076026916503906
1502107200.0,1.343965768814087,13.767433166503906
1502128800.0,1.3907852172851562,13.617042541503906
1502150400.0,1.4132180213928223,13.613624572753906
1502172000.0,1.4679908752441406,13.852882385253906
1502193600.0,1.529302716255188,13.860206604003906
1502215200.0,1.5055011510849,13.627296447753906
1502236800.0,1.5313496589660645,13.413429260253906
1502258400.0,1.5828611850738525,13.196144104003906
1502280000.0,1.5232505798339844,12.830909729003906
1502301600.0,1.8106213808059692,12.481788635253906
1502323200.0,1.5896656513214111,16.053565979003906
1502344800.0,1.5106135606765747,15.796241760253906
1502366400.0,1.7718688249588013,15.553077697753906
1502388000.0,2.022129535675049,15.486671447753906
1502409600.0,2.2058703899383545,15.213722229003906
1502431200.0,2.115879535675049,14.664405822753906
1502452800.0,2.003143310546875,14.238136291503906
1502474400.0,1.8727076053619385,13.676612854003906
1502496000.0,1.7385047674179077,13.363624572753906
1502517600.0,1.6603186130523682,13.133155822753906
1502539200.0,1.5912666320800781,12.721534729003906
1502560800.0,1.5141100883483887,12.314796447753906
1502582400.0,1.4002745151519775,12.030128479003906
1502604000.0,1.350826621055603,11.552101135253906
1502625600.0,1.272341012954712,11.005226135253906
1502647200.0,1.2525168657302856,15.449562072753906
1502668800.0,1.4485514163970947,15.196144104003906
1502690400.0,1.9080448150634766,15.185890197753906
1502712000.0,2.2498934268951416,15.101905822753906
1502733600.0,2.396078109741211,15.004737854003906
1502755200.0,2.5142416954040527,14.759132385253906
1502776800.0,2.5578112602233887,14.645362854003906
1502798400.0,2.38130784034729,14.584815979003906
1502820000.0,2.4133944511413574,14.848976135253906
1502841600.0,2.3735673427581787,14.681007385253906
1502863200.0,2.3798840045928955,14.498390197753906
1502884800.0,2.2831993103027344,14.668800354003906
1502906400.0,2.4637808799743652,15.090675354003906
1502928000.0,2.1399033069610596,14.235206604003906
1502949600.0,2.1701033115386963,14.637062072753906
1502971200.0,2.079519510269165,14.517921447753906
1502992800.0,2.0611846446990967,14.440284729003906
1503014400.0,2.0025882720947266,14.254249572753906
1503036000.0,1.8887490034103394,13.764503479003906
1503057600.0,1.8076852560043335,13.303565979003906
1503079200.0,1.8956220149993896,13.069679260253906
1503100800.0,1.8684298992156982,16.651222229003906
1503122400.0,1.8748390674591064,16.029640197753906
1503144000.0,2.09955096244812,15.490089416503906
1503165600.0,2.167548179626465,14.800148010253906
1503187200.0,2.19356107711792,14.723487854003906
1503208800.0,1.9458487033843994,13.495460510253906
1503230400.0,1.8396881818771362,12.805030822753906
1503252000.0,1.8435008525848389,12.170265197753906
1503273600.0,1.7359753847122192,12.248390197753906
1503295200.0,1.6017061471939087,12.422706604003906
1503316800.0,1.7436482906341553,12.788917541503906
1503338400.0,1.796272873878479,12.770851135253906
1503360000.0,1.7212929725646973,12.517921447753906
1503381600.0,1.5341668128967285,12.235694885253906
1503403200.0,1.5113952159881592,11.893409729003906
1503424800.0,1.618855595588684,19.320167541503906
1503446400.0,1.587651252746582,18.452491760253906
1503468000.0,1.5559160709381104,18.014503479003906
1503489600.0,1.7984683513641357,17.476417541503906
1503511200.0,1.8890819549560547,16.790382385253906
1503532800.0,1.7633607387542725,16.204444885253906
1503554400.0,1.7187964916229248,15.986671447753906
1503576000.0,1.6928396224975586,15.025245666503906
1503597600.0,1.7862498760223389,14.711769104003906
1503619200.0,1.6822841167449951,14.536476135253906
1503640800.0,1.5789042711257935,14.592140197753906
1503662400.0,1.5581519603729248,14.566261291503906
1503684000.0,1.4877866506576538,13.966651916503906
1503705600.0,1.4808690547943115,13.643409729003906
1503727200.0,1.4401037693023682,13.327003479003906
1503748800.0,1.4474419355392456,12.945655822753906
1503770400.0,1.5305724143981934,12.479835510253906
1503792000.0,1.4703099727630615,12.377784729003906
1503813600.0,1.3799773454666138,12.354347229003906
1503835200.0,1.399065613746643,12.567726135253906
1503856800.0,1.440619707107544,15.637550354003906
1503878400.0,1.3694686889648438,15.719093322753906
1503900000.0,1.3106944561004639,15.641456604003906
1503921600.0,1.5205469131469727,15.952980041503906
1503943200.0,1.5563218593597412,15.710792541503906
1503964800.0,1.458146572113037,15.284523010253906
1503986400.0,1.458916187286377,14.953956604003906
1504008000.0,1.5212676525115967,14.385597229003906
1504029600.0,1.5060460567474365,13.641944885253906
1504051200.0,1.3737305402755737,21.292335510253906
1504072800.0,1.3077749013900757,20.830421447753906
1504094400.0,1.3858848810195923,19.881202697753906
1504116000.0,1.483574628829956,19.384132385253906
1504137600.0,1.5976922512054443,18.576026916503906
1504159200.0,1.6794764995574951,17.868995666503906
1504180800.0,1.7767345905303955,17.216163635253906
1504202400.0,1.7741477489471436,16.200538635253906
1504224000.0,1.6986762285232544,15.748878479003906
1504245600.0,1.546177625656128,15.270851135253906
1504267200.0,1.521484613418579,14.922218322753906
1504288800.0,1.6118557453155518,14.661964416503906
1504310400.0,1.4708384275436401,14.075538635253906
1504332000.0,1.3553602695465088,14.100929260253906
1504353600.0,1.4265854358673096,13.940773010253906
1504375200.0,1.5039396286010742,13.950538635253906
1504396800.0,1.3502604961395264,14.099952697753906
1504418400.0,1.3497042655944824,14.632179260253906
1504440000.0,1.5534982681274414,15.988624572753906
1504461600.0,1.6972928047180176,16.204933166503906
1504483200.0,1.7704224586486816,16.172706604003906
1504504800.0,1.8287279605865479,15.838722229003906
1504526400.0,1.9173005819320679,15.402198791503906
1504548000.0,2.043023109436035,15.045265197753906
1504569600.0,1.9415210485458374,14.485694885253906
1504591200.0,1.7282569408416748,13.884132385253906
1504612800.0,1.6221948862075806,13.405616760253906
1504634400.0,1.5963833332061768,13.007179260253906
1504656000.0,1.5604519844055176,12.527198791503906
1504677600.0,1.4716670513153076,16.086280822753906
1504699200.0,1.4955954551696777,15.980323791503906
1504720800.0,1.5330796241760254,15.758155822753906
1504742400.0,1.426317572593689,15.155128479003906
1504764000.0,1.4142563343048096,14.767921447753906
1504785600.0,1.3296244144439697,14.354347229003906
1504807200.0,1.3268314599990845,14.040870666503906
1504828800.0,1.3120641708374023,13.953468322753906
1504850400.0,1.3863766193389893,13.707862854003906
1504872000.0,1.350170373916626,13.432960510253906
1504893600.0,1.2722126245498657,13.171730041503906
1504915200.0,1.2143454551696777,12.870948791503906
1504936800.0,1.1749889850616455,12.474952697753906
1504958400.0,1.2851793766021729,14.570167541503906
1504980000.0,1.5436320304870605,15.681983947753906
1505001600.0,1.7126469612121582,16.922706604003906
1505023200.0,1.5806946754455566,16.591163635253906
1505044800.0,1.5750303268432617,15.798683166503906
1505066400.0,1.6807045936584473,14.952003479003906
1505088000.0,1.6609036922454834,14.438819885253906
1505109600.0,1.6598305702209473,13.671241760253906
1505131200.0,1.5358164310455322,13.210792541503906
1505152800.0,1.7102241516113281,13.091651916503906
1505174400.0,1.7538666725158691,13.354835510253906
1505196000.0,1.7208967208862305,15.497413635253906
1505217600.0,2.0182745456695557,16.180519104003906
1505239200.0,2.177440881729126,16.100440979003906
1505260800.0,2.0441505908966064,15.996437072753906
1505282400.0,1.8639565706253052,15.682960510253906
1505304000.0,1.8377348184585571,15.135108947753906
1505325600.0,1.784533977508545,14.464698791503906
1505347200.0,1.6751810312271118,14.132179260253906
1505368800.0,1.6306066513061523,13.692726135253906
1505390400.0,1.6665658950805664,13.643898010253906
1505412000.0,1.6611300706863403,14.003273010253906
1505433600.0,1.7170435190200806,14.360206604003906
1505455200.0,1.7417724132537842,14.311378479003906
1505476800.0,1.7758808135986328,13.798683166503906
1505498400.0,1.6880543231964111,13.477882385253906
1505520000.0,1.6479982137680054,13.383155822753906
1505541600.0,1.533313274383545,14.051856994628906
1505563200.0,1.4699416160583496,14.303077697753906
1505584800.0,1.5191044807434082,14.306983947753906
1505606400.0,1.4954805374145508,14.320411682128906
1505628000.0,1.4171662330627441,14.318702697753906
1505649600.0,1.4653351306915283,14.355079650878906
1505671200.0,1.5577201843261719,14.308937072753906
1505692800.0,1.5943348407745361,14.298927307128906
1505714400.0,1.6008875370025635,14.162940979003906
1505736000.0,1.5117027759552002,14.254737854003906
1505757600.0,1.4757394790649414,14.357765197753906
1505779200.0,1.4043903350830078,13.874855041503906
1505800800.0,1.449782133102417,13.498390197753906
1505822400.0,1.64262056350708,13.350440979003906
1505844000.0,1.6486661434173584,13.257667541503906
1505865600.0,1.6537251472473145,13.100440979003906
1505887200.0,1.5870990753173828,12.837257385253906
1505908800.0,1.5892819166183472,12.580909729003906
1505930400.0,1.5401639938354492,12.438331604003906
1505952000.0,1.4346327781677246,12.587745666503906
1505973600.0,1.3239648342132568,13.074562072753906
1505995200.0,1.26424241065979,13.361183166503906
1506016800.0,1.3231608867645264,13.322608947753906
1506038400.0,1.3584319353103638,13.157569885253906
1506060000.0,1.342618465423584,12.807472229003906
1506081600.0,1.4905396699905396,12.429542541503906
1506103200.0,1.5498099327087402,12.319190979003906
1506124800.0,1.4084854125976562,12.286720275878906
1506146400.0,1.3835663795471191,12.945655822753906
1506168000.0,1.457409381866455,13.086769104003906
1506189600.0,1.6030826568603516,13.307472229003906
1506211200.0,1.811124563217163,13.698097229003906
1506232800.0,1.9506096839904785,13.905128479003906
1506254400.0,2.0418245792388916,13.940284729003906
1506276000.0,2.0701143741607666,14.095558166503906
1506297600.0,1.8298128843307495,13.707862854003906
1506319200.0,1.6803205013275146,13.412208557128906
1506340800.0,1.7531769275665283,13.306739807128906
1506362400.0,1.7783615589141846,13.233985900878906
1506384000.0,1.6269251108169556,13.089454650878906
1506405600.0,1.532067894935608,12.962745666503906
1506427200.0,1.5507724285125732,12.910499572753906
1506448800.0,1.5718412399291992,12.902198791503906
1506470400.0,1.5979623794555664,12.966163635253906
1506492000.0,1.6543450355529785,13.056007385253906
1506513600.0,1.7088873386383057,12.977882385253906
1506535200.0,1.7533156871795654,12.551124572753906
1506556800.0,1.7480418682098389,12.403175354003906
1506578400.0,1.6799988746643066,12.381690979003906
1506600000.0,1.6108729839324951,12.528663635253906
1506621600.0,1.5462915897369385,13.015480041503906
1506643200.0,1.4926117658615112,13.089210510253906
1506664800.0,1.446968913078308,13.037940979003906
1506686400.0,1.6334723234176636,13.083351135253906
1506708000.0,1.5566010475158691,10.585548400878906
1506729600.0,1.4575388431549072,10.259132385253906
1506751200.0,1.3799207210540771,10.204933166503906
1506772800.0,1.354851245880127,10.264015197753906
1506794400.0,1.3315815925598145,10.297706604003906
1506816000.0,1.326249361038208,10.438819885253906
1506837600.0,1.2625153064727783,15.857276916503906
1506859200.0,1.2573068141937256,15.261573791503906
1506880800.0,1.2417131662368774,14.765968322753906
1506902400.0,1.243274450302124,14.438331604003906
1506924000.0,1.2570641040802002,13.955421447753906
1506945600.0,1.4105488061904907,14.198097229003906
1506967200.0,1.4295437335968018,13.673683166503906
1506988800.0,1.3712916374206543,13.201026916503906
1507010400.0,1.433496117591858,13.077491760253906
1507032000.0,1.5964395999908447,13.294776916503906
1507053600.0,1.4900171756744385,13.076026916503906
1507075200.0,1.3550269603729248,12.656593322753906
1507096800.0,1.2636730670928955,15.711280822753906
1507118400.0,1.3760886192321777,15.726417541503906
1507140000.0,1.3245456218719482,15.743019104003906
1507161600.0,1.2777841091156006,15.676124572753906
1507183200.0,1.2850358486175537,15.378273010253906
1507204800.0,1.3164105415344238,15.001319885253906
1507226400.0,1.3847439289093018,14.639015197753906
1507248000.0,1.4352173805236816,14.189796447753906
1507269600.0,1.4479053020477295,13.625343322753906
1507291200.0,1.4720685482025146,13.330909729003906
1507312800.0,1.4416987895965576,13.071144104003906
1507334400.0,1.6221812963485718,13.313331604003906
1507356000.0,1.551605463027954,13.137062072753906
1507377600.0,1.6553704738616943,12.395362854003906
1507399200.0,1.6400796175003052,11.952980041503906
1507420800.0,1.5438355207443237,16.247901916503906
1507442400.0,1.4009287357330322,15.880714416503906
1507464000.0,1.448204517364502,15.282569885253906
1507485600.0,1.5719696283340454,15.047706604003906
1507507200.0,1.51002836227417,14.825050354003906
1507528800.0,1.4139835834503174,14.641212463378906
1507550400.0,1.341531753540039,14.515968322753906
1507572000.0,1.3519827127456665,14.526710510253906
1507593600.0,1.4110357761383057,14.541847229003906
1507615200.0,1.469862461090088,14.567726135253906
1507636800.0,1.5928984880447388,14.649757385253906
1507658400.0,1.649565577507019,14.488136291503906
1507680000.0,1.6113048791885376,14.053565979003906
1507701600.0,1.5446059703826904,13.522315979003906
1507723200.0,1.5328552722930908,13.201515197753906
1507744800.0,1.5089800357818604,12.930519104003906
1507766400.0,1.4100768566131592,12.374366760253906
1507788000.0,1.3648196458816528,12.151222229003906
1507809600.0,1.450997233390808,12.643409729003906
1507831200.0,1.4187941551208496,15.157081604003906
1507852800.0,1.44296395778656,15.593605041503906
1507874400.0,1.4886285066604614,15.335792541503906
1507896000.0,1.5483055114746094,15.082862854003906
1507917600.0,1.5264451503753662,14.741554260253906
1507939200.0,1.4896419048309326,14.341651916503906
1507960800.0,1.4704087972640991,14.163917541503906
1507982400.0,1.5671674013137817,14.068702697753906
1508004000.0,1.619611144065857,13.807472229003906
1508025600.0,1.5698580741882324,13.599464416503906
1508047200.0,1.512782335281372,13.362648010253906
1508068800.0,1.4377474784851074,13.096534729003906
1508090400.0,1.3990252017974854,12.725929260253906
1508112000.0,1.3488051891326904,12.419288635253906
1508133600.0,1.2865242958068848,12.452003479003906
1508155200.0,1.337697982788086,13.569679260253906
1508176800.0,1.4142612218856812,14.086769104003906
1508198400.0,1.3830333948135376,13.972023010253906
1508220000.0,1.2418718338012695,13.589698791503906
1508241600.0,1.29685640335083,13.657569885253906
1508263200.0,1.481976866722107,13.593605041503906
1508284800.0,1.7256100177764893,13.630226135253906
1508306400.0,1.9907236099243164,13.727882385253906
1508328000.0,2.4561803340911865,14.193214416503906
1508349600.0,2.391279935836792,14.226905822753906
1508371200.0,2.209197521209717,13.883155822753906
1508392800.0,1.8618934154510498,13.101417541503906
1508414400.0,1.6154145002365112,12.260597229003906
1508436000.0,1.5037684440612793,11.970558166503906
1508457600.0,1.4896769523620605,11.704444885253906
1508479200.0,1.552459716796875,14.598487854003906
1508500800.0,1.5921878814697266,14.514503479003906
1508522400.0,1.7080671787261963,14.408546447753906
1508544000.0,1.7223470211029053,14.256202697753906
1508565600.0,1.7126286029815674,13.924171447753906
1508587200.0,1.7792901992797852,13.707374572753906
1508608800.0,1.8891246318817139,13.580909729003906
1508630400.0,1.7846765518188477,13.396827697753906
1508652000.0,1.642566442489624,13.050636291503906
1508673600.0,1.7112598419189453,12.909523010253906
1508695200.0,1.6012318134307861,12.339210510253906
1508716800.0,1.6170607805252075,12.704444885253906
1508738400.0,1.5555918216705322,12.625831604003906
1508760000.0,1.5214449167251587,12.317726135253906
1508781600.0,1.3678202629089355,12.127784729003906
1508803200.0,1.2148456573486328,11.981300354003906
1508824800.0,1.1972122192382812,11.772315979003906
1508846400.0,1.2581703662872314,11.348976135253906
1508868000.0,1.338904857635498,10.989601135253906
1508889600.0,1.1974685192108154,10.515480041503906
1508911200.0,1.1061077117919922,15.688819885253906
1508932800.0,1.117955207824707,15.097023010253906
1508954400.0,1.0953820943832397,14.640968322753906
1508976000.0,1.1012282371520996,14.435890197753906
1508997600.0,1.1710131168365479,14.276222229003906
1509019200.0,1.3176522254943848,13.823097229003906
1509040800.0,1.4181768894195557,13.484230041503906
1509062400.0,1.410203218460083,13.382667541503906
1509084000.0,1.4031072854995728,13.479347229003906
1509105600.0,1.4141217470169067,14.297706604003906
1509127200.0,1.451063871383667,14.566749572753906
1509148800.0,1.4617366790771484,14.504249572753906
1509170400.0,1.4589920043945312,14.147315979003906
1509192000.0,1.4140815734863281,13.473976135253906
1509213600.0,1.4970855712890625,13.516944885253906
1509235200.0,1.5946781635284424,13.766456604003906
1509256800.0,1.7216219902038574,19.450050354003906
1509278400.0,1.8471050262451172,18.825538635253906
1509300000.0,1.8765289783477783,17.700050354003906
1509321600.0,1.8849577903747559,17.222511291503906
1509343200.0,1.8407196998596191,16.356788635253906
1509364800.0,1.7977206707000732,15.859230041503906
1509386400.0,1.720529556274414,15.455421447753906
1509408000.0,1.6494903564453125,15.442726135253906
1509429600.0,1.6785730123519897,15.731788635253906
1509451200.0,1.7184511423110962,15.728858947753906
1509472800.0,1.6810550689697266,15.169288635253906
1509494400.0,1.7521229982376099,14.743507385253906
1509516000.0,1.7024743556976318,14.409523010253906
1509537600.0,1.6031662225723267,14.196144104003906
1509559200.0,1.5083162784576416,13.738136291503906
1509580800.0,1.4731165170669556,13.493995666503906
1509602400.0,1.367095947265625,13.126808166503906
1509624000.0,1.2957866191864014,12.686866760253906
1509645600.0,1.2622454166412354,12.554054260253906
1509667200.0,1.2546687126159668,14.616554260253906
1509688800.0,1.2805109024047852,14.604347229003906
1509710400.0,1.2871180772781372,14.301124572753906
1509732000.0,1.3017833232879639,13.792823791503906
1509753600.0,1.2917494773864746,13.470069885253906
1509775200.0,1.2217262983322144,12.959815979003906
1509796800.0,1.2262437343597412,12.312355041503906
1509818400.0,1.193188190460205,11.831398010253906
1509840000.0,1.1883472204208374,11.742530822753906
1509861600.0,1.1524745225906372,11.572608947753906
1509883200.0,1.1229588985443115,11.379737854003906
1509904800.0,1.0743685960769653,11.228858947753906
1509926400.0,1.019228458404541,11.095069885253906
1509948000.0,0.974325954914093,10.888038635253906
1509969600.0,0.973431408405304,10.768409729003906
1509991200.0,0.9961892366409302,13.274269104003906
1510012800.0,1.024078607559204,13.371925354003906
1510034400.0,1.0552787780761719,13.181007385253906
1510056000.0,1.0969607830047607,12.984718322753906
1510077600.0,1.0585620403289795,12.377784729003906
1510099200.0,1.071096420288086,12.200050354003906
1510120800.0,1.0406206846237183,11.930519104003906
1510142400.0,0.9940953254699707,11.329933166503906
1510164000.0,1.0116264820098877,11.279151916503906
1510185600.0,0.9985079765319824,11.461769104003906
1510207200.0,1.0694633722305298,12.333839416503906
1510228800.0,1.1603586673736572,13.482765197753906
1510250400.0,1.1919207572937012,14.965187072753906
1510272000.0,1.2250525951385498,14.837745666503906
1510293600.0,1.248934268951416,14.403663635253906
1510315200.0,1.3087468147277832,14.170753479003906
1510336800.0,1.3421909809112549,13.796241760253906
1510358400.0,1.3729441165924072,13.622901916503906
1510380000.0,1.3385199308395386,13.354347229003906
1510401600.0,1.3075298070907593,13.078956604003906
1510423200.0,1.2417573928833008,12.745948791503906
1510444800.0,1.186112403869629,12.349952697753906
1510466400.0,1.213240623474121,12.339210510253906
1510488000.0,1.1919183731079102,12.120948791503906
1510509600.0,1.1836986541748047,14.519874572753906
1510531200.0,1.1938636302947998,14.241554260253906
1510552800.0,1.203796625137329,13.881202697753906
1510574400.0,1.1657006740570068,13.071144104003906
1510596000.0,1.3875792026519775,13.232276916503906
1510617600.0,1.298776626586914,12.978126525878906
1510639200.0,1.2279868125915527,12.962257385253906
1510660800.0,1.2485778331756592,15.173683166503906
1510682400.0,1.3178269863128662,14.979835510253906
1510704000.0,1.3847665786743164,14.717628479003906
1510725600.0,1.3926241397857666,14.389015197753906
1510747200.0,1.3959770202636719,14.007423400878906
1510768800.0,1.4189844131469727,13.776710510253906
1510790400.0,1.3805545568466187,13.516944885253906
1510812000.0,1.3168977499008179,13.292335510253906
1510833600.0,1.2858333587646484,13.047218322753906
1510855200.0,1.1635169982910156,12.364601135253906
1510876800.0,1.1177270412445068,12.039161682128906
1510898400.0,1.0828951597213745,11.638282775878906
1510920000.0,1.105847716331482,11.196144104003906
1510941600.0,1.030171513557434,10.799415588378906
1510963200.0,0.9793928265571594,10.650733947753906
1510984800.0,1.0352765321731567,10.789405822753906
1511006400.0,1.0635524988174438,10.662940979003906
1511028000.0,1.1039316654205322,16.991065979003906
1511049600.0,1.0939280986785889,16.102882385253906
1511071200.0,1.048825979232788,15.219337463378906
1511092800.0,0.9826628565788269,14.400489807128906
1511114400.0,1.0015876293182373,13.949806213378906
1511136000.0,1.0426455736160278,13.688087463378906
1511157600.0,1.1569010019302368,13.466896057128906
1511179200.0,1.3092567920684814,13.368507385253906
1511200800.0,1.3499655723571777,13.182960510253906
1511222400.0,1.2829229831695557,12.520606994628906
1511244000.0,1.296175241470337,12.312110900878906
1511265600.0,1.3167192935943604,12.109230041503906
1511287200.0,1.292857050895691,11.834083557128906
1511308800.0,1.3004629611968994,11.363380432128906
1511330400.0,1.3182258605957031,15.614601135253906
1511352000.0,1.3639802932739258,15.074806213378906
1511373600.0,1.4267544746398926,14.865089416503906
1511395200.0,1.5118968486785889,14.664649963378906
1511416800.0,1.5735101699829102,14.452003479003906
1511438400.0,1.6325414180755615,14.191261291503906
1511460000.0,1.5776867866516113,13.705177307128906
1511481600.0,1.6056640148162842,13.487892150878906
1511503200.0,1.545457124710083,13.256690979003906
1511524800.0,1.5526515245437622,13.145606994628906
1511546400.0,1.5255104303359985,12.879493713378906
1511568000.0,1.4764094352722168,12.233009338378906
1511589600.0,1.4214885234832764,11.829200744628906
1511611200.0,1.4820890426635742,11.346778869628906
1511632800.0,1.3683770895004272,10.997901916503906
1511654400.0,1.3471614122390747,13.736671447753906
1511676000.0,1.3251309394836426,13.525733947753906
1511697600.0,1.6272757053375244,5.625099182128906
1511719200.0,1.696657657623291,6.339698791503906
1511740800.0,1.7384212017059326,6.547706604003906
1511762400.0,1.6830096244812012,6.528175354003906
1511784000.0,1.9154136180877686,6.972023010253906
1511805600.0,1.7835569381713867,7.714210510253906
1511827200.0,1.72097647190094,7.839698791503906
1511848800.0,1.7468916177749634,8.146339416503906
1511870400.0,1.9487025737762451,7.822120666503906
1511892000.0,1.851106882095337,8.209327697753906
1511913600.0,1.8079524040222168,8.211280822753906
1511935200.0,1.9182065725326538,8.443702697753906
1511956800.0,2.2822909355163574,8.606300354003906
1511978400.0,2.5215017795562744,8.730812072753906
1512000000.0,2.9184117317199707,8.447120666503906
1512021600.0,2.826216220855713,8.420753479003906
1512043200.0,2.607539653778076,8.510597229003906
1512064800.0,2.4312191009521484,9.798683166503906
1512086400.0,2.176642894744873,9.911476135253906
1512108000.0,1.9726336002349854,10.009132385253906
1512129600.0,1.7673344612121582,10.035987854003906
1512151200.0,1.5631139278411865,10.160987854003906
1512172800.0,1.4638597965240479,10.320167541503906
1512194400.0,1.4497207403182983,10.461769104003906
1512216000.0,1.664921522140503,11.114112854003906
1512237600.0,1.4725266695022583,11.133644104003906
1512259200.0,1.3424574136734009,10.975929260253906
1512280800.0,1.3160086870193481,10.812843322753906
1512302400.0,1.3339064121246338,10.692726135253906
1512324000.0,1.3421738147735596,10.614601135253906
1512345600.0,1.461367130279541,10.940284729003906
1512367200.0,1.4153320789337158,16.726417541503906
1512388800.0,1.3821088075637817,16.098487854003906
1512410400.0,1.3026704788208008,15.736671447753906
1512432000.0,1.332761287689209,15.103858947753906
1512453600.0,1.3182872533798218,14.813331604003906
1512475200.0,1.2843632698059082,14.573585510253906
1512496800.0,1.213271975517273,14.118019104003906
1512518400.0,1.1976772546768188,13.696144104003906
1512540000.0,1.143726110458374,13.467628479003906
1512561600.0,1.175722599029541,13.790870666503906
1512583200.0,1.1013329029083252,14.234230041503906
1512604800.0,1.1335115432739258,14.251319885253906
1512626400.0,1.0966354608535767,13.698341369628906
1512648000.0,1.1613967418670654,13.375587463378906
1512669600.0,1.1482534408569336,13.174659729003906
1512691200.0,1.2536612749099731,13.481788635253906
1512712800.0,1.2302603721618652,13.044044494628906
1512734400.0,1.4539238214492798,13.094581604003906
1512756000.0,1.4539573192596436,12.466163635253906
1512777600.0,1.3176279067993164,12.259620666503906
1512799200.0,1.288649559020996,12.423194885253906
1512820800.0,1.3472868204116821,13.039894104003906
1512842400.0,1.2518761157989502,13.232276916503906
1512864000.0,1.2585968971252441,13.289894104003906
1512885600.0,1.221254825592041,13.254737854003906
1512907200.0,1.2718175649642944,13.119972229003906
1512928800.0,1.2032999992370605,12.824073791503906
1512950400.0,1.2126121520996094,14.691749572753906
1512972000.0,1.1915607452392578,14.622901916503906
1512993600.0,1.2118332386016846,14.486183166503906
1513015200.0,1.1612093448638916,14.152687072753906
1513036800.0,1.1867451667785645,13.553565979003906
1513058400.0,1.1434614658355713,13.217140197753906
1513080000.0,1.1579207181930542,12.940284729003906
1513101600.0,1.161036491394043,12.414405822753906
1513123200.0,1.1913968324661255,12.137550354003906
1513144800.0,1.2781565189361572,12.096046447753906
1513166400.0,1.3465683460235596,6.114112854003906
1513188000.0,1.1831409931182861,12.927101135253906
1513209600.0,1.0999109745025635,13.495460510253906
1513231200.0,1.0683881044387817,13.588233947753906
1513252800.0,1.1156266927719116,13.360694885253906
1513274400.0,1.168636679649353,13.116065979003906
1513296000.0,1.1539108753204346,12.755226135253906
1513317600.0,1.1391301155090332,12.331398010253906
1513339200.0,1.1346535682678223,11.477882385253906
1513360800.0,1.1997580528259277,12.207862854003906
1513382400.0,1.2187221050262451,13.096046447753906
1513404000.0,1.2262685298919678,13.179542541503906
1513425600.0,1.2948973178863525,13.078468322753906
1513447200.0,1.2801135778427124,12.931007385253906
1513468800.0,1.2657997608184814,12.473976135253906
1513490400.0,1.3079237937927246,12.182960510253906
1513512000.0,1.6242682933807373,6.355812072753906
1513533600.0,1.3798532485961914,11.728370666503906
1513555200.0,1.1922249794006348,11.382667541503906
1513576800.0,1.0708229541778564,11.195167541503906
1513598400.0,1.087451457977295,13.461769104003906
1513620000.0,1.1338815689086914,13.451515197753906
1513641600.0,1.14199960231781,13.345069885253906
1513663200.0,1.0975661277770996,12.999855041503906
1513684800.0,1.1443660259246826,12.719093322753906
1513706400.0,1.481266736984253,6.524757385253906
1513728000.0,1.4200904369354248,15.246925354003906
1513749600.0,1.7826147079467773,15.581886291503906
1513771200.0,1.7895636558532715,14.624855041503906
1513792800.0,1.6529219150543213,13.776222229003906
1513814400.0,1.5933198928833008,13.365089416503906
1513836000.0,1.4811928272247314,12.882667541503906
1513857600.0,1.5609560012817383,12.970558166503906
1513879200.0,1.5681159496307373,13.413917541503906
1513900800.0,1.6523442268371582,14.174171447753906
1513922400.0,1.419065237045288,14.175636291503906
1513944000.0,1.3170092105865479,13.511573791503906
1513965600.0,1.290435552597046,13.187355041503906
1513987200.0,1.2493162155151367,12.973487854003906
1514008800.0,1.2220346927642822,13.018409729003906
1514030400.0,1.1603598594665527,12.777687072753906
1514052000.0,1.1043944358825684,12.199073791503906
1514073600.0,1.1074731349945068,11.853370666503906
1514095200.0,1.110154151916504,11.475440979003906
1514116800.0,1.1218312978744507,11.321632385253906
1514138400.0,1.056565523147583,11.302101135253906
1514160000.0,1.0851672887802124,13.247413635253906
1514181600.0,1.0642235279083252,13.202003479003906
1514203200.0,1.2781198024749756,13.286964416503906
1514224800.0,1.2292685508728027,13.135597229003906
1514246400.0,1.2307960987091064,12.756202697753906
1514268000.0,1.184319257736206,12.314308166503906
1514289600.0,1.3851428031921387,5.155616760253906
1514311200.0,1.428368091583252,5.437843322753906
1514332800.0,1.2660025358200073,5.697120666503906
1514354400.0,1.169691562652588,10.075050354003906
1514376000.0,1.3270375728607178,16.516944885253906
1514397600.0,1.3278052806854248,17.551124572753906
1514419200.0,1.3097515106201172,17.177589416503906
1514440800.0,1.3642381429672241,16.240089416503906
1514462400.0,1.4113409519195557,15.605812072753906
1514484000.0,1.42734956741333,14.873390197753906
1514505600.0,1.381721019744873,14.334815979003906
1514527200.0,1.392099142074585,13.989112854003906
1514548800.0,1.4275648593902588,13.981788635253906
1514570400.0,1.4188090562820435,13.733253479003906
1514592000.0,1.384540319442749,13.295753479003906
1514613600.0,1.3972760438919067,13.040870666503906
1514635200.0,1.3868043422698975,12.953956604003906
1514656800.0,1.3571319580078125,13.088722229003906
1514678400.0,1.3327641487121582,13.182960510253906
1514700000.0,1.3074272871017456,13.138038635253906
1514721600.0,1.4182233810424805,13.176612854003906
1514743200.0,1.3480186462402344,12.703956604003906
1514764800.0,1.3546841144561768,12.414161682128906
1514786400.0,1.3545656204223633,12.268409729003906
1514808000.0,1.4075827598571777,12.049903869628906
1514829600.0,1.3554143905639648,12.063331604003906
1514851200.0,1.2579426765441895,11.830421447753906
1514872800.0,1.2038319110870361,11.403663635253906
1514894400.0,1.1939748525619507,15.825050354003906
1514916000.0,1.155961036682129,14.904151916503906
1514937600.0,1.146162509918213,14.517433166503906
1514959200.0,1.123180627822876,13.734718322753906
1514980800.0,1.2161507606506348,13.561866760253906
1515002400.0,1.229731798171997,13.316749572753906
1515024000.0,1.2512052059173584,12.960304260253906
1515045600.0,1.3403868675231934,12.508644104003906
1515067200.0,1.4837794303894043,12.210792541503906
1515088800.0,1.4635839462280273,11.902198791503906
1515110400.0,1.6322400569915771,11.916358947753906
1515132000.0,1.5342810153961182,11.324562072753906
1515153600.0,1.5888428688049316,8.449562072753906
1515175200.0,1.5934075117111206,8.771339416503906
1515196800.0,1.5172531604766846,9.225440979003906
1515218400.0,1.423088788986206,9.028663635253906
1515240000.0,1.5844004154205322,9.033058166503906
1515261600.0,1.4143832921981812,8.786476135253906
1515283200.0,1.3148601055145264,8.742042541503906
1515304800.0,1.2441697120666504,12.972511291503906
1515326400.0,1.2158970832824707,9.360694885253906
1515348000.0,1.1403709650039673,8.770362854003906
1515369600.0,1.1208264827728271,8.603858947753906
1515391200.0,1.0826225280761719,8.540870666503906
1515412800.0,1.1720218658447266,11.713722229003906
1515434400.0,1.2072992324829102,11.748878479003906
1515456000.0,1.22005295753479,11.495460510253906
1515477600.0,1.240149974822998,11.282569885253906
1515499200.0,1.2416213750839233,11.097999572753906
1515520800.0,1.2350378036499023,10.941749572753906
1515542400.0,1.2579936981201172,10.861183166503906
1515564000.0,1.2909092903137207,10.758155822753906
1515585600.0,1.3809311389923096,10.633155822753906
1515607200.0,1.2962994575500488,10.323585510253906
1515628800.0,1.3874835968017578,7.583839416503906
1515650400.0,1.6381056308746338,6.785499572753906
1515672000.0,2.193535089492798,7.377784729003906
1515693600.0,1.6660525798797607,7.886573791503906
1515715200.0,1.4054007530212402,7.982276916503906
1515736800.0,1.5317978858947754,7.626319885253906
1515758400.0,1.8456352949142456,7.692237854003906
1515780000.0,2.0032129287719727,8.269386291503906
1515801600.0,2.123906135559082,8.461769104003906
1515823200.0,1.8673303127288818,8.755714416503906
1515844800.0,2.063776969909668,8.573585510253906
1515866400.0,2.0596272945404053,8.210792541503906
1515888000.0,1.6732442378997803,8.173194885253906
1515909600.0,1.5234407186508179,7.895851135253906
1515931200.0,1.8050847053527832,7.206398010253906
1515952800.0,1.8156075477600098,7.012550354003906
1515974400.0,1.753662347793579,6.929542541503906
1515996000.0,1.5803682804107666,12.134620666503906
1516017600.0,1.7230980396270752,6.287452697753906
1516039200.0,1.505725622177124,11.657569885253906
1516060800.0,1.5580224990844727,6.291847229003906
1516082400.0,1.596181035041809,7.643409729003906
1516104000.0,1.7550561428070068,7.933937072753906
1516125600.0,1.5504841804504395,7.801612854003906
1516147200.0,1.4386756420135498,7.566261291503906
1516168800.0,1.3235113620758057,14.887550354003906
1516190400.0,1.4824283123016357,14.798194885253906
1516212000.0,1.6162972450256348,14.596534729003906
1516233600.0,1.569112777709961,14.352882385253906
1516255200.0,1.6742322444915771,13.676612854003906
1516276800.0,1.894876480102539,13.305030822753906
1516298400.0,1.8409571647644043,13.023780822753906
1516320000.0,1.9888818264007568,7.860206604003906
1516341600.0,1.8343886137008667,8.107765197753906
1516363200.0,1.6276172399520874,12.114112854003906
1516384800.0,1.6929495334625244,11.960792541503906
1516406400.0,2.0481796264648438,6.983253479003906
1516428000.0,1.9047267436981201,8.012550354003906
1516449600.0,1.8479077816009521,7.999855041503906
1516471200.0,1.7449185848236084,11.249855041503906
1516492800.0,1.6885771751403809,6.672706604003906
1516514400.0,1.721675157546997,7.116065979003906
1516536000.0,2.0182440280914307,7.116554260253906
1516557600.0,1.9630811214447021,7.682472229003906
1516579200.0,1.9888944625854492,7.612159729003906
1516600800.0,1.9366722106933594,7.674659729003906
1516622400.0,1.9486300945281982,7.392433166503906
1516644000.0,1.9047784805297852,7.313819885253906
1516665600.0,1.70530104637146,7.793312072753906
1516687200.0,1.6698806285858154,7.903663635253906
1516708800.0,1.8457412719726562,7.903175354003906
1516730400.0,1.8598401546478271,8.116554260253906
1516752000.0,1.8487262725830078,8.507667541503906
1516773600.0,1.7552378177642822,8.435401916503906
1516795200.0,2.160191059112549,8.024757385253906
1516816800.0,2.073434352874756,8.182472229003906
1516838400.0,2.0412521362304688,8.140480041503906
1516860000.0,1.7879830598831177,8.272804260253906
1516881600.0,2.012916088104248,8.043312072753906
1516903200.0,1.9619910717010498,16.022315979003906
1516924800.0,2.0212910175323486,15.868995666503906
1516946400.0,2.056682586669922,15.456398010253906
1516968000.0,2.1435887813568115,14.876319885253906
1516989600.0,1.9897534847259521,14.573585510253906
1517011200.0,2.045936107635498,8.078468322753906
1517032800.0,1.8768421411514282,8.623390197753906
1517054400.0,2.1435842514038086,7.503761291503906
1517076000.0,2.0160470008850098,8.153175354003906
1517097600.0,2.100874900817871,8.152198791503906
1517119200.0,2.1875596046447754,8.278663635253906
1517140800.0,2.224687337875366,7.997413635253906
1517162400.0,2.064023971557617,7.657081604003906
1517184000.0,1.9891432523727417,13.359230041503906
1517205600.0,1.9855496883392334,13.374366760253906
1517227200.0,2.000295639038086,12.744972229003906
1517248800.0,1.9952611923217773,12.461769104003906
1517270400.0,2.0494627952575684,12.031593322753906
1517292000.0,1.812276840209961,11.624366760253906
1517313600.0,1.8598687648773193,11.426612854003906
1517335200.0,1.671903133392334,11.330421447753906
1517356800.0,1.5640308856964111,11.247413635253906
1517378400.0,1.6531362533569336,11.471046447753906
1517400000.0,1.6058576107025146,11.326026916503906
1517421600.0,1.5824363231658936,11.461769104003906
1517443200.0,1.4982128143310547,11.419532775878906
1517464800.0,1.4669454097747803,11.274269104003906
1517486400.0,1.5492149591445923,11.401710510253906
1517508000.0,1.5074108839035034,11.227638244628906
1517529600.0,1.4182229042053223,10.996437072753906
1517551200.0,1.3042539358139038,10.768409729003906
1517572800.0,1.3145313262939453,10.567970275878906
1517594400.0,1.2308015823364258,10.468605041503906
1517616000.0,1.262000560760498,10.711769104003906
1517637600.0,1.2036988735198975,7.521339416503906
1517659200.0,1.105046033859253,7.612648010253906
1517680800.0,1.035477638244629,7.646339416503906
1517702400.0,0.9925486445426941,9.691749572753906
1517724000.0,0.9652167558670044,10.021339416503906
1517745600.0,0.9378207325935364,12.233741760253906
1517767200.0,0.9171215295791626,12.648292541503906
1517788800.0,0.9128012657165527,12.620948791503906
1517810400.0,0.9042535424232483,12.158546447753906
1517832000.0,0.9198015928268433,11.843605041503906
1517853600.0,0.9720771312713623,11.797218322753906
1517875200.0,1.2332206964492798,12.717140197753906
1517896800.0,1.2045727968215942,11.944679260253906
1517918400.0,1.1473681926727295,11.210792541503906
1517940000.0,1.1505985260009766,11.042335510253906
1517961600.0,1.1363775730133057,10.923194885253906
1517983200.0,1.1631486415863037,10.800148010253906
1518004800.0,1.2164885997772217,10.681495666503906
1518026400.0,1.2226322889328003,10.594093322753906
1518048000.0,1.1405408382415771,10.347023010253906
1518069600.0,1.0756404399871826,10.055030822753906
1518091200.0,1.1188044548034668,15.452980041503906
1518112800.0,1.1300241947174072,14.544776916503906
1518134400.0,1.2423208951950073,14.808448791503906
1518156000.0,1.3606520891189575,14.692726135253906
1518177600.0,1.4942505359649658,14.370460510253906
1518199200.0,1.5163134336471558,13.731300354003906
1518220800.0,1.3444515466690063,12.662940979003906
1518242400.0,1.3417301177978516,12.709815979003906
1518264000.0,1.3226510286331177,12.531593322753906
1518285600.0,1.30973219871521,12.101905822753906
1518307200.0,1.2261743545532227,11.903175354003906
1518328800.0,1.183304786682129,11.795753479003906
1518350400.0,1.1830952167510986,11.540382385253906
1518372000.0,1.1331850290298462,11.181007385253906
1518393600.0,1.1220736503601074,11.038673400878906
1518415200.0,1.0980236530303955,14.317726135253906
1518436800.0,1.0794981718063354,13.959815979003906
1518458400.0,1.0759791135787964,13.702735900878906
1518480000.0,1.0487263202667236,13.447120666503906
1518501600.0,0.9240580201148987,12.367774963378906
1518523200.0,0.9879736304283142,12.024269104003906
1518544800.0,1.0877509117126465,12.013038635253906
1518566400.0,1.0971544981002808,12.000343322753906
1518588000.0,1.1286488771438599,17.540870666503906
1518609600.0,1.1692707538604736,15.942237854003906
1518631200.0,1.4039454460144043,16.197120666503906
1518652800.0,1.5393569469451904,15.747413635253906
1518674400.0,1.5779999494552612,14.981788635253906
1518696000.0,1.795213222503662,14.514015197753906
1518717600.0,1.6274523735046387,13.913917541503906
1518739200.0,1.5043199062347412,13.485694885253906
1518760800.0,1.3879907131195068,13.187843322753906
1518782400.0,1.4845377206802368,12.716163635253906
1518804000.0,1.3669722080230713,12.355323791503906
1518825600.0,1.289175033569336,12.241065979003906
1518847200.0,1.2096667289733887,12.258644104003906
1518868800.0,1.089785099029541,11.993019104003906
1518890400.0,1.0955277681350708,11.968605041503906
1518912000.0,1.119438648223877,12.120460510253906
1518933600.0,1.1153024435043335,12.159034729003906
1518955200.0,1.217543601989746,12.003761291503906
1518976800.0,1.2957003116607666,11.868507385253906
1518998400.0,1.1546496152877808,11.445655822753906
1519020000.0,1.217827558517456,15.869972229003906
1519041600.0,1.1955792903900146,15.081398010253906
1519063200.0,1.1452018022537231,14.652687072753906
1519084800.0,1.10471510887146,14.282081604003906
1519106400.0,1.0594302415847778,13.717628479003906
1519128000.0,1.094009518623352,13.695655822753906
1519149600.0,1.0871617794036865,13.793312072753906
1519171200.0,1.1141200065612793,13.637550354003906
1519192800.0,1.137047290802002,13.342628479003906
1519214400.0,1.1883723735809326,13.001808166503906
1519236000.0,1.1652538776397705,12.488624572753906
1519257600.0,1.0914978981018066,11.985206604003906
1519279200.0,1.1452910900115967,12.166358947753906
1519300800.0,1.268570065498352,13.418312072753906
1519322400.0,1.3441890478134155,13.721046447753906
1519344000.0,1.3923850059509277,13.429542541503906
1519365600.0,1.3953876495361328,13.092140197753906
1519387200.0,1.459417700767517,12.699073791503906
1519408800.0,1.4655892848968506,12.243019104003906
1519430400.0,1.4407824277877808,16.746437072753906
1519452000.0,1.3959612846374512,16.147804260253906
1519473600.0,1.360938549041748,15.627296447753906
1519495200.0,1.3463459014892578,15.008644104003906
1519516800.0,1.3226051330566406,14.748390197753906
1519538400.0,1.2554645538330078,14.358741760253906
1519560000.0,1.1920993328094482,13.733253479003906
1519581600.0,1.1698188781738281,13.460792541503906
1519603200.0,1.1447436809539795,13.215187072753906
1519624800.0,1.1069796085357666,12.916358947753906
1519646400.0,1.0621378421783447,12.281593322753906
1519668000.0,1.0270973443984985,11.977882385253906
1519689600.0,0.996418297290802,11.779640197753906
1519711200.0,0.9725419878959656,11.458839416503906
1519732800.0,1.021019458770752,11.759620666503906
1519754400.0,0.9842254519462585,11.535987854003906
1519776000.0,0.9775654077529907,11.466651916503906
1519797600.0,0.9243753552436829,11.042335510253906
1519819200.0,0.8866650462150574,10.678565979003906
1519840800.0,0.8546287417411804,10.225929260253906
1519862400.0,0.839427649974823,9.938819885253906
1519884000.0,0.8442007899284363,13.979347229003906
1519905600.0,0.8943024277687073,13.785011291503906
1519927200.0,0.9281327128410339,13.599464416503906
1519948800.0,0.993520975112915,13.471046447753906
1519970400.0,1.0229600667953491,13.094581604003906
1519992000.0,1.23700749874115,13.673194885253906
1520013600.0,1.257723093032837,13.333351135253906
1520035200.0,1.202868938446045,12.577980041503906
1520056800.0,1.1474324464797974,12.056983947753906
1520078400.0,1.0990021228790283,11.575050354003906
1520100000.0,1.0654091835021973,11.254249572753906
1520121600.0,1.035823106765747,11.049171447753906
1520143200.0,0.9637598991394043,14.858741760253906
1520164800.0,0.9524649381637573,14.430030822753906
1520186400.0,0.976523756980896,14.070655822753906
1520208000.0,1.0302510261535645,13.681007385253906
1520229600.0,1.0811095237731934,13.390968322753906
1520251200.0,1.1524158716201782,13.202980041503906
1520272800.0,1.1431725025177002,12.702980041503906
1520294400.0,1.122040033340454,12.208351135253906
1520316000.0,1.0871968269348145,11.737159729003906
1520337600.0,1.1675981283187866,11.279640197753906
1520359200.0,1.2089004516601562,11.038429260253906
1520380800.0,1.3446367979049683,11.256690979003906
1520402400.0,1.252230167388916,11.009132385253906
1520424000.0,1.2110881805419922,10.720558166503906
1520445600.0,1.0604016780853271,10.403175354003906
1520467200.0,0.9671331644058228,13.522804260253906
1520488800.0,0.9409059882164001,13.419288635253906
1520510400.0,0.9360960125923157,13.279151916503906
1520532000.0,0.8853957056999207,13.101417541503906
1520553600.0,0.8432561755180359,12.784034729003906
1520575200.0,0.8059507012367249,12.362648010253906
1520596800.0,0.7692421078681946,12.258644104003906
1520618400.0,0.7692253589630127,12.562843322753906
1520640000.0,0.7851542830467224,12.862648010253906
1520661600.0,0.7886548042297363,12.265480041503906
1520683200.0,0.8312512636184692,12.085304260253906
1520704800.0,0.865311324596405,11.761085510253906
1520726400.0,0.9088778495788574,11.378761291503906
1520748000.0,0.8759328722953796,10.459815979003906
1520769600.0,0.9658010005950928,15.789894104003906
1520791200.0,1.064669132232666,14.697608947753906
1520812800.0,1.2684621810913086,15.190773010253906
1520834400.0,1.4771757125854492,15.002784729003906
1520856000.0,1.5551261901855469,14.334815979003906
1520877600.0,1.560888409614563,13.705909729003906
1520899200.0,1.6026159524917603,13.553077697753906
1520920800.0,1.5395021438598633,13.375343322753906
1520942400.0,1.5018911361694336,13.194679260253906
1520964000.0,1.4116361141204834,12.928565979003906
1520985600.0,1.3255372047424316,12.374855041503906
1521007200.0,1.2438122034072876,11.973976135253906
1521028800.0,1.185930848121643,11.673194885253906
1521050400.0,1.144791841506958,11.496925354003906
1521072000.0,1.3720595836639404,12.689308166503906
1521093600.0,1.2792866230010986,11.638038635253906
1521115200.0,1.2757556438446045,11.132179260253906
1521136800.0,1.152137041091919,10.785011291503906
1521158400.0,1.0593018531799316,10.246437072753906
1521180000.0,1.0119081735610962,17.334815979003906
1521201600.0,1.0300887823104858,16.977882385253906
1521223200.0,1.0707974433898926,16.486671447753906
1521244800.0,1.0818053483963013,15.974952697753906
1521266400.0,1.0675983428955078,15.237648010253906
1521288000.0,1.0274239778518677,14.664405822753906
1521309600.0,0.9840840697288513,14.056495666503906
1521331200.0,0.9540939331054688,13.599464416503906
1521352800.0,0.9346861243247986,13.329444885253906
1521374400.0,1.0231420993804932,13.620948791503906
1521396000.0,1.0169986486434937,13.311378479003906
1521417600.0,0.9444671273231506,12.640968322753906
1521439200.0,0.9912678599357605,16.534034729003906
1521460800.0,1.0426390171051025,16.338233947753906
1521482400.0,1.0836855173110962,15.903663635253906
1521504000.0,1.1288197040557861,15.441749572753906
1521525600.0,1.1588460206985474,15.017921447753906
1521547200.0,1.1882712841033936,14.768409729003906
1521568800.0,1.2988300323486328,14.478858947753906
1521590400.0,1.4514453411102295,14.088478088378906
1521612000.0,1.3901708126068115,13.539894104003906
1521633600.0,1.4232008457183838,13.283546447753906
1521655200.0,1.6241124868392944,13.181983947753906
1521676800.0,1.4140675067901611,13.056007385253906
1521698400.0,1.3129864931106567,12.799171447753906
1521720000.0,1.3837299346923828,12.563819885253906
1521741600.0,1.463287115097046,12.489112854003906
1521763200.0,1.4326221942901611,12.288917541503906
1521784800.0,1.562497854232788,13.029640197753906
1521806400.0,1.6534874439239502,13.456886291503906
1521828000.0,1.656823754310608,13.204444885253906
1521849600.0,1.7457096576690674,13.314308166503906
1521871200.0,1.7627928256988525,12.261573791503906
1521892800.0,2.152195930480957,12.451026916503906
1521914400.0,2.045854091644287,12.318702697753906
1521936000.0,1.814603328704834,11.807960510253906
1521957600.0,1.6200165748596191,11.244972229003906
1521979200.0,1.602135419845581,10.683448791503906
1522000800.0,1.46065092086792,10.148536682128906
1522022400.0,1.3868694305419922,13.219093322753906
1522044000.0,1.382803201675415,13.228858947753906
1522065600.0,1.5138819217681885,13.191749572753906
1522087200.0,1.6210824251174927,13.197364807128906
1522108800.0,1.4828801155090332,12.889015197753906
1522130400.0,1.3523752689361572,12.476661682128906
1522152000.0,1.3101930618286133,12.360694885253906
1522173600.0,1.2414588928222656,12.193946838378906
1522195200.0,1.203639030456543,12.233985900878906
1522216800.0,1.1528730392456055,12.106056213378906
1522238400.0,1.1825696229934692,12.102394104003906
1522260000.0,1.1331632137298584,11.732032775878906
1522281600.0,1.0308811664581299,10.832374572753906
1522303200.0,1.0254665613174438,10.184181213378906
1522324800.0,1.1873161792755127,16.030372619628906
1522346400.0,1.1935572624206543,15.899269104003906
1522368000.0,1.2643535137176514,15.383399963378906
1522389600.0,1.2762576341629028,14.845558166503906
1522411200.0,1.360243558883667,14.529640197753906
1522432800.0,1.3715531826019287,14.292335510253906
1522454400.0,1.3757085800170898,13.763771057128906
1522476000.0,1.3641886711120605,13.419776916503906
1522497600.0,1.608806848526001,13.586280822753906
1522519200.0,1.606081485748291,13.251319885253906
1522540800.0,1.511063575744629,12.406105041503906
1522562400.0,1.4422497749328613,12.474952697753906
1522584000.0,1.4062175750732422,12.915870666503906
1522605600.0,1.3958313465118408,12.705421447753906
1522627200.0,1.3318969011306763,12.143409729003906
1522648800.0,1.2659482955932617,11.607765197753906
1522670400.0,1.317488670349121,11.253028869628906
1522692000.0,1.2855455875396729,11.036964416503906
1522713600.0,1.2409446239471436,10.872657775878906
1522735200.0,1.16670560836792,10.691017150878906
1522756800.0,1.1313958168029785,10.383155822753906
1522778400.0,1.100224494934082,10.262550354003906
1522800000.0,1.09615159034729,13.863624572753906
1522821600.0,1.1011631488800049,13.756690979003906
1522843200.0,1.0863920450210571,13.362159729003906
1522864800.0,1.0740118026733398,12.984230041503906
1522886400.0,1.0973167419433594,12.543312072753906
1522908000.0,1.10825514793396,17.824562072753906
1522929600.0,1.1210129261016846,17.121925354003906
1522951200.0,1.146272897720337,16.201026916503906
1522972800.0,1.1547541618347168,15.753761291503906
1522994400.0,1.1653541326522827,15.204444885253906
1523016000.0,1.1759157180786133,14.873390197753906
1523037600.0,1.1954782009124756,14.653175354003906
1523059200.0,1.212429404258728,14.341651916503906
1523080800.0,1.2212905883789062,13.901466369628906
1523102400.0,1.1512514352798462,13.368019104003906
1523124000.0,1.12404465675354,12.954200744628906
1523145600.0,1.3454127311706543,13.612159729003906
1523167200.0,1.2642784118652344,12.998146057128906
1523188800.0,1.2014731168746948,12.397315979003906
1523210400.0,1.0849720239639282,11.989601135253906
1523232000.0,1.1240949630737305,11.725929260253906
1523253600.0,1.116337537765503,11.317726135253906
1523275200.0,1.029487133026123,11.212257385253906
1523296800.0,0.9188453555107117,11.118995666503906
1523318400.0,0.8948408365249634,11.292335510253906
1523340000.0,0.8701297044754028,11.759620666503906
1523361600.0,0.8412126898765564,11.639991760253906
1523383200.0,0.8470093607902527,11.627296447753906
1523404800.0,0.9484184980392456,11.757179260253906
1523426400.0,0.9645089507102966,11.070167541503906
1523448000.0,0.9808654189109802,16.396339416503906
1523469600.0,1.086652398109436,16.008155822753906
1523491200.0,1.2572064399719238,15.420753479003906
1523512800.0,1.3975495100021362,14.803077697753906
1523534400.0,1.5145082473754883,14.494972229003906
1523556000.0,1.4831925630569458,13.808448791503906
1523577600.0,1.4189643859863281,13.310401916503906
1523599200.0,1.3412659168243408,12.929542541503906
1523620800.0,1.3529067039489746,12.584327697753906
1523642400.0,1.3282239437103271,12.229835510253906
1523664000.0,1.2709131240844727,11.908058166503906
1523685600.0,1.370171070098877,12.224952697753906
1523707200.0,1.3061814308166504,11.800148010253906
1523728800.0,1.3178480863571167,18.614601135253906
1523750400.0,1.356931447982788,17.682472229003906
1523772000.0,1.428529977798462,16.782569885253906
1523793600.0,1.4981671571731567,16.112159729003906
1523815200.0,1.5328760147094727,15.546241760253906
1523836800.0,1.5226867198944092,14.932960510253906
1523858400.0,1.485975742340088,14.521339416503906
1523880000.0,1.5295600891113281,14.368019104003906
1523901600.0,1.4389721155166626,13.747413635253906
1523923200.0,1.3119628429412842,13.291358947753906
1523944800.0,1.208480715751648,12.926612854003906
1523966400.0,1.1280457973480225,12.417823791503906
1523988000.0,1.1370625495910645,12.408546447753906
1524009600.0,1.0451692342758179,11.924171447753906
1524031200.0,0.9523321390151978,11.141456604003906
1524052800.0,0.9435198307037354,16.013038635253906
1524074400.0,0.963191032409668,15.428565979003906
1524096000.0,1.00991690158844,14.821144104003906
1524117600.0,1.09605073928833,14.406105041503906
1524139200.0,1.1971464157104492,14.109718322753906
1524160800.0,1.2699750661849976,13.756690979003906
1524182400.0,1.298170566558838,13.464210510253906
1524204000.0,1.305825114250183,13.250831604003906
1524225600.0,1.280627727508545,12.989112854003906
1524247200.0,1.247613549232483,12.577980041503906
1524268800.0,1.2280075550079346,12.308937072753906
1524290400.0,1.2030646800994873,11.987648010253906
1524312000.0,1.2331881523132324,21.052101135253906
1524333600.0,1.4125467538833618,20.510108947753906
1524355200.0,1.6180458068847656,19.562843322753906
1524376800.0,1.823833703994751,19.018409729003906
1524398400.0,1.854551076889038,17.772315979003906
1524420000.0,1.90043044090271,17.037452697753906
1524441600.0,2.017362117767334,16.867530822753906
1524463200.0,1.9144833087921143,16.108741760253906
1524484800.0,1.7447388172149658,15.035499572753906
1524506400.0,1.6781466007232666,14.644386291503906
1524528000.0,1.7119437456130981,14.666847229003906
1524549600.0,1.640681505203247,14.391456604003906
1524571200.0,1.5388942956924438,13.951026916503906
1524592800.0,1.4704105854034424,13.645851135253906
1524614400.0,1.5325034856796265,13.685890197753906
1524636000.0,1.5444271564483643,13.479835510253906
1524657600.0,1.4626940488815308,13.216651916503906
1524679200.0,1.4061853885650635,13.001075744628906
1524700800.0,1.3143390417099,12.366798400878906
1524722400.0,1.2883347272872925,11.936134338378906
1524744000.0,1.3004074096679688,11.757423400878906
1524765600.0,1.260176420211792,11.259864807128906
1524787200.0,1.3567004203796387,16.195167541503906
1524808800.0,1.3386659622192383,16.137306213378906
1524830400.0,1.3666404485702515,15.719337463378906
1524852000.0,1.3223862648010254,14.984474182128906
1524873600.0,1.3248289823532104,14.510597229003906
1524895200.0,1.2985782623291016,14.002784729003906
1524916800.0,1.2443268299102783,13.556495666503906
1524938400.0,1.18953537940979,13.285499572753906
1524960000.0,1.1538853645324707,13.157081604003906
1524981600.0,1.1806583404541016,14.593116760253906
1525003200.0,1.2343727350234985,14.532569885253906
1525024800.0,1.3244788646697998,14.461280822753906
1525046400.0,1.4383046627044678,14.932472229003906
1525068000.0,1.6031749248504639,16.517921447753906
1525089600.0,1.6319773197174072,15.927101135253906
1525111200.0,1.6920578479766846,15.217140197753906
1525132800.0,1.5062620639801025,14.249855041503906
1525154400.0,1.3950749635696411,13.804542541503906
1525176000.0,1.1869018077850342,12.937843322753906
1525197600.0,1.0731722116470337,12.306983947753906
1525219200.0,1.0183961391448975,16.064796447753906
1525240800.0,1.0189111232757568,15.885597229003906
1525262400.0,1.0337574481964111,15.022804260253906
1525284000.0,1.095194697380066,14.591651916503906
1525305600.0,1.1080322265625,14.289894104003906
1525327200.0,1.1128228902816772,13.949073791503906
1525348800.0,1.1052827835083008,13.657081604003906
1525370400.0,1.1079319715499878,13.473487854003906
1525392000.0,1.1136960983276367,13.348976135253906
1525413600.0,1.0876716375350952,13.142921447753906
1525435200.0,1.0081642866134644,12.392921447753906
1525456800.0,0.9952253699302673,12.036964416503906
1525478400.0,0.9926047325134277,11.698097229003906
1525500000.0,1.0029878616333008,11.120948791503906
1525521600.0,1.1042213439941406,11.165382385253906
1525543200.0,1.0698509216308594,15.634132385253906
1525564800.0,1.1223655939102173,15.192237854003906
1525586400.0,1.1518300771713257,14.868995666503906
1525608000.0,1.1315810680389404,14.305030822753906
1525629600.0,1.150060772895813,13.587257385253906
1525651200.0,1.2419931888580322,18.183937072753906
1525672800.0,1.1999647617340088,17.518409729003906
1525694400.0,1.118120789527893,16.588233947753906
1525716000.0,1.0804144144058228,16.142921447753906
1525737600.0,1.1019206047058105,15.839210510253906
1525759200.0,1.165286660194397,15.403663635253906
1525780800.0,1.2400851249694824,14.928565979003906
1525802400.0,1.3707032203674316,14.644874572753906
1525824000.0,1.4081751108169556,14.298194885253906
1525845600.0,1.4151408672332764,13.977882385253906
1525867200.0,1.3824032545089722,13.652687072753906
1525888800.0,1.360973834991455,13.443214416503906
1525910400.0,1.3410365581512451,13.256202697753906
1525932000.0,1.273432970046997,12.970069885253906
1525953600.0,1.2303218841552734,12.496925354003906
1525975200.0,1.2617149353027344,17.551612854003906
1525996800.0,1.357903242111206,16.839698791503906
1526018400.0,1.4385625123977661,16.181983947753906
1526040000.0,1.4976391792297363,15.650733947753906
1526061600.0,1.4638652801513672,14.890968322753906
1526083200.0,1.381744146347046,14.354835510253906
1526104800.0,1.301361322402954,13.602394104003906
1526126400.0,1.2584905624389648,13.252296447753906
1526148000.0,1.293025016784668,17.363136291503906
1526169600.0,1.3689863681793213,16.844093322753906
1526191200.0,1.4405573606491089,16.251319885253906
1526212800.0,1.4587856531143188,15.516456604003906
1526234400.0,1.5754501819610596,15.042823791503906
1526256000.0,1.5727132558822632,14.725929260253906
1526277600.0,1.5953259468078613,14.749855041503906
1526299200.0,1.5275897979736328,14.587745666503906
1526320800.0,1.4713010787963867,14.412940979003906
1526342400.0,1.4297211170196533,14.146827697753906
1526364000.0,1.4083960056304932,13.768409729003906
1526385600.0,1.4365427494049072,13.812355041503906
1526407200.0,1.4895141124725342,15.264503479003906
1526428800.0,1.584934949874878,15.016944885253906
1526450400.0,1.5813831090927124,14.574073791503906
1526472000.0,1.4984321594238281,13.967140197753906
1526493600.0,1.3851652145385742,13.463233947753906
1526515200.0,1.3070461750030518,13.222999572753906
1526536800.0,1.1974788904190063,12.777198791503906
1526558400.0,1.1250104904174805,12.350440979003906
1526580000.0,1.087980031967163,12.173683166503906
1526601600.0,1.0039974451065063,11.556495666503906
1526623200.0,1.0210357904434204,11.520851135253906
1526644800.0,0.9620394110679626,11.474464416503906
1526666400.0,0.952107310295105,13.256202697753906
1526688000.0,0.9375622868537903,13.314308166503906
1526709600.0,0.9142260551452637,13.172218322753906
1526731200.0,0.9137634038925171,12.969581604003906
1526752800.0,0.887566328048706,12.560401916503906
1526774400.0,0.9016755819320679,12.343116760253906
1526796000.0,0.877879798412323,11.855323791503906
1526817600.0,0.88360595703125,11.592140197753906
1526839200.0,0.8931910991668701,11.423683166503906
1526860800.0,0.910833477973938,19.677589416503906
1526882400.0,0.955382227897644,19.309913635253906
1526904000.0,1.0125160217285156,15.168800354003906
1526925600.0,1.050787091255188,15.112648010253906
1526947200.0,1.0337464809417725,14.789894104003906
1526968800.0,1.0137276649475098,15.696144104003906
1526990400.0,1.0009474754333496,15.112159729003906
1527012000.0,1.008599042892456,14.629737854003906
1527033600.0,1.0894572734832764,14.631202697753906
1527055200.0,1.1413860321044922,14.737159729003906
1527076800.0,1.2040314674377441,15.869972229003906
1527098400.0,1.3389644622802734,15.832374572753906
1527120000.0,1.350290298461914,15.105812072753906
1527141600.0,1.3378220796585083,14.613624572753906
1527163200.0,1.2850141525268555,14.128761291503906
1527184800.0,1.2703359127044678,13.733741760253906
1527206400.0,1.269232988357544,13.619972229003906
1527228000.0,1.2390216588974,13.428565979003906
1527249600.0,1.1445395946502686,12.995948791503906
1527271200.0,1.1043918132781982,12.510108947753906
1527292800.0,1.0495707988739014,16.095069885253906
1527314400.0,1.260542869567871,15.891944885253906
1527336000.0,1.7290337085723877,15.838233947753906
1527357600.0,2.1446452140808105,15.581886291503906
1527379200.0,2.3027639389038086,15.077003479003906
1527400800.0,2.2350077629089355,14.672706604003906
1527422400.0,2.1897919178009033,14.461769104003906
1527444000.0,2.112381935119629,14.111183166503906
1527465600.0,2.0612683296203613,13.897315979003906
1527487200.0,1.9887750148773193,13.769874572753906
1527508800.0,1.9791865348815918,13.731300354003906
1527530400.0,1.9068098068237305,13.669776916503906
1527552000.0,1.8577880859375,13.918800354003906
1527573600.0,1.70009183883667,16.030616760253906
1527595200.0,1.5661382675170898,16.113136291503906
1527616800.0,1.5441800355911255,15.959327697753906
1527638400.0,1.5252755880355835,15.690773010253906
1527660000.0,1.4816970825195312,15.235206604003906
1527681600.0,1.546499252319336,15.213233947753906
1527703200.0,1.4941949844360352,15.024269104003906
1527724800.0,1.470353126525879,14.982276916503906
1527746400.0,1.485682487487793,14.880714416503906
1527768000.0,1.5463142395019531,14.722023010253906
1527789600.0,1.5476405620574951,14.510108947753906
1527811200.0,1.522871732711792,14.300148010253906
1527832800.0,1.4676156044006348,13.887550354003906
1527854400.0,1.4176819324493408,13.552101135253906
1527876000.0,1.4067775011062622,13.331886291503906
1527897600.0,1.3025715351104736,13.148780822753906
1527919200.0,1.2024781703948975,12.962257385253906
1527940800.0,1.098806381225586,12.426124572753906
1527962400.0,1.1278066635131836,13.280616760253906
1527984000.0,1.193739891052246,13.842628479003906
1528005600.0,1.2860324382781982,13.916847229003906
1528027200.0,1.353686809539795,13.675636291503906
1528048800.0,1.3614721298217773,13.351905822753906
1528070400.0,1.322684645652771,12.957862854003906
1528092000.0,1.3048838376998901,12.680030822753906
1528113600.0,1.2278274297714233,12.327980041503906
1528135200.0,1.2349824905395508,12.892433166503906
1528156800.0,1.2665126323699951,13.597023010253906
1528178400.0,1.2357831001281738,13.323585510253906
1528200000.0,1.1994712352752686,13.106788635253906
1528221600.0,1.188291072845459,13.075050354003906
1528243200.0,1.1656447649002075,12.965675354003906
1528264800.0,1.1250276565551758,12.560401916503906
1528286400.0,1.0456782579421997,12.014503479003906
1528308000.0,0.9817013144493103,11.499855041503906
1528329600.0,0.9360924959182739,11.172706604003906
1528351200.0,0.9219356775283813,11.115089416503906
1528372800.0,0.8982645273208618,12.420265197753906
1528394400.0,1.125257134437561,13.044288635253906
1528416000.0,1.251150131225586,12.196144104003906
1528437600.0,1.6123970746994019,12.532081604003906
1528459200.0,1.8142199516296387,12.293312072753906
1528480800.0,1.8134182691574097,11.953468322753906
1528502400.0,1.7271766662597656,11.814308166503906
1528524000.0,1.682901382446289,12.387062072753906
1528545600.0,1.7138097286224365,13.292823791503906
1528567200.0,1.6879510879516602,13.197608947753906
1528588800.0,1.631535291671753,12.971534729003906
1528610400.0,1.5689321756362915,12.908546447753906
1528632000.0,1.5752837657928467,14.466163635253906
1528653600.0,1.7467955350875854,14.612159729003906
1528675200.0,1.5662012100219727,13.485694885253906
1528696800.0,1.4121196269989014,13.233253479003906
1528718400.0,1.339867353439331,13.204444885253906
1528740000.0,1.3933253288269043,13.702491760253906
1528761600.0,1.4643806219100952,14.602394104003906
1528783200.0,1.5657482147216797,14.508644104003906
1528804800.0,1.7755393981933594,14.248390197753906
1528826400.0,1.8007559776306152,13.786964416503906
1528848000.0,1.7046453952789307,13.592628479003906
1528869600.0,1.6144237518310547,13.583351135253906
1528891200.0,1.6198770999908447,13.928565979003906
1528912800.0,1.8141894340515137,14.167335510253906
1528934400.0,1.770125150680542,14.061866760253906
1528956000.0,1.63923180103302,13.621437072753906
1528977600.0,1.6210967302322388,19.014015197753906
1528999200.0,1.7182800769805908,17.738136291503906
1529020800.0,1.752488374710083,16.737159729003906
1529042400.0,1.6913342475891113,16.021827697753906
1529064000.0,1.5980126857757568,15.250343322753906
1529085600.0,1.5841940641403198,14.674659729003906
1529107200.0,1.537832260131836,14.287452697753906
1529128800.0,1.4384372234344482,13.666358947753906
1529150400.0,1.37940514087677,13.379249572753906
1529172000.0,1.2954065799713135,12.925148010253906
1529193600.0,1.226806879043579,15.863624572753906
1529215200.0,1.2835345268249512,15.923194885253906
1529236800.0,1.402382254600525,15.875831604003906
1529258400.0,1.492786169052124,15.483497619628906
1529280000.0,1.5321292877197266,14.958106994628906
1529301600.0,1.5704317092895508,15.125831604003906
1529323200.0,1.6264512538909912,15.360206604003906
1529344800.0,1.658949851989746,15.057960510253906
1529366400.0,1.63681161403656,14.788429260253906
1529388000.0,1.602980136871338,14.626808166503906
1529409600.0,1.7157206535339355,14.821144104003906
1529431200.0,1.810828685760498,14.557472229003906
1529452800.0,1.8482699394226074,14.484718322753906
1529474400.0,1.9043711423873901,14.595558166503906
1529496000.0,1.8987317085266113,14.476417541503906
1529517600.0,1.9667603969573975,14.632179260253906
1529539200.0,1.8190302848815918,14.660987854003906
1529560800.0,1.6892153024673462,14.596534729003906
1529582400.0,1.587179183959961,14.351417541503906
1529604000.0,1.4407984018325806,13.879737854003906
1529625600.0,1.3792088031768799,13.585792541503906
1529647200.0,1.4156265258789062,13.378273010253906
1529668800.0,1.4300994873046875,13.411964416503906
1529690400.0,1.3325198888778687,13.162940979003906
1529712000.0,1.3233157396316528,17.466163635253906
1529733600.0,1.3670204877853394,17.171730041503906
1529755200.0,1.3766027688980103,16.600929260253906
1529776800.0,1.3645553588867188,16.106788635253906
1529798400.0,1.2239110469818115,14.636085510253906
1529820000.0,1.3669904470443726,14.919776916503906
1529841600.0,1.3501005172729492,14.576515197753906
1529863200.0,1.3048310279846191,14.143409729003906
1529884800.0,1.2825932502746582,13.653175354003906
1529906400.0,1.220533013343811,13.381690979003906
1529928000.0,1.2345000505447388,13.276222229003906
1529949600.0,1.197946548461914,13.072120666503906
1529971200.0,1.1502673625946045,12.672706604003906
1529992800.0,1.175074577331543,12.491554260253906
1530014400.0,1.2263329029083252,17.876319885253906
1530036000.0,1.2516518831253052,17.356788635253906
1530057600.0,1.2797094583511353,16.453468322753906
1530079200.0,1.314359188079834,15.880714416503906
1530100800.0,1.3778200149536133,15.108253479003906
1530122400.0,1.4555619955062866,14.674659729003906
1530144000.0,1.3670732975006104,14.254737854003906
1530165600.0,1.2827379703521729,13.696632385253906
1530187200.0,1.2718122005462646,13.589210510253906
1530208800.0,1.2209399938583374,13.434425354003906
1530230400.0,1.1650046110153198,13.285011291503906
1530252000.0,1.1993001699447632,13.086280822753906
1530273600.0,1.2047114372253418,12.915870666503906
1530295200.0,1.1468312740325928,12.919776916503906
1530316800.0,1.1098804473876953,16.130226135253906
1530338400.0,1.1183478832244873,15.730323791503906
1530360000.0,1.2209575176239014,14.819190979003906
1530381600.0,1.3772284984588623,14.357765197753906
1530403200.0,1.328336238861084,13.823585510253906
1530424800.0,1.215747594833374,13.368019104003906
1530446400.0,1.1205118894577026,12.797706604003906
1530468000.0,1.0840890407562256,12.406349182128906
1530489600.0,1.0332471132278442,12.423194885253906
1530511200.0,1.0143859386444092,14.947608947753906
1530532800.0,1.0364725589752197,14.897071838378906
1530554400.0,1.1403744220733643,14.865577697753906
1530576000.0,1.2423028945922852,14.485206604003906
1530597600.0,1.2989602088928223,13.744239807128906
1530619200.0,1.4603205919265747,13.282814025878906
1530640800.0,1.4860432147979736,12.921241760253906
1530662400.0,1.3699967861175537,12.999855041503906
1530684000.0,1.3825920820236206,12.997901916503906
1530705600.0,1.4851295948028564,18.156105041503906
1530727200.0,1.856022834777832,14.047706604003906
1530748800.0,2.1191904544830322,13.980323791503906
1530770400.0,2.4121062755584717,13.907569885253906
1530792000.0,2.2042994499206543,13.454933166503906
1530813600.0,2.1517386436462402,13.363136291503906
1530835200.0,2.113426685333252,13.143409729003906
1530856800.0,1.931300401687622,12.545753479003906
1530878400.0,1.7804791927337646,12.092628479003906
1530900000.0,1.8441662788391113,17.006690979003906
1530921600.0,2.012031078338623,17.365089416503906
1530943200.0,2.1734886169433594,16.892921447753906
1530964800.0,2.0645227432250977,15.946144104003906
1530986400.0,2.0289759635925293,15.203468322753906
1531008000.0,1.8893767595291138,14.750343322753906
1531029600.0,1.8009681701660156,14.543800354003906
1531051200.0,1.825092077255249,14.296730041503906
1531072800.0,1.8551054000854492,13.742530822753906
1531094400.0,1.6882483959197998,13.446632385253906
1531116000.0,1.611199140548706,13.246437072753906
1531137600.0,1.6167677640914917,13.075538635253906
1531159200.0,1.5353403091430664,12.677589416503906
1531180800.0,1.3945213556289673,12.427101135253906
1531202400.0,1.5124175548553467,15.066749572753906
1531224000.0,1.5481681823730469,15.364601135253906
1531245600.0,1.568634271621704,15.668312072753906
1531267200.0,1.600395679473877,15.891456604003906
1531288800.0,1.6796526908874512,15.725440979003906
1531310400.0,1.7968008518218994,15.458351135253906
1531332000.0,1.7742927074432373,15.032081604003906
1531353600.0,1.6055091619491577,14.715675354003906
1531375200.0,1.5311084985733032,14.392921447753906
1531396800.0,1.5340914726257324,13.947120666503906
1531418400.0,1.6312839984893799,13.653663635253906
1531440000.0,1.4350167512893677,13.599464416503906
1531461600.0,1.443988561630249,14.460304260253906
1531483200.0,1.6633164882659912,14.862159729003906
1531504800.0,1.8528070449829102,14.619972229003906
1531526400.0,1.812782645225525,14.366065979003906
1531548000.0,1.8457603454589844,14.511573791503906
1531569600.0,2.260546922683716,17.214698791503906
1531591200.0,2.586573362350464,16.539894104003906
1531612800.0,2.6294026374816895,16.058937072753906
1531634400.0,2.5879061222076416,15.615577697753906
1531656000.0,2.453737258911133,15.125343322753906
1531677600.0,2.4117488861083984,14.946632385253906
1531699200.0,2.193263053894043,14.669288635253906
1531720800.0,1.99467134475708,14.501808166503906
1531742400.0,1.950897216796875,14.294288635253906
1531764000.0,2.0341885089874268,14.018409729003906
1531785600.0,1.8875832557678223,13.870460510253906
1531807200.0,1.766737937927246,16.325538635253906
1531828800.0,1.7714242935180664,16.013038635253906
1531850400.0,1.8428453207015991,15.684425354003906
1531872000.0,1.910454273223877,15.324562072753906
1531893600.0,2.045804023742676,15.328468322753906
1531915200.0,2.0900521278381348,18.824073791503906
1531936800.0,2.4749674797058105,18.926612854003906
1531958400.0,2.7571310997009277,18.852394104003906
1531980000.0,2.6128883361816406,17.654640197753906
1532001600.0,2.479966640472412,16.753761291503906
1532023200.0,2.429852247238159,16.202980041503906
1532044800.0,2.3150978088378906,15.940284729003906
1532066400.0,2.1907858848571777,15.716163635253906
1532088000.0,2.1526708602905273,15.500343322753906
1532109600.0,2.0856704711914062,15.111671447753906
1532131200.0,2.0075435638427734,14.694679260253906
1532152800.0,1.8159093856811523,14.328956604003906
1532174400.0,1.6062489748001099,13.473487854003906
1532196000.0,1.539980173110962,13.001319885253906
1532217600.0,1.5107301473617554,12.748878479003906
1532239200.0,1.5713145732879639,15.936378479003906
1532260800.0,1.7505013942718506,15.571632385253906
1532282400.0,1.983056664466858,15.421730041503906
1532304000.0,2.2580814361572266,15.733741760253906
1532325600.0,2.303065538406372,15.720558166503906
1532347200.0,2.382112503051758,15.582374572753906
1532368800.0,2.4913477897644043,15.285987854003906
1532390400.0,2.5697827339172363,15.470558166503906
1532412000.0,2.722565174102783,18.237159729003906
1532433600.0,3.1293554306030273,18.876808166503906
1532455200.0,3.244536876678467,18.690284729003906
1532476800.0,3.3354790210723877,18.592140197753906
1532498400.0,3.434255599975586,18.876808166503906
1532520000.0,3.3420939445495605,18.355812072753906
1532541600.0,3.064842462539673,17.687355041503906
1532563200.0,2.796964168548584,17.103858947753906
1532584800.0,2.5528650283813477,16.282081604003906
1532606400.0,2.4702651500701904,15.910987854003906
1532628000.0,2.388298749923706,15.238136291503906
1532649600.0,2.1665239334106445,14.757179260253906
1532671200.0,2.0130615234375,14.464210510253906
1532692800.0,2.020510196685791,14.334327697753906
1532714400.0,2.2858972549438477,15.983741760253906
1532736000.0,2.2406036853790283,15.313331604003906
1532757600.0,2.3985023498535156,15.193214416503906
1532779200.0,2.359292984008789,14.859718322753906
1532800800.0,2.4048476219177246,14.388038635253906
1532822400.0,2.428433418273926,19.496437072753906
1532844000.0,2.6367950439453125,19.200538635253906
1532865600.0,2.9581563472747803,19.151710510253906
1532887200.0,3.015472650527954,18.325538635253906
1532908800.0,2.761176586151123,17.651710510253906
1532930400.0,2.415738582611084,16.578468322753906
1532952000.0,2.147005319595337,15.851417541503906
1532973600.0,2.0250461101531982,15.370460510253906
1532995200.0,1.8884449005126953,14.876319885253906
1533016800.0,1.7303720712661743,14.517433166503906
1533038400.0,1.6580729484558105,14.192237854003906
1533060000.0,1.6801140308380127,14.094093322753906
1533081600.0,1.6468559503555298,14.241065979003906
1533103200.0,1.658566951751709,14.359230041503906
1533124800.0,1.6982686519622803,14.164894104003906
1533146400.0,1.8549128770828247,13.725440979003906
1533168000.0,1.9519944190979004,13.684425354003906
1533189600.0,1.7299902439117432,13.495460510253906
1533211200.0,1.8960814476013184,13.325050354003906
1533232800.0,2.1441891193389893,6.870948791503906
1533254400.0,2.176863670349121,9.851905822753906
1533276000.0,2.5551421642303467,8.433937072753906
1533297600.0,2.799501895904541,7.782569885253906
1533319200.0,2.673157215118408,15.822608947753906
1533340800.0,2.6085708141326904,15.410499572753906
1533362400.0,2.498612403869629,14.724952697753906
1533384000.0,2.4107043743133545,14.245460510253906
1533405600.0,2.3931801319122314,13.697120666503906
1533427200.0,2.165710687637329,13.361671447753906
1533448800.0,2.0587072372436523,13.196632385253906
1533470400.0,1.9845900535583496,13.009132385253906
1533492000.0,2.328786611557007,6.781105041503906
1533513600.0,2.1534481048583984,17.264503479003906
1533535200.0,1.9118402004241943,16.501319885253906
1533556800.0,1.908764362335205,16.527687072753906
1533578400.0,1.9803025722503662,15.688331604003906
1533600000.0,1.9174525737762451,14.790382385253906
1533621600.0,1.7216811180114746,14.354347229003906
1533643200.0,1.5745857954025269,13.813819885253906
1533664800.0,1.5040283203125,13.453468322753906
1533686400.0,1.5606322288513184,13.509620666503906
1533708000.0,1.4299571514129639,13.075050354003906
1533729600.0,1.340318202972412,12.696144104003906
1533751200.0,1.2856985330581665,12.535499572753906
1533772800.0,1.2511824369430542,12.932472229003906
1533794400.0,1.2351465225219727,14.053565979003906
1533816000.0,1.40618097782135,14.411476135253906
1533837600.0,1.5321240425109863,14.314796447753906
1533859200.0,1.561510443687439,14.017921447753906
1533880800.0,1.5369067192077637,14.022804260253906
1533902400.0,1.5900297164916992,13.897315979003906
1533924000.0,1.7161624431610107,13.968116760253906
1533945600.0,1.716344952583313,14.415382385253906
1533967200.0,1.5103933811187744,14.356788635253906
1533988800.0,1.7206364870071411,14.357765197753906
1534010400.0,1.796176791191101,14.046730041503906
1534032000.0,1.6888675689697266,13.609718322753906
1534053600.0,1.5871977806091309,13.358741760253906
1534075200.0,1.547876000404358,13.126319885253906
1534096800.0,1.4578098058700562,12.695167541503906
1534118400.0,1.3397514820098877,12.247901916503906
1534140000.0,1.2477222681045532,12.016944885253906
1534161600.0,1.1952873468399048,11.791847229003906
1534183200.0,1.2099976539611816,11.309913635253906
1534204800.0,1.2566688060760498,11.128761291503906
1534226400.0,1.313455581665039,10.926612854003906
1534248000.0,1.515059232711792,17.867042541503906
1534269600.0,1.7179409265518188,17.342140197753906
1534291200.0,1.8951377868652344,16.535987854003906
1534312800.0,1.883878469467163,15.807960510253906
1534334400.0,1.9952471256256104,15.128273010253906
1534356000.0,2.207242727279663,14.869972229003906
1534377600.0,2.283324718475342,14.851417541503906
1534399200.0,2.158620834350586,14.748390197753906
1534420800.0,2.138087034225464,14.659034729003906
1534442400.0,2.1419172286987305,14.161476135253906
1534464000.0,2.038809299468994,13.807960510253906
1534485600.0,1.8328027725219727,13.650733947753906
1534507200.0,1.785151481628418,13.410499572753906
1534528800.0,1.7830862998962402,13.151222229003906
1534550400.0,1.9137485027313232,18.939796447753906
1534572000.0,1.6925179958343506,17.853370666503906
1534593600.0,1.6647439002990723,17.316261291503906
1534615200.0,1.6844558715820312,16.543312072753906
1534636800.0,1.5463632345199585,16.000343322753906
1534658400.0,1.489710807800293,15.196144104003906
1534680000.0,1.6391870975494385,14.886573791503906
1534701600.0,1.6759896278381348,14.854347229003906
1534723200.0,1.5629264116287231,14.691261291503906
1534744800.0,1.4409141540527344,14.197608947753906
1534766400.0,1.498927354812622,13.608253479003906
1534788000.0,1.5628501176834106,13.224464416503906
1534809600.0,1.5549763441085815,12.943214416503906
1534831200.0,1.41801917552948,12.525733947753906
1534852800.0,1.4634891748428345,12.273292541503906
1534874400.0,1.7178547382354736,6.008155822753906
1534896000.0,1.7400834560394287,16.195167541503906
1534917600.0,1.495469570159912,15.632667541503906
1534939200.0,1.5505142211914062,14.571632385253906
1534960800.0,1.6255357265472412,13.632179260253906
1534982400.0,1.9201302528381348,13.698097229003906
1535004000.0,1.8636789321899414,19.404151916503906
1535025600.0,1.8797833919525146,18.567237854003906
1535047200.0,1.9367852210998535,17.889503479003906
1535068800.0,2.075514316558838,17.518409729003906
1535090400.0,1.9867793321609497,16.660987854003906
1535112000.0,1.963222861289978,16.157081604003906
1535133600.0,1.9155462980270386,15.793312072753906
1535155200.0,1.8273355960845947,15.231788635253906
1535176800.0,1.7040660381317139,14.767921447753906
1535198400.0,1.6902275085449219,14.540870666503906
1535220000.0,1.694122076034546,14.219581604003906
1535241600.0,1.7420188188552856,13.719825744628906
1535263200.0,1.6915199756622314,17.692726135253906
1535284800.0,1.7680035829544067,17.384620666503906
1535306400.0,1.7277398109436035,16.605323791503906
1535328000.0,1.7465499639511108,16.516944885253906
1535349600.0,1.5746917724609375,15.858253479003906
1535371200.0,1.5560108423233032,15.066749572753906
1535392800.0,1.7329671382904053,14.663429260253906
1535414400.0,1.6900675296783447,14.365089416503906
1535436000.0,1.584355115890503,13.817237854003906
1535457600.0,1.5985157489776611,13.549171447753906
1535479200.0,1.7074165344238281,13.389503479003906
1535500800.0,1.61299729347229,13.129249572753906
1535522400.0,1.5472618341445923,12.717140197753906
1535544000.0,1.5677452087402344,12.273292541503906
1535565600.0,1.4593532085418701,11.939308166503906
1535587200.0,1.4747240543365479,6.209327697753906
1535608800.0,1.4212276935577393,6.277198791503906
1535630400.0,1.5489777326583862,16.749855041503906
1535652000.0,1.7355929613113403,15.884132385253906
1535673600.0,2.0494484901428223,15.759620666503906
1535695200.0,2.0934081077575684,15.075050354003906
1535716800.0,2.0676207542419434,14.541847229003906
1535738400.0,2.0836825370788574,14.454933166503906
1535760000.0,1.9584330320358276,14.021339416503906
1535781600.0,1.7898895740509033,13.557472229003906
1535803200.0,1.6830363273620605,13.227882385253906
1535824800.0,1.5967750549316406,12.971046447753906
1535846400.0,1.5637420415878296,12.926124572753906
1535868000.0,1.463932752609253,12.552101135253906
1535889600.0,1.499997615814209,12.271827697753906
1535911200.0,1.6231800317764282,12.072608947753906
1535932800.0,1.6091421842575073,11.868995666503906
1535954400.0,1.5236502885818481,15.132179260253906
1535976000.0,1.7197294235229492,6.048194885253906
1535997600.0,1.9243249893188477,6.282081604003906
1536019200.0,1.922926664352417,6.438819885253906
1536040800.0,1.7858097553253174,6.458351135253906
1536062400.0,1.6467777490615845,6.291358947753906
1536084000.0,1.8028162717819214,6.401710510253906
1536105600.0,1.7342309951782227,6.792823791503906
1536127200.0,1.67887544631958,7.535499572753906
1536148800.0,1.7873514890670776,6.217628479003906
1536170400.0,1.8473846912384033,6.338722229003906
1536192000.0,1.7391788959503174,8.706886291503906
1536213600.0,1.6346428394317627,9.699562072753906
1536235200.0,1.7163996696472168,16.203468322753906
1536256800.0,1.79505455493927,16.233253479003906
1536278400.0,1.836465835571289,16.044288635253906
1536300000.0,1.9597971439361572,15.771339416503906
1536321600.0,2.4369702339172363,15.426612854003906
1536343200.0,2.3048784732818604,14.942726135253906
1536364800.0,2.0594587326049805,14.605323791503906
1536386400.0,1.8963994979858398,14.318702697753906
1536408000.0,1.8306975364685059,13.634132385253906
1536429600.0,1.779248833656311,13.423194885253906
1536451200.0,1.6626789569854736,13.376319885253906
1536472800.0,1.579917311668396,13.385108947753906
1536494400.0,1.5421409606933594,13.129249572753906
1536516000.0,1.635271430015564,19.599952697753906
1536537600.0,1.673987627029419,18.861183166503906
1536559200.0,1.7652584314346313,17.767433166503906
1536580800.0,1.9373600482940674,17.008155822753906
1536602400.0,2.151728868484497,16.285011291503906
1536624000.0,1.9972360134124756,15.949562072753906
1536645600.0,1.8656009435653687,15.438819885253906
1536667200.0,2.0031208992004395,15.056007385253906
1536688800.0,1.995790958404541,14.928565979003906
1536710400.0,1.8921400308609009,14.751808166503906
1536732000.0,1.9867746829986572,14.749855041503906
1536753600.0,2.214982032775879,14.553077697753906
1536775200.0,2.285407543182373,14.256202697753906
1536796800.0,2.1427862644195557,15.675148010253906
1536818400.0,2.1050403118133545,16.160987854003906
1536840000.0,2.350647449493408,16.081398010253906
1536861600.0,2.3920586109161377,15.732276916503906
1536883200.0,2.28155255317688,15.083351135253906
1536904800.0,2.1418845653533936,14.564796447753906
1536926400.0,2.039034366607666,14.024757385253906
1536948000.0,1.970664143562317,13.589698791503906
1536969600.0,1.815481424331665,13.545265197753906
1536991200.0,1.7335429191589355,14.041358947753906
1537012800.0,1.8136155605316162,14.701026916503906
1537034400.0,1.9439709186553955,14.773292541503906
1537056000.0,1.8454385995864868,14.639991760253906
1537077600.0,1.7456035614013672,14.686866760253906
1537099200.0,1.8163037300109863,15.222023010253906
1537120800.0,1.8797197341918945,15.308448791503906
1537142400.0,1.8380823135375977,15.014991760253906
1537164000.0,1.851484775543213,14.843605041503906
1537185600.0,2.059558153152466,14.684425354003906
1537207200.0,2.11702823638916,14.417335510253906
1537228800.0,1.9862204790115356,13.643409729003906
1537250400.0,1.871232509613037,13.221046447753906
1537272000.0,2.0365655422210693,6.183448791503906
1537293600.0,2.091628313064575,6.453468322753906
1537315200.0,1.9366092681884766,17.425148010253906
1537336800.0,1.8112448453903198,17.460792541503906
1537358400.0,1.8882131576538086,17.078956604003906
1537380000.0,1.9016315937042236,16.115577697753906
1537401600.0,1.857320785522461,15.082862854003906
1537423200.0,1.8386316299438477,14.590187072753906
1537444800.0,1.8822999000549316,14.416358947753906
1537466400.0,1.7549974918365479,13.808448791503906
1537488000.0,1.6119201183319092,13.460792541503906
1537509600.0,1.4538172483444214,13.144874572753906
1537531200.0,1.3385875225067139,12.969581604003906
1537552800.0,1.2536137104034424,12.583839416503906
1537574400.0,1.2978862524032593,12.892433166503906
1537596000.0,1.1310198307037354,12.321144104003906
1537617600.0,1.1075775623321533,12.018409729003906
1537639200.0,1.1061128377914429,11.438819885253906
1537660800.0,1.1873592138290405,11.157569885253906
1537682400.0,1.0491058826446533,11.477394104003906
1537704000.0,1.0897414684295654,12.985206604003906
1537725600.0,1.0378971099853516,13.272804260253906
1537747200.0,1.15586519241333,13.102882385253906
1537768800.0,1.0862469673156738,12.799659729003906
1537790400.0,1.1027894020080566,12.649269104003906
1537812000.0,1.1715705394744873,12.480812072753906
1537833600.0,1.0323638916015625,11.690284729003906
1537855200.0,1.1973875761032104,12.275733947753906
1537876800.0,1.2778427600860596,16.500343322753906
1537898400.0,1.538670301437378,16.413429260253906
1537920000.0,1.7589040994644165,16.160987854003906
1537941600.0,1.7609062194824219,15.341163635253906
1537963200.0,1.7822768688201904,14.553077697753906
1537984800.0,1.7553324699401855,13.922218322753906
1538006400.0,1.6075003147125244,13.439796447753906
1538028000.0,1.560889482498169,13.136573791503906
1538049600.0,1.6706464290618896,12.735206604003906
1538071200.0,1.7560744285583496,12.319679260253906
1538092800.0,1.6995253562927246,19.995460510253906
1538114400.0,1.7022607326507568,19.418800354003906
1538136000.0,1.8359454870224,18.511085510253906
1538157600.0,1.873155117034912,17.629737854003906
1538179200.0,2.020911693572998,16.917823791503906
1538200800.0,2.053699016571045,16.414405822753906
1538222400.0,2.0878944396972656,16.178077697753906
1538244000.0,2.150724411010742,15.830421447753906
1538265600.0,2.0747129917144775,15.238136291503906
1538287200.0,1.8211402893066406,14.741065979003906
1538308800.0,1.7645385265350342,14.391456604003906
1538330400.0,1.745023488998413,13.943214416503906
1538352000.0,1.6338117122650146,13.581886291503906
1538373600.0,1.4863486289978027,13.418800354003906
1538395200.0,1.3646904230117798,13.281105041503906
1538416800.0,1.3222947120666504,13.099952697753906
1538438400.0,1.2409130334854126,12.926124572753906
1538460000.0,1.1635868549346924,12.399269104003906
1538481600.0,1.2311508655548096,12.148780822753906
1538503200.0,1.3415594100952148,15.951515197753906
1538524800.0,1.3217072486877441,15.604347229003906
1538546400.0,1.3120708465576172,15.102882385253906
1538568000.0,1.4542522430419922,14.813819885253906
1538589600.0,1.5236414670944214,14.416358947753906
1538611200.0,1.4226179122924805,13.899269104003906
1538632800.0,1.2911217212677002,13.472023010253906
1538654400.0,1.2880322933197021,13.236671447753906
1538676000.0,1.2352735996246338,12.840187072753906
1538697600.0,1.2481660842895508,12.553077697753906
1538719200.0,1.1561779975891113,12.188819885253906
1538740800.0,1.1054518222808838,11.974464416503906
1538762400.0,1.234487771987915,17.368019104003906
1538784000.0,1.2553757429122925,16.627784729003906
1538805600.0,1.2767294645309448,16.145851135253906
1538827200.0,1.4331281185150146,15.849952697753906
1538848800.0,1.6004767417907715,15.197608947753906
1538870400.0,1.630732536315918,14.774757385253906
1538892000.0,1.5223891735076904,14.272804260253906
1538913600.0,1.466107964515686,13.582862854003906
1538935200.0,1.5127546787261963,13.224464416503906
1538956800.0,1.3863344192504883,12.929054260253906
1538978400.0,1.3678994178771973,13.047706604003906
1539000000.0,1.4333491325378418,12.614601135253906
1539021600.0,1.3095741271972656,12.321144104003906
1539043200.0,1.2455673217773438,12.639015197753906
1539064800.0,1.1811964511871338,13.204933166503906
1539086400.0,1.5282347202301025,14.118019104003906
1539108000.0,1.480621576309204,13.595069885253906
1539129600.0,1.3288606405258179,13.282569885253906
1539151200.0,1.2213215827941895,12.960304260253906
1539172800.0,1.4668660163879395,5.300148010253906
1539194400.0,1.5784921646118164,18.445655822753906
1539216000.0,1.5130252838134766,17.833351135253906
1539237600.0,1.4587124586105347,17.323097229003906
1539259200.0,1.5362777709960938,16.543800354003906
1539280800.0,1.6215331554412842,16.083351135253906
1539302400.0,1.5185664892196655,15.576026916503906
1539324000.0,1.4102555513381958,14.799659729003906
1539345600.0,1.3586386442184448,14.465187072753906
1539367200.0,1.3576703071594238,14.007179260253906
1539388800.0,1.2744801044464111,13.446632385253906
1539410400.0,1.1828410625457764,13.120460510253906
1539432000.0,1.1636295318603516,12.876319885253906
1539453600.0,1.1572400331497192,12.410499572753906
1539475200.0,1.213805913925171,12.561378479003906
1539496800.0,1.177619218826294,12.929054260253906
1539518400.0,1.1802918910980225,13.590187072753906
1539540000.0,1.283676028251648,13.640480041503906
1539561600.0,1.3694971799850464,13.396339416503906
1539583200.0,1.3141775131225586,13.081398010253906
1539604800.0,1.3894641399383545,12.735694885253906
1539626400.0,1.4604268074035645,12.470558166503906
1539648000.0,1.454368233680725,14.467628479003906
1539669600.0,1.4127159118652344,14.831398010253906
1539691200.0,1.5444140434265137,14.640480041503906
1539712800.0,1.728196620941162,14.249855041503906
1539734400.0,1.739245891571045,13.828956604003906
1539756000.0,1.6409512758255005,13.448585510253906
1539777600.0,1.6241260766983032,13.134620666503906
1539799200.0,1.6709880828857422,12.561866760253906
1539820800.0,1.5723726749420166,12.170265197753906
1539842400.0,1.566138744354248,12.363136291503906
1539864000.0,1.7391929626464844,14.452491760253906
1539885600.0,1.8281047344207764,14.470558166503906
1539907200.0,1.9121177196502686,14.389503479003906
1539928800.0,1.8616328239440918,14.079444885253906
1539950400.0,1.8779900074005127,13.785011291503906
1539972000.0,1.783609390258789,13.628273010253906
1539993600.0,1.7083467245101929,13.535011291503906
1540015200.0,1.7989447116851807,13.669288635253906
1540036800.0,2.054104804992676,13.694190979003906
1540058400.0,2.0413765907287598,13.523292541503906
1540080000.0,1.9767749309539795,13.275733947753906
1540101600.0,1.6960954666137695,12.942726135253906
1540123200.0,1.5717415809631348,12.680030822753906
1540144800.0,1.5532947778701782,12.620460510253906
1540166400.0,1.4631175994873047,12.446144104003906
1540188000.0,1.4921138286590576,12.316749572753906
1540209600.0,1.7539585828781128,12.619483947753906
1540231200.0,1.6325945854187012,12.214698791503906
1540252800.0,1.521999716758728,11.894386291503906
1540274400.0,1.3561182022094727,11.618019104003906
1540296000.0,1.3865971565246582,15.841163635253906
1540317600.0,1.4639955759048462,15.458839416503906
1540339200.0,1.5509822368621826,15.277687072753906
1540360800.0,1.547717809677124,15.105323791503906
1540382400.0,1.6653335094451904,14.896339416503906
1540404000.0,1.7074828147888184,14.611671447753906
1540425600.0,1.6961288452148438,14.280128479003906
1540447200.0,1.6724748611450195,13.854347229003906
1540468800.0,1.8851077556610107,13.512062072753906
1540490400.0,1.694671392440796,13.165382385253906
1540512000.0,1.578826665878296,12.932472229003906
1540533600.0,1.4362232685089111,12.497901916503906
1540555200.0,1.4778673648834229,12.227882385253906
1540576800.0,1.4269442558288574,12.020362854003906
1540598400.0,1.1984341144561768,11.282081604003906
1540620000.0,1.211153507232666,11.531593322753906
1540641600.0,1.3754788637161255,11.553565979003906
1540663200.0,1.4182493686676025,6.113136291503906
1540684800.0,1.32389235496521,11.336769104003906
1540706400.0,1.2333955764770508,15.921730041503906
1540728000.0,1.3811081647872925,15.682228088378906
1540749600.0,1.3288183212280273,15.581886291503906
1540771200.0,1.2007673978805542,15.066261291503906
1540792800.0,1.0426087379455566,14.227394104003906
1540814400.0,1.0796335935592651,13.796241760253906
1540836000.0,1.1961829662322998,13.625587463378906
1540857600.0,1.2613548040390015,13.690284729003906
1540879200.0,1.2475582361221313,13.686622619628906
1540900800.0,1.2899640798568726,14.103126525878906
1540922400.0,1.3790714740753174,14.629981994628906
1540944000.0,1.3738174438476562,14.590919494628906
1540965600.0,1.3879520893096924,14.318702697753906
1540987200.0,1.5036383867263794,14.052833557128906
1541008800.0,1.4929053783416748,13.858985900878906
1541030400.0,1.3814868927001953,13.487159729003906
1541052000.0,1.3420699834823608,13.159034729003906
1541073600.0,1.5350401401519775,12.912208557128906
1541095200.0,1.481257677078247,12.756690979003906
1541116800.0,1.3287510871887207,12.827247619628906
1541138400.0,1.193152666091919,12.548439025878906
1541160000.0,1.1588358879089355,12.302101135253906
1541181600.0,1.1423882246017456,12.248390197753906
1541203200.0,1.1102550029754639,12.334327697753906
1541224800.0,1.1198687553405762,12.301612854003906
1541246400.0,1.3490350246429443,12.325538635253906
1541268000.0,1.379293441772461,12.310401916503906
1541289600.0,1.3142938613891602,12.239601135253906
1541311200.0,1.2623542547225952,12.393898010253906
1541332800.0,1.4190220832824707,16.139503479003906
1541354400.0,1.4593136310577393,15.848487854003906
1541376000.0,1.518090009689331,15.527198791503906
1541397600.0,1.5536935329437256,14.895362854003906
1541419200.0,1.7312592267990112,14.462745666503906
1541440800.0,1.8036363124847412,14.012550354003906
1541462400.0,1.7835794687271118,13.701026916503906
1541484000.0,1.6767711639404297,13.452980041503906
1541505600.0,1.6205236911773682,13.120948791503906
1541527200.0,1.5708335638046265,12.666847229003906
1541548800.0,1.5248000621795654,12.412940979003906
1541570400.0,1.3421432971954346,11.900245666503906
1541592000.0,1.3966810703277588,16.485694885253906
1541613600.0,1.321523904800415,16.048194885253906
1541635200.0,1.3390803337097168,15.682472229003906
1541656800.0,1.3903369903564453,15.091163635253906
1541678400.0,1.50260329246521,14.721046447753906
1541700000.0,1.527254581451416,14.302101135253906
1541721600.0,1.5684244632720947,13.942726135253906
1541743200.0,1.516289472579956,13.440284729003906
1541764800.0,1.478340744972229,13.103858947753906
1541786400.0,1.4239400625228882,12.604347229003906
1541808000.0,1.3160672187805176,12.082862854003906
1541829600.0,1.2402892112731934,11.530616760253906
1541851200.0,1.230072021484375,11.363136291503906
1541872800.0,1.1801878213882446,11.320655822753906
1541894400.0,1.174863576889038,13.084815979003906
1541916000.0,1.148423433303833,13.371437072753906
1541937600.0,1.2333569526672363,13.484230041503906
1541959200.0,1.2274888753890991,8.456398010253906
1541980800.0,1.2933915853500366,8.674659729003906
1542002400.0,1.1754107475280762,8.446144104003906
1542024000.0,1.1226553916931152,8.336280822753906
1542045600.0,1.1126463413238525,8.262550354003906
1542067200.0,1.1140637397766113,8.317726135253906
1542088800.0,1.127575159072876,8.485694885253906
1542110400.0,1.2285984754562378,8.720558166503906
1542132000.0,1.3773365020751953,7.779151916503906
1542153600.0,1.566755771636963,7.123390197753906
1542175200.0,1.6554795503616333,7.975440979003906
1542196800.0,1.546887993812561,8.096534729003906
1542218400.0,1.4557452201843262,10.389503479003906
1542240000.0,1.5565409660339355,13.005226135253906
1542261600.0,1.4507851600646973,11.833351135253906
1542283200.0,1.3727689981460571,11.280128479003906
1542304800.0,1.2408130168914795,10.806251525878906
1542326400.0,1.2032442092895508,10.723487854003906
1542348000.0,1.1624305248260498,10.716163635253906
1542369600.0,1.2963911294937134,11.234718322753906
1542391200.0,1.349782943725586,11.242530822753906
1542412800.0,1.3269374370574951,13.179542541503906
1542434400.0,1.2734959125518799,12.979835510253906
1542456000.0,1.2318007946014404,12.340187072753906
1542477600.0,1.1591260433197021,12.179054260253906
1542499200.0,1.130181074142456,12.247901916503906
1542520800.0,1.1251304149627686,12.328468322753906
1542542400.0,1.0831133127212524,12.540382385253906
1542564000.0,1.061894416809082,12.746437072753906
1542585600.0,1.0062203407287598,12.162452697753906
1542607200.0,0.9779194593429565,12.355323791503906
1542628800.0,0.9787957072257996,12.793312072753906
1542650400.0,1.0092685222625732,16.540382385253906
1542672000.0,1.0608141422271729,16.142433166503906
1542693600.0,1.0971784591674805,15.782081604003906
1542715200.0,1.2690995931625366,15.684913635253906
1542736800.0,1.3373634815216064,15.055519104003906
1542758400.0,1.35946786403656,14.512550354003906
1542780000.0,1.3449299335479736,13.896827697753906
1542801600.0,1.3250867128372192,13.424659729003906
1542823200.0,1.3451159000396729,13.293800354003906
1542844800.0,1.3950221538543701,13.236671447753906
1542866400.0,1.4000422954559326,13.029640197753906
1542888000.0,1.4329185485839844,12.908058166503906
1542909600.0,1.408353328704834,12.853858947753906
1542931200.0,1.4001264572143555,12.628273010253906
1542952800.0,1.373893141746521,12.467140197753906
1542974400.0,1.47102689743042,12.628761291503906
1542996000.0,1.4270622730255127,12.438819885253906
1543017600.0,1.3444013595581055,12.111671447753906
1543039200.0,1.25867760181427,11.688087463378906
1543060800.0,1.2365827560424805,11.460060119628906
1543082400.0,1.2256028652191162,11.299415588378906
1543104000.0,1.190478801727295,11.187843322753906
1543125600.0,1.0821444988250732,11.002296447753906
1543147200.0,1.0278453826904297,10.700050354003906
1543168800.0,1.0089361667633057,10.395362854003906
1543190400.0,1.0226128101348877,15.327980041503906
1543212000.0,1.0512135028839111,15.115089416503906
1543233600.0,1.1750770807266235,15.276710510253906
1543255200.0,1.192714810371399,14.938331604003906
1543276800.0,1.203845739364624,14.669288635253906
1543298400.0,1.1679291725158691,14.230323791503906
1543320000.0,1.1324076652526855,13.706886291503906
1543341600.0,1.1323082447052002,13.282569885253906
1543363200.0,1.2048475742340088,13.375831604003906
1543384800.0,1.145911455154419,12.797218322753906
1543406400.0,1.163869857788086,12.073097229003906
1543428000.0,1.0910792350769043,11.670753479003906
1543449600.0,1.0518676042556763,11.282081604003906
1543471200.0,1.046614646911621,11.108741760253906
1543492800.0,1.210609793663025,11.246925354003906
1543514400.0,1.301819920539856,11.087257385253906
1543536000.0,1.277857780456543,6.022804260253906
1543557600.0,1.1227214336395264,6.191261291503906
1543579200.0,1.0250091552734375,15.736671447753906
1543600800.0,1.0494275093078613,15.130714416503906
1543622400.0,1.1462270021438599,15.212745666503906
1543644000.0,1.1420713663101196,14.938331604003906
1543665600.0,1.1634128093719482,14.687843322753906
1543687200.0,1.1478886604309082,14.639991760253906
1543708800.0,1.223452091217041,14.822608947753906
1543730400.0,1.2964805364608765,14.704933166503906
1543752000.0,1.278165578842163,14.134620666503906
1543773600.0,1.3432350158691406,13.745948791503906
1543795200.0,1.3368850946426392,13.501319885253906
1543816800.0,1.3892929553985596,13.410987854003906
1543838400.0,1.584549069404602,13.204933166503906
1543860000.0,1.5504937171936035,12.995460510253906
1543881600.0,1.4119970798492432,12.888038635253906
1543903200.0,1.3295844793319702,12.928077697753906
1543924800.0,1.3170087337493896,12.938819885253906
1543946400.0,1.3219940662384033,12.724464416503906
1543968000.0,1.2565479278564453,12.431495666503906
1543989600.0,1.1796692609786987,12.193702697753906
1544011200.0,1.15232253074646,11.946632385253906
1544032800.0,1.1779061555862427,11.615089416503906
1544054400.0,1.1654036045074463,11.350929260253906
1544076000.0,1.0838316679000854,11.140968322753906
1544097600.0,1.0734158754348755,11.029151916503906
1544119200.0,1.100407600402832,13.186378479003906
1544140800.0,1.1124143600463867,14.505226135253906
1544162400.0,1.0765293836593628,14.534034729003906
1544184000.0,1.102738380432129,14.351905822753906
1544205600.0,1.1549670696258545,14.138526916503906
1544227200.0,1.2033326625823975,13.756690979003906
1544248800.0,1.251991629600525,13.518409729003906
1544270400.0,1.334198236465454,13.432472229003906
1544292000.0,1.3498221635818481,13.383644104003906
1544313600.0,1.351204752922058,13.209327697753906
1544335200.0,1.3401973247528076,12.962257385253906
1544356800.0,1.4147334098815918,12.991554260253906
1544378400.0,1.3292992115020752,12.389503479003906
1544400000.0,1.2729867696762085,12.120948791503906
1544421600.0,1.266300916671753,11.941749572753906
1544443200.0,1.274244785308838,11.569679260253906
1544464800.0,1.2816801071166992,11.287940979003906
1544486400.0,1.3015224933624268,11.196144104003906
1544508000.0,1.288114070892334,14.554054260253906
1544529600.0,1.3022005558013916,14.299659729003906
1544551200.0,1.3027535676956177,13.861671447753906
1544572800.0,1.2622778415679932,13.506690979003906
1544594400.0,1.2467269897460938,13.324562072753906
1544616000.0,1.3061366081237793,13.207374572753906
1544637600.0,1.3197071552276611,12.958839416503906
1544659200.0,1.3242840766906738,12.374366760253906
1544680800.0,1.2837395668029785,11.782569885253906
1544702400.0,1.2750027179718018,15.830421447753906
1544724000.0,1.2984154224395752,15.567726135253906
1544745600.0,1.5133918523788452,15.632179260253906
1544767200.0,1.5944545269012451,14.612648010253906
1544788800.0,1.7749440670013428,14.189796447753906
1544810400.0,1.7238032817840576,14.429542541503906
1544832000.0,1.4793014526367188,13.341651916503906
1544853600.0,1.39505136013031,12.941261291503906
1544875200.0,1.4055345058441162,12.529151916503906
1544896800.0,1.3671451807022095,12.190284729003906
1544918400.0,1.4079959392547607,11.701026916503906
1544940000.0,1.3991622924804688,10.987159729003906
1544961600.0,1.476606011390686,10.791847229003906
1544983200.0,1.5001590251922607,10.609230041503906
1545004800.0,1.6523144245147705,14.063331604003906
1545026400.0,1.688782811164856,13.664894104003906
1545048000.0,1.6637122631072998,13.403663635253906
1545069600.0,1.638530969619751,13.253761291503906
1545091200.0,1.595149040222168,13.110206604003906
1545112800.0,1.539167881011963,12.952980041503906
1545134400.0,1.578826904296875,12.961280822753906
1545156000.0,1.5373793840408325,13.070167541503906
1545177600.0,1.5150055885314941,12.984718322753906
1545199200.0,1.4767369031906128,12.755226135253906
1545220800.0,1.4945098161697388,12.407081604003906
1545242400.0,1.4202682971954346,12.166847229003906
1545264000.0,1.300168514251709,11.716163635253906
1545285600.0,1.1642870903015137,10.936866760253906
1545307200.0,1.0993633270263672,10.517921447753906
1545328800.0,1.0586180686950684,10.065284729003906
1545350400.0,1.0439512729644775,9.808448791503906
1545372000.0,1.053635835647583,14.868019104003906
1545393600.0,1.0641783475875854,14.715187072753906
1545415200.0,1.0799217224121094,14.548683166503906
1545436800.0,1.078852891921997,14.274269104003906
1545458400.0,1.0706231594085693,13.787940979003906
1545480000.0,1.0985617637634277,13.461769104003906
1545501600.0,1.093098759651184,13.100440979003906
1545523200.0,1.1685552597045898,12.746925354003906
1545544800.0,1.158679723739624,12.244483947753906
1545566400.0,1.328591227531433,11.953956604003906
1545588000.0,1.4671351909637451,11.344581604003906
1545609600.0,1.6437041759490967,5.828956604003906
1545631200.0,1.5170724391937256,15.819679260253906
1545652800.0,1.5223431587219238,15.171241760253906
1545674400.0,1.4618992805480957,14.883155822753906
1545696000.0,1.6975702047348022,14.606788635253906
1545717600.0,1.4872710704803467,14.314796447753906
1545739200.0,1.739432454109192,14.431983947753906
1545760800.0,1.6768722534179688,13.673194885253906
1545782400.0,1.604583501815796,13.343116760253906
1545804000.0,1.4247746467590332,13.122901916503906
1545825600.0,1.5863007307052612,13.025978088378906
1545847200.0,1.471771001815796,12.762550354003906
1545868800.0,1.5830607414245605,12.817237854003906
1545890400.0,1.3856594562530518,12.449562072753906
1545912000.0,1.4562492370605469,11.939796447753906
1545933600.0,1.4726834297180176,11.476417541503906
1545955200.0,1.3833658695220947,11.196632385253906
1545976800.0,1.3691773414611816,11.034034729003906
1545998400.0,1.4955395460128784,11.062843322753906
1546020000.0,1.472334623336792,11.051612854003906
1546041600.0,1.377640962600708,10.767921447753906
1546063200.0,1.3355804681777954,10.402198791503906
1546084800.0,1.439464807510376,5.469093322753906
1546106400.0,1.5459811687469482,5.724464416503906
1546128000.0,1.4168391227722168,5.850929260253906
1546149600.0,1.3779176473617554,5.667335510253906
1546171200.0,1.369981050491333,5.500831604003906
1546192800.0,1.462247610092163,5.174171447753906
1546214400.0,1.4838290214538574,5.395851135253906
1546236000.0,1.4896109104156494,5.385597229003906
1546257600.0,1.5895204544067383,5.667823791503906
1546279200.0,1.5363621711730957,5.610694885253906
1546300800.0,1.5382722616195679,5.547218322753906
1546322400.0,1.497782588005066,5.552101135253906
1546344000.0,1.4542386531829834,11.436866760253906
1546365600.0,1.4833495616912842,5.395851135253906
1546387200.0,1.3900878429412842,12.930030822753906
1546408800.0,1.476466417312622,12.632179260253906
1546430400.0,1.6061872243881226,5.669288635253906
1546452000.0,1.6802828311920166,5.655616760253906
1546473600.0,1.5929404497146606,16.455909729003906
1546495200.0,1.6334547996520996,16.014503479003906
1546516800.0,1.5940699577331543,15.281593322753906
1546538400.0,1.487890601158142,14.696632385253906
1546560000.0,1.4334784746170044,14.222511291503906
1546581600.0,1.3192229270935059,13.534523010253906
1546603200.0,1.2829229831695557,13.236671447753906
1546624800.0,1.2192821502685547,12.894386291503906
1546646400.0,1.1793315410614014,12.618995666503906
1546668000.0,1.2017616033554077,14.324562072753906
1546689600.0,1.268660545349121,14.158546447753906
1546711200.0,1.3568952083587646,13.660011291503906
1546732800.0,1.4712462425231934,13.281593322753906
1546754400.0,1.5923523902893066,12.992042541503906
1546776000.0,1.6234734058380127,12.623878479003906
1546797600.0,1.5771560668945312,12.360206604003906
1546819200.0,1.4930419921875,12.166358947753906
1546840800.0,1.4006015062332153,11.990577697753906
1546862400.0,1.3566447496414185,11.956886291503906
1546884000.0,1.3222455978393555,11.972023010253906
1546905600.0,1.2046105861663818,11.552101135253906
1546927200.0,1.1212546825408936,11.296241760253906
1546948800.0,1.032853603363037,11.035011291503906
1546970400.0,0.9913138747215271,10.974464416503906
1546992000.0,0.9818655252456665,11.040870666503906
1547013600.0,0.9743528366088867,11.186378479003906
1547035200.0,0.938361406326294,13.308448791503906
1547056800.0,0.940471887588501,13.180519104003906
1547078400.0,1.0739905834197998,13.473487854003906
1547100000.0,1.0270888805389404,13.233253479003906
1547121600.0,1.0321828126907349,13.161476135253906
1547143200.0,0.9510274529457092,12.566749572753906
1547164800.0,0.8826259970664978,11.979347229003906
1547186400.0,0.8495126366615295,11.778663635253906
1547208000.0,0.8228147625923157,11.435890197753906
1547229600.0,0.8085280060768127,11.257179260253906
1547251200.0,0.7723467946052551,11.102882385253906
1547272800.0,0.7592499256134033,11.414405822753906
1547294400.0,0.7637978792190552,12.938331604003906
1547316000.0,0.7839743494987488,12.849952697753906
1547337600.0,0.837001383304596,20.440773010253906
1547359200.0,0.9402057528495789,19.930519104003906
1547380800.0,1.121086835861206,19.829933166503906
1547402400.0,1.1224489212036133,18.605323791503906
1547424000.0,1.1300112009048462,17.715675354003906
1547445600.0,1.1749317646026611,17.124366760253906
1547467200.0,1.2111330032348633,16.494483947753906
1547488800.0,1.2367751598358154,16.056495666503906
1547510400.0,1.2300961017608643,15.368019104003906
1547532000.0,1.3565185070037842,14.917823791503906
1547553600.0,1.6126145124435425,14.683448791503906
1547575200.0,1.62965989112854,14.547218322753906
1547596800.0,1.6700475215911865,14.811378479003906
1547618400.0,1.6929922103881836,14.727882385253906
1547640000.0,1.7929117679595947,14.426124572753906
1547661600.0,1.8584272861480713,14.088722229003906
1547683200.0,1.7906947135925293,13.634620666503906
1547704800.0,1.8718937635421753,13.311378479003906
1547726400.0,1.8593937158584595,13.175148010253906
1547748000.0,1.675736427307129,13.003273010253906
1547769600.0,1.6062597036361694,12.899269104003906
1547791200.0,1.5993273258209229,12.841651916503906
1547812800.0,1.551131248474121,12.435401916503906
1547834400.0,1.5021929740905762,11.984230041503906
1547856000.0,1.43817937374115,11.692237854003906
1547877600.0,1.329322099685669,11.333839416503906
1547899200.0,1.324302315711975,17.674659729003906
1547920800.0,1.3085839748382568,16.883644104003906
1547942400.0,1.3192795515060425,16.392433166503906
1547964000.0,1.2667648792266846,16.002296447753906
1547985600.0,1.2471741437911987,15.234230041503906
1548007200.0,1.3181722164154053,19.119483947753906
1548028800.0,1.3844411373138428,18.631690979003906
1548050400.0,1.456343173980713,17.985206604003906
1548072000.0,1.603715419769287,17.573097229003906
1548093600.0,1.7498371601104736,16.954444885253906
1548115200.0,1.7539161443710327,16.327491760253906
1548136800.0,1.6745128631591797,15.777687072753906
1548158400.0,1.5568420886993408,14.925636291503906
1548180000.0,1.4664621353149414,14.505714416503906
1548201600.0,1.3876166343688965,14.067726135253906
1548223200.0,1.321580410003662,13.700050354003906
1548244800.0,1.2805968523025513,13.526710510253906
1548266400.0,1.254075288772583,13.410987854003906
1548288000.0,1.1913015842437744,13.167335510253906
1548309600.0,1.1893175840377808,13.139015197753906
1548331200.0,1.274117350578308,13.204444885253906
1548352800.0,1.3928358554840088,13.118995666503906
1548374400.0,1.5223445892333984,12.903663635253906
1548396000.0,1.4482319355010986,12.275733947753906
1548417600.0,1.3705639839172363,11.971290588378906
1548439200.0,1.3020412921905518,11.744972229003906
1548460800.0,1.2865242958068848,11.531593322753906
1548482400.0,1.2459969520568848,11.456886291503906
1548504000.0,1.222787618637085,11.398780822753906
1548525600.0,1.2510969638824463,11.521339416503906
1548547200.0,1.207405924797058,10.990089416503906
1548568800.0,1.2903739213943481,10.965187072753906
1548590400.0,1.4380385875701904,16.105323791503906
1548612000.0,1.487333059310913,15.718116760253906
1548633600.0,1.342434048652649,14.663917541503906
1548655200.0,1.4166208505630493,14.536476135253906
1548676800.0,1.5946776866912842,13.956398010253906
1548698400.0,1.4757740497589111,13.388038635253906
1548720000.0,1.405455470085144,13.172218322753906
1548741600.0,1.3846220970153809,13.019386291503906
1548763200.0,1.491227388381958,12.289405822753906
1548784800.0,1.591456651687622,9.993995666503906
1548806400.0,1.5752649307250977,9.843116760253906
1548828000.0,1.5942552089691162,9.389991760253906
1548849600.0,1.5011932849884033,8.552101135253906
1548871200.0,1.385051965713501,8.242042541503906
1548892800.0,1.316135048866272,8.158058166503906
1548914400.0,1.2383160591125488,7.995460510253906
1548936000.0,1.2030835151672363,12.181495666503906
1548957600.0,1.1632850170135498,11.970069885253906
1548979200.0,1.1335234642028809,11.564308166503906
1549000800.0,1.112597942352295,11.352394104003906
1549022400.0,1.1150569915771484,14.754249572753906
1549044000.0,1.1062532663345337,14.696632385253906
1549065600.0,1.0790845155715942,14.465187072753906
1549087200.0,1.0497633218765259,14.176124572753906
1549108800.0,1.005333662033081,13.559425354003906
1549130400.0,0.9713976383209229,13.397804260253906
1549152000.0,0.953384518623352,13.231300354003906
1549173600.0,0.9149880409240723,12.753761291503906
1549195200.0,0.9101555347442627,12.409034729003906
1549216800.0,0.9024474620819092,12.130714416503906
1549238400.0,0.8817681074142456,12.221046447753906
1549260000.0,0.8675123453140259,13.992042541503906
1549281600.0,0.9107034802436829,14.063331604003906
1549303200.0,0.96009761095047,13.608253479003906
1549324800.0,1.0433310270309448,13.591651916503906
1549346400.0,1.1449106931686401,13.627784729003906
1549368000.0,1.3395062685012817,13.333839416503906
1549389600.0,1.3708841800689697,12.955421447753906
1549411200.0,1.35933256149292,12.522804260253906
1549432800.0,1.307981014251709,12.260108947753906
1549454400.0,1.2434048652648926,11.905616760253906
1549476000.0,1.1872596740722656,11.496437072753906
1549497600.0,1.1228415966033936,11.336769104003906
1549519200.0,1.0922906398773193,11.342628479003906
1549540800.0,1.1111197471618652,11.395851135253906
1549562400.0,1.069725513458252,11.472511291503906
1549584000.0,1.0274401903152466,11.410987854003906
1549605600.0,1.0080100297927856,11.156593322753906
1549627200.0,1.0214406251907349,11.051124572753906
1549648800.0,0.9624345302581787,10.490089416503906
1549670400.0,0.9508663415908813,10.260108947753906
1549692000.0,0.9589739441871643,10.149269104003906
1549713600.0,0.9687829613685608,13.048683166503906
1549735200.0,0.9870551824569702,13.021339416503906
1549756800.0,1.0088013410568237,12.582862854003906
1549778400.0,1.0186748504638672,12.245948791503906
1549800000.0,1.1175365447998047,12.053565979003906
1549821600.0,1.05813729763031,11.792823791503906
1549843200.0,1.0136561393737793,11.472999572753906
1549864800.0,0.990426242351532,11.271827697753906
1549886400.0,1.0250195264816284,11.416847229003906
1549908000.0,0.9648447036743164,11.006690979003906
1549929600.0,0.9007519483566284,10.553565979003906
1549951200.0,0.8864952325820923,10.405616760253906
1549972800.0,0.856840968132019,10.318702697753906
1549994400.0,0.8966830372810364,13.609230041503906
1550016000.0,0.8986654877662659,13.569190979003906
1550037600.0,0.9382432699203491,13.684913635253906
1550059200.0,0.9529384970664978,13.488136291503906
1550080800.0,0.9592944383621216,13.246437072753906
1550102400.0,0.9879698157310486,12.922706604003906
1550124000.0,0.9755054712295532,12.920265197753906
1550145600.0,0.9724089503288269,13.680030822753906
1550167200.0,1.0517528057098389,14.174171447753906
1550188800.0,1.131609320640564,13.799171447753906
1550210400.0,1.2040801048278809,13.474464416503906
1550232000.0,1.2217111587524414,13.221534729003906
1550253600.0,1.2309895753860474,12.940773010253906
1550275200.0,1.193751573562622,12.440284729003906
1550296800.0,1.1767923831939697,12.140968322753906
1550318400.0,1.1085336208343506,11.579933166503906
1550340000.0,1.0719292163848877,11.273780822753906
1550361600.0,1.0460526943206787,11.061378479003906
1550383200.0,1.0230867862701416,10.928077697753906
1550404800.0,0.998418927192688,13.684913635253906
1550426400.0,0.9747423529624939,13.809425354003906
1550448000.0,0.9597287774085999,13.661964416503906
1550469600.0,0.9472371339797974,13.550148010253906
1550491200.0,0.9435564875602722,13.488624572753906
1550512800.0,0.9392774105072021,13.481300354003906
1550534400.0,0.9401853680610657,13.385108947753906
1550556000.0,0.9576814770698547,13.223976135253906
1550577600.0,0.9743137955665588,12.963722229003906
1550599200.0,0.9911251664161682,12.498878479003906
1550620800.0,0.9769219756126404,12.087745666503906
1550642400.0,0.9612184762954712,11.772804260253906
1550664000.0,0.9390062689781189,11.321632385253906
1550685600.0,0.9215911626815796,11.079933166503906
1550707200.0,0.9351553916931152,10.897804260253906
1550728800.0,1.0444908142089844,17.787940979003906
1550750400.0,1.0775954723358154,17.316749572753906
1550772000.0,1.1560444831848145,16.607765197753906
1550793600.0,1.1720597743988037,15.993995666503906
1550815200.0,1.2269222736358643,15.491554260253906
1550836800.0,1.24617600440979,14.843116760253906
1550858400.0,1.2443594932556152,14.456398010253906
1550880000.0,1.2287046909332275,13.988624572753906
1550901600.0,1.2331855297088623,13.610206604003906
1550923200.0,1.2005559206008911,13.359474182128906
1550944800.0,1.1754851341247559,13.146827697753906
1550966400.0,1.1380298137664795,12.861183166503906
1550988000.0,1.1002423763275146,12.428321838378906
1551009600.0,1.0756621360778809,12.246437072753906
1551031200.0,1.037384271621704,12.076026916503906
1551052800.0,1.0133830308914185,11.960304260253906
1551074400.0,1.0235120058059692,12.118019104003906
1551096000.0,1.0835016965866089,14.392921447753906
1551117600.0,1.1761887073516846,14.368995666503906
1551139200.0,1.3500057458877563,13.920265197753906
1551160800.0,1.3705220222473145,13.444679260253906
1551182400.0,1.3136192560195923,13.094581604003906
1551204000.0,1.250882863998413,12.565284729003906
1551225600.0,1.2173333168029785,12.185401916503906
1551247200.0,1.1768699884414673,12.043800354003906
1551268800.0,1.160605549812317,11.743507385253906
1551290400.0,1.0915608406066895,11.473976135253906
1551312000.0,1.0424448251724243,11.331398010253906
1551333600.0,0.9998151659965515,11.166847229003906
1551355200.0,0.9805516004562378,11.364112854003906
1551376800.0,0.9605907201766968,12.247901916503906
1551398400.0,1.010284662246704,12.622413635253906
1551420000.0,0.983809769153595,12.215675354003906
1551441600.0,0.9841798543930054,11.927101135253906
1551463200.0,0.9755284190177917,11.432472229003906
1551484800.0,0.9883358478546143,11.072608947753906
1551506400.0,1.0573030710220337,14.734230041503906
1551528000.0,1.0692243576049805,14.621437072753906
1551549600.0,1.0506293773651123,14.393409729003906
1551571200.0,1.05857253074646,13.952980041503906
1551592800.0,1.0540132522583008,13.561378479003906
1551614400.0,1.1097055673599243,13.687355041503906
1551636000.0,1.205824375152588,14.413917541503906
1551657600.0,1.2907826900482178,14.320167541503906
1551679200.0,1.3480069637298584,13.870948791503906
1551700800.0,1.3414885997772217,13.433448791503906
1551722400.0,1.3084661960601807,13.017921447753906
1551744000.0,1.2679061889648438,12.540870666503906
1551765600.0,1.2661216259002686,12.419288635253906
1551787200.0,1.2356603145599365,12.353858947753906
1551808800.0,1.2708511352539062,12.199073791503906
1551830400.0,1.288344383239746,12.105323791503906
1551852000.0,1.2536253929138184,11.984230041503906
1551873600.0,1.2364706993103027,11.980812072753906
1551895200.0,1.1763324737548828,11.760108947753906
1551916800.0,1.0711359977722168,17.638526916503906
1551938400.0,0.9818487167358398,16.302589416503906
1551960000.0,0.9457926750183105,15.432960510253906
1551981600.0,0.9606919288635254,14.732276916503906
1552003200.0,1.0443394184112549,14.446632385253906
1552024800.0,1.1244314908981323,13.971534729003906
1552046400.0,1.205127239227295,13.799659729003906
1552068000.0,1.2546353340148926,13.582862854003906
1552089600.0,1.2875336408615112,13.429054260253906
1552111200.0,1.23147714138031,12.979347229003906
1552132800.0,1.1521546840667725,12.486671447753906
1552154400.0,1.1216192245483398,11.819679260253906
1552176000.0,1.170579195022583,11.551124572753906
1552197600.0,1.2037155628204346,15.973487854003906
1552219200.0,1.274587869644165,15.722023010253906
1552240800.0,1.1815481185913086,14.606788635253906
1552262400.0,1.253843069076538,13.823585510253906
1552284000.0,1.1640455722808838,13.201026916503906
1552305600.0,1.228461503982544,12.397804260253906
1552327200.0,1.1429824829101562,11.782081604003906
1552348800.0,1.0681689977645874,11.255714416503906
1552370400.0,1.1819989681243896,17.900245666503906
1552392000.0,1.3724331855773926,17.939308166503906
1552413600.0,1.6025958061218262,18.338722229003906
1552435200.0,1.735746145248413,17.723487854003906
1552456800.0,1.685986042022705,16.437355041503906
1552478400.0,1.634824275970459,15.646339416503906
1552500000.0,1.5844955444335938,14.818702697753906
1552521600.0,1.5716627836227417,14.401222229003906
1552543200.0,1.557254433631897,14.117530822753906
1552564800.0,1.4974356889724731,14.146827697753906
1552586400.0,1.4571247100830078,14.405128479003906
1552608000.0,1.3897663354873657,14.254737854003906
1552629600.0,1.3149590492248535,13.707862854003906
1552651200.0,1.8768575191497803,16.013038635253906
1552672800.0,1.698432445526123,15.849464416503906
1552694400.0,1.5628845691680908,15.364112854003906
1552716000.0,1.442737102508545,14.962745666503906
1552737600.0,1.3297820091247559,14.618507385253906
1552759200.0,1.159219741821289,13.676612854003906
1552780800.0,1.0784146785736084,13.142433166503906
1552802400.0,1.035783052444458,12.637062072753906
1552824000.0,1.0004281997680664,12.219581604003906
1552845600.0,1.0156117677688599,17.445655822753906
1552867200.0,1.0961722135543823,17.325538635253906
1552888800.0,1.2260384559631348,16.958839416503906
1552910400.0,1.3811566829681396,16.490577697753906
1552932000.0,1.5395698547363281,16.118995666503906
1552953600.0,1.64335298538208,15.773780822753906
1552975200.0,1.7897179126739502,15.423683166503906
1552996800.0,1.9083163738250732,15.235206604003906
1553018400.0,1.8596808910369873,14.996437072753906
1553040000.0,1.742492914199829,14.659523010253906
1553061600.0,1.6855413913726807,14.441261291503906
1553083200.0,1.6257551908493042,13.927589416503906
1553104800.0,1.5475965738296509,13.543312072753906
1553126400.0,1.4646246433258057,13.311378479003906
1553148000.0,1.3628209829330444,13.100440979003906
1553169600.0,1.3052968978881836,12.595069885253906
1553191200.0,1.2261178493499756,12.286476135253906
1553212800.0,1.1906052827835083,12.454933166503906
1553234400.0,1.3437180519104004,13.066749572753906
1553256000.0,1.5446128845214844,13.397804260253906
1553277600.0,1.5932660102844238,14.168312072753906
1553299200.0,1.662179946899414,14.950050354003906
1553320800.0,1.7280752658843994,14.667823791503906
1553342400.0,1.7031059265136719,14.310401916503906
1553364000.0,1.7518985271453857,13.927589416503906
1553385600.0,1.6138207912445068,13.485694885253906
1553407200.0,1.549839735031128,13.103370666503906
1553428800.0,1.5752298831939697,12.679054260253906
1553450400.0,1.5411677360534668,12.336769104003906
1553472000.0,1.4656364917755127,12.233741760253906
1553493600.0,1.4168808460235596,12.183937072753906
1553515200.0,1.3877503871917725,12.136573791503906
1553536800.0,1.3430345058441162,12.081642150878906
1553558400.0,1.2946438789367676,12.008155822753906
1553580000.0,1.221322774887085,11.783302307128906
1553601600.0,1.1851409673690796,11.788429260253906
1553623200.0,1.1823763847351074,12.259376525878906
1553644800.0,1.1999053955078125,12.848487854003906
1553666400.0,1.2102389335632324,12.745948791503906
1553688000.0,1.2065733671188354,12.643409729003906
1553709600.0,1.1854937076568604,12.656105041503906
1553731200.0,1.162125825881958,12.571632385253906
1553752800.0,1.1594336032867432,12.382667541503906
1553774400.0,1.0722579956054688,11.791358947753906
1553796000.0,1.0927622318267822,11.764503479003906
1553817600.0,1.0797860622406006,16.080909729003906
1553839200.0,1.0724910497665405,15.806983947753906
1553860800.0,1.0774860382080078,15.183937072753906
1553882400.0,1.0455503463745117,14.781105041503906
1553904000.0,1.0757381916046143,14.601905822753906
1553925600.0,1.0367578268051147,14.064308166503906
1553947200.0,1.0396934747695923,13.623878479003906
1553968800.0,1.0585367679595947,13.347511291503906
1553990400.0,1.089292049407959,13.133644104003906
1554012000.0,1.1258282661437988,12.909034729003906
1554033600.0,1.2005133628845215,12.646339416503906
1554055200.0,1.1990771293640137,12.323097229003906
1554076800.0,1.1850652694702148,12.072120666503906
1554098400.0,1.1776437759399414,11.838233947753906
1554120000.0,1.2309236526489258,11.638038635253906
1554141600.0,1.2164323329925537,11.437843322753906
1554163200.0,1.170235514640808,11.279151916503906
1554184800.0,1.2058953046798706,16.111671447753906
1554206400.0,1.1916306018829346,15.791358947753906
1554228000.0,1.1620371341705322,15.496437072753906
1554249600.0,1.1366653442382812,15.202003479003906
1554271200.0,1.143985390663147,14.825050354003906
1554292800.0,1.1982371807098389,14.575050354003906
1554314400.0,1.2072672843933105,13.938819885253906
1554336000.0,1.2358155250549316,13.397315979003906
1554357600.0,1.2837409973144531,13.067726135253906
1554379200.0,1.3222808837890625,18.066261291503906
1554400800.0,1.304563283920288,17.394874572753906
1554422400.0,1.3874592781066895,16.875343322753906
1554444000.0,1.3391492366790771,16.075538635253906
1554465600.0,1.3244372606277466,15.608253479003906
1554487200.0,1.2934606075286865,14.934425354003906
1554508800.0,1.263451099395752,14.541847229003906
1554530400.0,1.2444185018539429,14.218116760253906
1554552000.0,1.2469666004180908,13.821632385253906
1554573600.0,1.2543749809265137,13.574562072753906
1554595200.0,1.2326438426971436,17.300148010253906
1554616800.0,1.1968011856079102,16.320167541503906
1554638400.0,1.2021546363830566,15.971534729003906
1554660000.0,1.1464817523956299,15.243507385253906
1554681600.0,1.1120378971099854,14.619483947753906
1554703200.0,1.1005008220672607,14.171730041503906
1554724800.0,1.103459358215332,13.518898010253906
1554746400.0,1.1811801195144653,17.535987854003906
1554768000.0,1.2657959461212158,17.048194885253906
1554789600.0,1.3202909231185913,16.288917541503906
1554811200.0,1.3743889331817627,15.809425354003906
1554832800.0,1.426060438156128,15.073097229003906
1554854400.0,1.4043041467666626,14.603858947753906
1554876000.0,1.3772943019866943,14.058448791503906
1554897600.0,1.4197909832000732,13.770362854003906
1554919200.0,1.4199283123016357,13.415382385253906
1554940800.0,1.5169076919555664,13.609718322753906
1554962400.0,1.522056221961975,13.514503479003906
1554984000.0,1.4975972175598145,13.370948791503906
1555005600.0,1.4392826557159424,13.114112854003906
1555027200.0,1.461294174194336,12.676612854003906
1555048800.0,1.3912162780761719,12.207862854003906
1555070400.0,1.3772120475769043,11.852882385253906
1555092000.0,1.3077393770217896,11.466651916503906
1555113600.0,1.2423124313354492,15.644386291503906
1555135200.0,1.2668125629425049,16.114601135253906
1555156800.0,1.3480191230773926,15.692726135253906
1555178400.0,1.4670994281768799,15.292823791503906
1555200000.0,1.5630855560302734,14.844093322753906
1555221600.0,1.609388828277588,14.500343322753906
1555243200.0,1.61136794090271,14.070167541503906
1555264800.0,1.5467545986175537,13.629249572753906
1555286400.0,1.4619593620300293,13.379249572753906
1555308000.0,1.387772798538208,13.139991760253906
1555329600.0,1.3240783214569092,12.866065979003906
1555351200.0,1.2691558599472046,12.494972229003906
1555372800.0,1.2285974025726318,12.286476135253906
1555394400.0,1.1907780170440674,12.125831604003906
1555416000.0,1.1703026294708252,12.007179260253906
1555437600.0,1.1828994750976562,17.220069885253906
1555459200.0,1.2772337198257446,16.148292541503906
1555480800.0,1.472270131111145,16.135108947753906
1555502400.0,1.6911718845367432,16.120704650878906
1555524000.0,1.907688856124878,16.081886291503906
1555545600.0,2.0518929958343506,15.897315979003906
1555567200.0,2.05353045463562,15.389259338378906
1555588800.0,2.0059890747070312,14.955909729003906
1555610400.0,1.9980576038360596,14.950538635253906
1555632000.0,2.0387985706329346,15.215675354003906
1555653600.0,1.9907740354537964,15.089698791503906
1555675200.0,1.908019781112671,14.815284729003906
1555696800.0,1.800693154335022,14.564796447753906
1555718400.0,1.6789121627807617,14.325538635253906
1555740000.0,1.5551402568817139,13.833106994628906
1555761600.0,1.49591064453125,13.446144104003906
1555783200.0,1.5150351524353027,13.153175354003906
1555804800.0,1.636656641960144,17.549659729003906
1555826400.0,1.714615821838379,16.586280822753906
1555848000.0,1.7554411888122559,15.832862854003906
1555869600.0,1.7390785217285156,14.984718322753906
1555891200.0,1.7296969890594482,14.581398010253906
1555912800.0,1.6990604400634766,14.295265197753906
1555934400.0,1.6529697179794312,13.924659729003906
1555956000.0,1.5657455921173096,13.725929260253906
1555977600.0,1.4868305921554565,13.598487854003906
1555999200.0,1.409546136856079,13.372413635253906
1556020800.0,1.3616474866867065,13.189796447753906
1556042400.0,1.3160490989685059,19.535499572753906
1556064000.0,1.4467592239379883,19.297706604003906
1556085600.0,1.5511271953582764,18.528663635253906
1556107200.0,1.664447546005249,17.697608947753906
1556128800.0,1.6452126502990723,16.847999572753906
1556150400.0,1.6414692401885986,16.268409729003906
1556172000.0,1.6104505062103271,15.962745666503906
1556193600.0,1.5550541877746582,15.654640197753906
1556215200.0,1.4819860458374023,15.045753479003906
1556236800.0,1.4335613250732422,14.742530822753906
1556258400.0,1.4059505462646484,14.504249572753906
1556280000.0,1.3833086490631104,14.068702697753906
1556301600.0,1.4088561534881592,13.708351135253906
1556323200.0,1.4700291156768799,13.450050354003906
1556344800.0,1.541661262512207,13.340187072753906
1556366400.0,1.5759639739990234,13.222023010253906
1556388000.0,1.5374531745910645,13.037452697753906
1556409600.0,1.5549649000167847,12.912452697753906
1556431200.0,1.6097872257232666,13.058937072753906
1556452800.0,1.5780251026153564,12.916358947753906
1556474400.0,1.5011154413223267,12.313819885253906
1556496000.0,1.425417423248291,11.796730041503906
1556517600.0,1.382415771484375,16.075050354003906
1556539200.0,1.6363763809204102,17.142921447753906
1556560800.0,1.5337553024291992,16.209327697753906
1556582400.0,1.4070111513137817,15.101905822753906
1556604000.0,1.2702784538269043,14.327980041503906
1556625600.0,1.2464394569396973,13.808937072753906
1556647200.0,1.2215874195098877,13.568214416503906
1556668800.0,1.2204864025115967,13.540870666503906
1556690400.0,1.114162564277649,13.526222229003906
1556712000.0,1.1096278429031372,13.999366760253906
1556733600.0,1.138610601425171,15.881202697753906
1556755200.0,1.1979440450668335,15.404640197753906
1556776800.0,1.1948041915893555,14.493995666503906
1556798400.0,1.2182872295379639,13.761573791503906
1556820000.0,1.2624926567077637,13.436378479003906
1556841600.0,1.2915399074554443,13.289894104003906
1556863200.0,1.3563497066497803,13.285987854003906
1556884800.0,1.4624171257019043,20.977882385253906
1556906400.0,1.52638578414917,20.132179260253906
1556928000.0,1.4113407135009766,18.141456604003906
1556949600.0,1.3574976921081543,17.238136291503906
1556971200.0,1.3041799068450928,16.090187072753906
1556992800.0,1.296756386756897,15.351417541503906
1557014400.0,1.2955231666564941,14.868995666503906
1557036000.0,1.3245785236358643,14.689796447753906
1557057600.0,1.4066903591156006,14.651710510253906
1557079200.0,1.5169768333435059,14.559425354003906
1557100800.0,1.5892189741134644,14.284523010253906
1557122400.0,1.6237709522247314,13.822120666503906
1557144000.0,1.6114462614059448,13.517433166503906
1557165600.0,1.528968095779419,13.254737854003906
1557187200.0,1.499049425125122,13.089698791503906
1557208800.0,1.4554836750030518,12.876319885253906
1557230400.0,1.4518122673034668,12.482276916503906
1557252000.0,1.515589714050293,16.082862854003906
1557273600.0,1.6317355632781982,15.930030822753906
1557295200.0,1.752342939376831,15.479347229003906
1557316800.0,1.7857141494750977,14.851417541503906
1557338400.0,1.76077401638031,14.536476135253906
1557360000.0,1.6909358501434326,14.227882385253906
1557381600.0,1.5826921463012695,13.775245666503906
1557403200.0,1.5986888408660889,13.598487854003906
1557424800.0,1.5930627584457397,13.453468322753906
1557446400.0,1.5304768085479736,13.239112854003906
1557468000.0,1.4732227325439453,19.182472229003906
1557489600.0,1.4642689228057861,18.156105041503906
1557511200.0,1.4769750833511353,17.666847229003906
1557532800.0,1.5052452087402344,16.973976135253906
1557554400.0,1.4801898002624512,16.340187072753906
1557576000.0,1.4710681438446045,15.995948791503906
1557597600.0,1.490757942199707,15.704444885253906
1557619200.0,1.4685215950012207,15.281593322753906
1557640800.0,1.4180694818496704,15.006690979003906
1557662400.0,1.442262053489685,15.156593322753906
1557684000.0,1.3805837631225586,14.940773010253906
1557705600.0,1.3358888626098633,14.798683166503906
1557727200.0,1.3215477466583252,14.670753479003906
1557748800.0,1.2903611660003662,14.420753479003906
1557770400.0,1.2501651048660278,14.158546447753906
1557792000.0,1.2175660133361816,13.846046447753906
1557813600.0,1.1548817157745361,13.569190979003906
1557835200.0,1.1299324035644531,13.371925354003906
1557856800.0,1.100494384765625,13.189796447753906
1557878400.0,1.0751163959503174,12.988624572753906
1557900000.0,1.0331268310546875,12.773292541503906
1557921600.0,1.1462270021438599,13.564796447753906
1557943200.0,1.059892177581787,13.318214416503906
1557964800.0,0.9781729578971863,13.050636291503906
1557986400.0,0.9547378420829773,13.169288635253906
1558008000.0,0.9343988299369812,13.231788635253906
1558029600.0,0.9425799250602722,13.116065979003906
1558051200.0,1.0566976070404053,12.764015197753906
1558072800.0,1.2354609966278076,12.389991760253906
1558094400.0,1.1446263790130615,12.193702697753906
1558116000.0,1.1035339832305908,16.016944885253906
1558137600.0,1.0729012489318848,15.832862854003906
1558159200.0,1.0756981372833252,15.343116760253906
1558180800.0,1.0792598724365234,14.872413635253906
1558202400.0,1.136915922164917,14.558937072753906
1558224000.0,1.2065919637680054,14.095558166503906
1558245600.0,1.263930082321167,13.827491760253906
1558267200.0,1.2861862182617188,13.627296447753906
1558288800.0,1.2983360290527344,13.268409729003906
1558310400.0,1.260484218597412,12.854835510253906
1558332000.0,1.24017333984375,12.391456604003906
1558353600.0,1.180647611618042,12.036964416503906
1558375200.0,1.117803931236267,11.799171447753906
1558396800.0,1.060888648033142,11.675636291503906
1558418400.0,1.0559158325195312,14.265480041503906
1558440000.0,1.0721888542175293,14.255714416503906
1558461600.0,1.1071391105651855,14.073097229003906
1558483200.0,1.1394968032836914,13.722023010253906
1558504800.0,1.1023578643798828,13.494728088378906
1558526400.0,1.125230312347412,13.360206604003906
1558548000.0,1.1459068059921265,13.167335510253906
1558569600.0,1.190891981124878,13.219581604003906
1558591200.0,1.1132609844207764,12.912452697753906
1558612800.0,1.0866880416870117,12.634620666503906
1558634400.0,1.174163818359375,12.536964416503906
1558656000.0,1.2088801860809326,12.689308166503906
1558677600.0,1.2578997611999512,15.261573791503906
1558699200.0,1.33418607711792,14.942237854003906
1558720800.0,1.4325608015060425,14.702980041503906
1558742400.0,1.4791691303253174,14.379737854003906
1558764000.0,1.4466547966003418,14.016456604003906
1558785600.0,1.4341391324996948,13.696632385253906
1558807200.0,1.4111037254333496,13.672218322753906
1558828800.0,1.4142342805862427,13.754249572753906
1558850400.0,1.374483346939087,13.781593322753906
1558872000.0,1.3007726669311523,13.609718322753906
1558893600.0,1.3226025104522705,13.422218322753906
1558915200.0,1.2877540588378906,13.314796447753906
1558936800.0,1.1204311847686768,12.721046447753906
1558958400.0,1.0523765087127686,12.334327697753906
1558980000.0,1.0813606977462769,12.487648010253906
1559001600.0,1.0592737197875977,12.852394104003906
1559023200.0,1.0642058849334717,13.389015197753906
1559044800.0,0.9500802755355835,13.166847229003906
1559066400.0,1.030665397644043,13.700050354003906
1559088000.0,1.0939017534255981,14.264503479003906
1559109600.0,1.0507569313049316,13.894386291503906
1559131200.0,1.06819486618042,13.770851135253906
1559152800.0,1.132051944732666,14.096046447753906
1559174400.0,1.129134178161621,14.664894104003906
1559196000.0,1.1061842441558838,14.543800354003906
1559217600.0,1.1359786987304688,14.220558166503906
1559239200.0,1.11601722240448,13.648780822753906
1559260800.0,1.0732223987579346,13.393898010253906
1559282400.0,1.1275240182876587,13.355812072753906
1559304000.0,1.2520887851715088,13.621437072753906
1559325600.0,1.2990479469299316,13.733253479003906
1559347200.0,1.4060300588607788,13.915870666503906
1559368800.0,1.6557447910308838,16.654396057128906
1559390400.0,1.85030198097229,16.272804260253906
1559412000.0,1.8675687313079834,15.830177307128906
1559433600.0,2.0425021648406982,15.818702697753906
1559455200.0,1.9547226428985596,14.981544494628906
1559476800.0,2.026170253753662,14.538917541503906
1559498400.0,1.953153371810913,13.761085510253906
1559520000.0,1.813349723815918,13.413917541503906
1559541600.0,1.6244862079620361,13.296241760253906
1559563200.0,1.4347755908966064,13.249366760253906
1559584800.0,1.3915221691131592,13.239601135253906
1559606400.0,1.3215540647506714,13.074073791503906
1559628000.0,1.2390601634979248,12.693946838378906
1559649600.0,1.1920475959777832,12.346290588378906
1559671200.0,1.1512112617492676,12.131202697753906
1559692800.0,1.1240836381912231,15.744483947753906
1559714400.0,1.1692373752593994,15.133155822753906
1559736000.0,1.2597407102584839,14.701515197753906
1559757600.0,1.3480076789855957,14.124366760253906
1559779200.0,1.3070098161697388,13.502296447753906
1559800800.0,1.2439608573913574,13.132667541503906
1559822400.0,1.2139941453933716,12.826515197753906
1559844000.0,1.1238747835159302,12.420021057128906
1559865600.0,1.2250432968139648,13.703224182128906
1559887200.0,1.2812268733978271,14.373634338378906
1559908800.0,1.2836205959320068,14.302101135253906
1559930400.0,1.224853277206421,13.736183166503906
1559952000.0,1.2375978231430054,13.467628479003906
1559973600.0,1.3181912899017334,13.384132385253906
1559995200.0,1.3837268352508545,13.245460510253906
1560016800.0,1.441890001296997,13.103370666503906
1560038400.0,1.613565444946289,12.923683166503906
1560060000.0,1.7574231624603271,12.553077697753906
1560081600.0,1.8572163581848145,12.783546447753906
1560103200.0,1.8436585664749146,13.594093322753906
1560124800.0,1.7916843891143799,13.668800354003906
1560146400.0,1.6665046215057373,13.258155822753906
1560168000.0,1.8017354011535645,16.072120666503906
1560189600.0,2.249147653579712,17.353370666503906
1560211200.0,2.5305335521698,16.587745666503906
1560232800.0,2.4714653491973877,16.020362854003906
1560254400.0,2.381560802459717,15.426612854003906
1560276000.0,2.2718417644500732,14.967628479003906
1560297600.0,2.0697813034057617,14.518409729003906
1560319200.0,1.8605225086212158,13.830421447753906
1560340800.0,1.8549970388412476,13.624855041503906
1560362400.0,1.9574229717254639,14.291358947753906
1560384000.0,2.075329065322876,15.744483947753906
1560405600.0,2.1157419681549072,15.772804260253906
1560427200.0,1.9692254066467285,14.978370666503906
1560448800.0,1.9807277917861938,14.896339416503906
1560470400.0,1.9500796794891357,14.820167541503906
1560492000.0,1.9947142601013184,14.791847229003906
1560513600.0,1.9429717063903809,14.476417541503906
1560535200.0,1.971510410308838,13.986183166503906
1560556800.0,1.8881585597991943,13.707374572753906
1560578400.0,1.6925842761993408,13.630226135253906
1560600000.0,1.682945966720581,16.586769104003906
1560621600.0,1.6824254989624023,16.035011291503906
1560643200.0,1.6134953498840332,15.743507385253906
1560664800.0,1.5484123229980469,15.217140197753906
1560686400.0,1.5636440515518188,14.991554260253906
1560708000.0,1.5299694538116455,14.584815979003906
1560729600.0,1.5584255456924438,14.303565979003906
1560751200.0,1.554675817489624,13.957862854003906
1560772800.0,1.4828448295593262,13.765480041503906
1560794400.0,1.3952810764312744,13.689796447753906
1560816000.0,1.356593132019043,13.763038635253906
1560837600.0,1.3184590339660645,13.774269104003906
1560859200.0,1.3099424839019775,17.863136291503906
1560880800.0,1.412670612335205,17.393898010253906
1560902400.0,1.4682958126068115,16.514015197753906
1560924000.0,1.5617353916168213,16.141456604003906
1560945600.0,1.6350040435791016,15.825538635253906
1560967200.0,1.6723631620407104,15.031105041503906
1560988800.0,1.653407096862793,14.772315979003906
1561010400.0,1.6230366230010986,14.541847229003906
1561032000.0,1.7397825717926025,14.266456604003906
1561053600.0,1.7346186637878418,13.819679260253906
1561075200.0,1.5272295475006104,13.540870666503906
1561096800.0,1.4207483530044556,13.176124572753906
1561118400.0,1.4681247472763062,12.889991760253906
1561140000.0,1.5148582458496094,18.989601135253906
1561161600.0,1.5568928718566895,18.033546447753906
1561183200.0,1.5598430633544922,17.333351135253906
1561204800.0,1.578548550605774,16.434913635253906
1561226400.0,1.6214420795440674,15.995948791503906
1561248000.0,1.6140162944793701,15.367530822753906
1561269600.0,1.6239981651306152,14.495460510253906
1561291200.0,1.6557893753051758,14.025733947753906
1561312800.0,1.577808141708374,13.555030822753906
1561334400.0,1.4810936450958252,13.193702697753906
1561356000.0,1.5233769416809082,15.820655822753906
1561377600.0,1.700423240661621,16.051612854003906
1561399200.0,1.8520920276641846,15.724952697753906
1561420800.0,1.8411705493927002,15.037452697753906
1561442400.0,1.732981562614441,14.164894104003906
1561464000.0,1.7155320644378662,13.837257385253906
1561485600.0,1.7877016067504883,14.026222229003906
1561507200.0,1.7710487842559814,14.036476135253906
1561528800.0,1.7387866973876953,13.858741760253906
1561550400.0,1.7291548252105713,13.659034729003906
1561572000.0,1.7545208930969238,13.408058166503906
1561593600.0,1.5766034126281738,12.571144104003906
1561615200.0,1.687769889831543,17.099952697753906
1561636800.0,2.0729970932006836,17.448097229003906
1561658400.0,2.3606762886047363,17.305030822753906
1561680000.0,2.5326881408691406,16.859230041503906
1561701600.0,2.6142966747283936,16.601905822753906
1561723200.0,2.70984148979187,16.490577697753906
1561744800.0,2.825956344604492,16.368995666503906
1561766400.0,2.6115481853485107,16.089210510253906
1561788000.0,2.305506467819214,15.697120666503906
1561809600.0,2.267277717590332,15.368507385253906
1561831200.0,2.1741456985473633,14.947120666503906
1561852800.0,2.0130698680877686,14.740577697753906
1561874400.0,1.8709912300109863,14.455421447753906
1561896000.0,1.7948763370513916,14.047706604003906
1561917600.0,1.7923458814620972,13.657081604003906
1561939200.0,1.6261286735534668,13.386573791503906
1561960800.0,1.4812124967575073,13.097999572753906
1561982400.0,1.5172696113586426,12.628761291503906
1562004000.0,1.6500301361083984,12.260597229003906
1562025600.0,1.5144908428192139,12.025733947753906
1562047200.0,1.447716474533081,17.389991760253906
1562068800.0,1.5239404439926147,17.410499572753906
1562090400.0,1.7967729568481445,16.769386291503906
1562112000.0,1.8902479410171509,16.413917541503906
1562133600.0,1.9894895553588867,16.135597229003906
1562155200.0,2.0231704711914062,15.857276916503906
1562176800.0,1.9851700067520142,15.548194885253906
1562198400.0,1.9240038394927979,15.232276916503906
1562220000.0,1.873084545135498,14.934425354003906
1562241600.0,1.8247766494750977,14.591651916503906
1562263200.0,1.7942390441894531,14.203956604003906
1562284800.0,1.6957578659057617,13.603858947753906
1562306400.0,1.5862678289413452,13.253761291503906
1562328000.0,1.6247055530548096,12.955909729003906
1562349600.0,1.591961145401001,13.547218322753906
1562371200.0,1.451345443725586,15.151710510253906
1562392800.0,1.5846726894378662,15.311378479003906
1562414400.0,1.8470044136047363,15.403175354003906
1562436000.0,2.0961945056915283,15.640480041503906
1562457600.0,2.31268310546875,16.145851135253906
1562479200.0,2.1899306774139404,15.873390197753906
1562500800.0,2.046298027038574,15.205909729003906
1562522400.0,1.9304370880126953,14.701026916503906
1562544000.0,1.8168586492538452,14.381690979003906
1562565600.0,1.6590642929077148,13.825050354003906
1562587200.0,1.571163535118103,13.451515197753906
1562608800.0,1.5515612363815308,13.129249572753906
1562630400.0,1.4958412647247314,19.666847229003906
1562652000.0,1.643751621246338,18.948097229003906
1562673600.0,1.9629504680633545,17.913429260253906
1562695200.0,2.1559877395629883,17.163429260253906
1562716800.0,1.925270438194275,16.242530822753906
1562738400.0,1.760398507118225,15.747901916503906
1562760000.0,1.6334853172302246,15.105323791503906
1562781600.0,1.6288632154464722,14.825050354003906
1562803200.0,1.5548690557479858,14.553565979003906
1562824800.0,1.4773693084716797,14.346046447753906
1562846400.0,1.4311177730560303,14.017433166503906
1562868000.0,1.5692214965820312,14.087257385253906
1562889600.0,1.515215277671814,16.209327697753906
1562911200.0,1.5404713153839111,16.016456604003906
1562932800.0,2.206772804260254,17.942726135253906
1562954400.0,2.210620164871216,17.074562072753906
1562976000.0,1.9745609760284424,15.694190979003906
1562997600.0,1.7258999347686768,14.876319885253906
1563019200.0,1.57853102684021,14.714698791503906
1563040800.0,1.614905834197998,14.773780822753906
1563062400.0,1.5075531005859375,14.562843322753906
1563084000.0,1.4688184261322021,14.737159729003906
1563105600.0,1.6730430126190186,15.037452697753906
1563127200.0,1.7914514541625977,17.339210510253906
1563148800.0,1.5937364101409912,16.651222229003906
1563170400.0,1.4784176349639893,16.108253479003906
1563192000.0,1.4483160972595215,15.432472229003906
1563213600.0,1.5828220844268799,14.743019104003906
1563235200.0,1.7516320943832397,20.861183166503906
1563256800.0,2.124985933303833,20.636085510253906
1563278400.0,2.5046348571777344,19.580421447753906
1563300000.0,2.4698050022125244,18.264991760253906
1563321600.0,2.0999069213867188,16.687843322753906
1563343200.0,1.8980460166931152,15.870948791503906
1563364800.0,1.8063206672668457,15.218116760253906
1563386400.0,1.8680415153503418,14.795265197753906
1563408000.0,1.6925867795944214,14.432472229003906
1563429600.0,1.6498501300811768,14.340187072753906
1563451200.0,1.5862691402435303,14.031105041503906
1563472800.0,1.6629304885864258,14.073097229003906
1563494400.0,1.6471729278564453,17.555519104003906
1563516000.0,1.7141352891921997,17.507179260253906
1563537600.0,1.9139622449874878,16.660499572753906
1563559200.0,2.0191001892089844,16.334815979003906
1563580800.0,1.8597683906555176,15.804542541503906
1563602400.0,1.8024786710739136,15.675148010253906
1563624000.0,1.7836582660675049,15.577003479003906
1563645600.0,1.786771297454834,15.151222229003906
1563667200.0,1.792256474494934,14.859718322753906
1563688800.0,1.7686409950256348,14.892433166503906
1563710400.0,1.8688693046569824,18.290382385253906
1563732000.0,2.1781790256500244,17.940773010253906
1563753600.0,2.3357346057891846,17.347023010253906
1563775200.0,2.382753372192383,16.281593322753906
1563796800.0,2.3663594722747803,15.685890197753906
1563818400.0,2.254739284515381,15.073585510253906
1563840000.0,1.9707369804382324,14.431007385253906
1563861600.0,1.8075587749481201,13.813331604003906
1563883200.0,1.6767399311065674,13.342140197753906
1563904800.0,1.8009679317474365,13.241065979003906
1563926400.0,1.9394526481628418,17.691749572753906
1563948000.0,1.9348973035812378,17.689308166503906
1563969600.0,2.0733113288879395,17.550148010253906
1563991200.0,2.2618632316589355,16.780128479003906
1564012800.0,2.1001458168029785,15.969581604003906
1564034400.0,1.8879066705703735,15.185890197753906
1564056000.0,1.8966259956359863,14.728858947753906
1564077600.0,1.8052773475646973,14.350440979003906
1564099200.0,1.5708296298980713,13.825538635253906
1564120800.0,1.4100604057312012,13.438331604003906
1564142400.0,1.3110885620117188,13.176612854003906
1564164000.0,1.3356826305389404,12.971046447753906
1564185600.0,1.3180924654006958,16.269386291503906
1564207200.0,1.3827550411224365,16.178077697753906
1564228800.0,1.4121778011322021,16.021339416503906
1564250400.0,1.5599523782730103,15.641944885253906
1564272000.0,1.4536311626434326,14.964698791503906
1564293600.0,1.3208839893341064,14.503273010253906
1564315200.0,1.5439329147338867,14.011085510253906
1564336800.0,1.7007851600646973,13.502296447753906
1564358400.0,1.587977409362793,13.119972229003906
1564380000.0,1.5412781238555908,12.654640197753906
1564401600.0,1.5439387559890747,17.064796447753906
1564423200.0,1.5829157829284668,16.221534729003906
1564444800.0,1.4935543537139893,15.799659729003906
1564466400.0,1.3707221746444702,15.332862854003906
1564488000.0,1.3820743560791016,14.953468322753906
1564509600.0,1.6365315914154053,14.704933166503906
1564531200.0,1.6928632259368896,14.364601135253906
1564552800.0,1.6480458974838257,13.966651916503906
1564574400.0,1.8654766082763672,14.266456604003906
1564596000.0,1.9416338205337524,6.714698791503906
1564617600.0,1.8003872632980347,6.715675354003906
1564639200.0,1.56657075881958,14.047218322753906
1564660800.0,1.4829484224319458,17.905616760253906
1564682400.0,1.6882762908935547,17.799171447753906
1564704000.0,1.7816622257232666,17.573097229003906
1564725600.0,1.751511573791504,16.946144104003906
1564747200.0,1.948996663093567,16.188819885253906
1564768800.0,2.0009312629699707,15.671241760253906
1564790400.0,1.7894976139068604,14.896827697753906
1564812000.0,1.7754616737365723,14.510597229003906
1564833600.0,1.9947590827941895,14.172218322753906
1564855200.0,1.9676340818405151,13.712257385253906
1564876800.0,1.8605763912200928,13.464210510253906
1564898400.0,1.7270088195800781,13.496437072753906
1564920000.0,1.892965316772461,15.889503479003906
1564941600.0,2.4319512844085693,6.907081604003906
1564963200.0,2.3203163146972656,14.481300354003906
1564984800.0,2.2870802879333496,14.576515197753906
1565006400.0,2.3762378692626953,14.405616760253906
1565028000.0,2.254605531692505,13.892433166503906
1565049600.0,1.998896837234497,13.508155822753906
1565071200.0,1.776080846786499,13.229347229003906
1565092800.0,1.5442192554473877,12.768898010253906
1565114400.0,1.726522445678711,12.488624572753906
1565136000.0,1.6157848834991455,12.359230041503906
1565157600.0,1.401609182357788,12.379737854003906
1565179200.0,1.4478381872177124,14.660499572753906
1565200800.0,1.682560682296753,5.805030822753906
1565222400.0,1.8143877983093262,6.325538635253906
1565244000.0,1.6937980651855469,10.091163635253906
1565265600.0,1.8104441165924072,10.827980041503906
1565287200.0,2.1263906955718994,17.884620666503906
1565308800.0,1.9816633462905884,18.014015197753906
1565330400.0,2.0291354656219482,17.933448791503906
1565352000.0,2.0922422409057617,17.420265197753906
1565373600.0,2.136829137802124,16.629249572753906
1565395200.0,2.0753912925720215,16.169776916503906
1565416800.0,1.8994154930114746,15.730567932128906
1565438400.0,1.8141428232192993,14.932472229003906
1565460000.0,1.7040529251098633,14.450538635253906
1565481600.0,1.5436365604400635,13.850929260253906
1565503200.0,1.461474895477295,13.472999572753906
1565524800.0,1.3904602527618408,13.235206604003906
1565546400.0,1.3901569843292236,12.963722229003906
1565568000.0,1.3183776140213013,12.401710510253906
1565589600.0,1.2400649785995483,16.211769104003906
1565611200.0,1.2784225940704346,16.163917541503906
1565632800.0,1.2870491743087769,15.142921447753906
1565654400.0,1.4659093618392944,14.845558166503906
1565676000.0,1.5160226821899414,14.558448791503906
1565697600.0,1.508146047592163,14.256690979003906
1565719200.0,1.5429885387420654,13.699562072753906
1565740800.0,1.481748104095459,13.269874572753906
1565762400.0,1.376922369003296,12.765480041503906
1565784000.0,1.3436455726623535,16.245948791503906
1565805600.0,1.4979134798049927,16.307472229003906
1565827200.0,1.657748818397522,16.022804260253906
1565848800.0,1.674140453338623,15.644874572753906
1565870400.0,1.6130285263061523,15.031105041503906
1565892000.0,1.5627551078796387,14.710304260253906
1565913600.0,1.5484157800674438,14.404151916503906
1565935200.0,1.553537368774414,14.178077697753906
1565956800.0,1.700653314590454,14.179542541503906
1565978400.0,1.7978867292404175,13.834815979003906
1566000000.0,1.734081745147705,13.702003479003906
1566021600.0,1.5858136415481567,13.503761291503906
1566043200.0,1.7432975769042969,13.318214416503906
1566064800.0,1.731163740158081,13.123878479003906
1566086400.0,1.591259241104126,8.112648010253906
1566108000.0,1.374389886856079,8.579933166503906
1566129600.0,1.387608528137207,15.740089416503906
1566151200.0,1.5237033367156982,15.814796447753906
1566172800.0,1.6077684164047241,15.310890197753906
1566194400.0,1.6886801719665527,14.851417541503906
1566216000.0,2.1077158451080322,14.580909729003906
1566237600.0,2.3589956760406494,14.235206604003906
1566259200.0,2.192305564880371,13.608741760253906
1566280800.0,1.840569019317627,13.358253479003906
1566302400.0,1.670332670211792,15.815284729003906
1566324000.0,1.64370596408844,15.953468322753906
1566345600.0,1.5000011920928955,15.271827697753906
1566367200.0,1.509887933731079,15.470069885253906
1566388800.0,1.7153643369674683,19.086280822753906
1566410400.0,2.001065731048584,19.763526916503906
1566432000.0,2.1541361808776855,19.169288635253906
1566453600.0,2.2409474849700928,18.247413635253906
1566475200.0,2.336414337158203,17.553565979003906
1566496800.0,2.3305823802948,17.157081604003906
1566518400.0,2.3959295749664307,16.789894104003906
1566540000.0,2.364811897277832,16.493507385253906
1566561600.0,2.4219255447387695,16.210304260253906
1566583200.0,2.219238758087158,15.915870666503906
1566604800.0,1.9891082048416138,15.512550354003906
1566626400.0,2.0955774784088135,15.519386291503906
1566648000.0,2.297605276107788,15.828956604003906
1566669600.0,2.3174290657043457,15.812355041503906
1566691200.0,2.2678284645080566,15.563819885253906
1566712800.0,2.3108901977539062,15.240089416503906
1566734400.0,2.3252530097961426,15.058937072753906
1566756000.0,2.3075273036956787,14.888038635253906
1566777600.0,2.0963261127471924,14.652198791503906
1566799200.0,1.9110499620437622,14.407081604003906
1566820800.0,1.926713466644287,13.902687072753906
1566842400.0,2.0132246017456055,13.493507385253906
1566864000.0,1.968622088432312,20.901222229003906
1566885600.0,1.9099119901657104,19.920753479003906
1566907200.0,1.9476704597473145,19.093605041503906
1566928800.0,1.8570945262908936,17.885108947753906
1566950400.0,1.7787177562713623,17.319679260253906
1566972000.0,1.7469955682754517,16.582374572753906
1566993600.0,1.751408576965332,16.060401916503906
1567015200.0,1.6468201875686646,15.431983947753906
1567036800.0,1.53227961063385,14.858741760253906
1567058400.0,1.5169570446014404,14.540870666503906
1567080000.0,1.5885728597640991,14.285011291503906
1567101600.0,1.546560287475586,13.996925354003906
1567123200.0,1.486358642578125,13.868507385253906
1567144800.0,1.3987278938293457,13.982276916503906
1567166400.0,1.5235964059829712,14.094581604003906
1567188000.0,1.5826523303985596,13.850440979003906
1567209600.0,1.4929780960083008,13.552101135253906
1567231200.0,1.5181727409362793,13.283058166503906
1567252800.0,1.5468195676803589,12.890480041503906
1567274400.0,1.4796876907348633,12.354835510253906
1567296000.0,1.3891808986663818,12.415382385253906
1567317600.0,1.6409790515899658,17.203468322753906
1567339200.0,1.9540295600891113,16.351417541503906
1567360800.0,2.163421154022217,15.635597229003906
1567382400.0,1.9235390424728394,14.615089416503906
1567404000.0,1.8009027242660522,14.191749572753906
1567425600.0,1.9697169065475464,13.692726135253906
1567447200.0,2.026564598083496,13.301124572753906
1567468800.0,1.9405546188354492,13.061378479003906
1567490400.0,1.7921738624572754,12.934425354003906
1567512000.0,1.7258034944534302,15.872901916503906
1567533600.0,1.8792184591293335,15.987159729003906
1567555200.0,1.9499258995056152,15.589210510253906
1567576800.0,2.0230321884155273,15.292823791503906
1567598400.0,2.274275779724121,15.434425354003906
1567620000.0,2.2944557666778564,15.048194885253906
1567641600.0,2.0766735076904297,14.588233947753906
1567663200.0,2.01212739944458,14.312843322753906
1567684800.0,1.9890751838684082,14.030128479003906
1567706400.0,1.9591989517211914,13.674659729003906
1567728000.0,1.84348464012146,13.407569885253906
1567749600.0,1.6788091659545898,13.122901916503906
1567771200.0,1.7170684337615967,12.815284729003906
1567792800.0,1.840250015258789,12.495460510253906
1567814400.0,1.6025598049163818,12.277198791503906
1567836000.0,1.6819909811019897,12.045265197753906
1567857600.0,1.747396469116211,6.214698791503906
1567879200.0,1.781919002532959,6.283058166503906
1567900800.0,1.6452577114105225,6.293800354003906
1567922400.0,1.4202823638916016,6.361183166503906
1567944000.0,1.5206248760223389,5.789405822753906
1567965600.0,1.564136266708374,6.142921447753906
1567987200.0,1.3248778581619263,6.190284729003906
1568008800.0,1.1342729330062866,18.536476135253906
1568030400.0,1.2927180528640747,17.880226135253906
1568052000.0,1.4245284795761108,17.985694885253906
1568073600.0,1.4068315029144287,17.713722229003906
1568095200.0,1.5026943683624268,17.378273010253906
1568116800.0,1.7885940074920654,16.279151916503906
1568138400.0,1.8334108591079712,15.813331604003906
1568160000.0,1.725736141204834,15.196632385253906
1568181600.0,1.602250337600708,14.706398010253906
1568203200.0,1.6532518863677979,13.881202697753906
1568224800.0,1.6834183931350708,13.514503479003906
1568246400.0,1.580068826675415,13.084327697753906
1568268000.0,1.483695149421692,13.118995666503906
1568289600.0,1.6924611330032349,13.048683166503906
1568311200.0,1.851351261138916,6.239601135253906
1568332800.0,1.7897944450378418,13.407081604003906
1568354400.0,1.6293065547943115,13.536476135253906
1568376000.0,1.592287540435791,13.378273010253906
1568397600.0,1.783729076385498,13.363136291503906
1568419200.0,1.743422269821167,13.310890197753906
1568440800.0,1.5978772640228271,13.244972229003906
1568462400.0,1.3729031085968018,12.725440979003906
1568484000.0,1.6672203540802002,15.792823791503906
1568505600.0,1.8710187673568726,15.874855041503906
1568527200.0,1.9547450542449951,15.321144104003906
1568548800.0,1.9820343255996704,14.827980041503906
1568570400.0,2.100808620452881,15.957862854003906
1568592000.0,2.2113845348358154,16.561378479003906
1568613600.0,2.165775775909424,16.080421447753906
1568635200.0,2.0336432456970215,15.363624572753906
1568656800.0,2.0533552169799805,14.903175354003906
1568678400.0,1.8895609378814697,14.575538635253906
1568700000.0,1.7317534685134888,14.182472229003906
1568721600.0,1.6850634813308716,13.616554260253906
1568743200.0,1.7542567253112793,13.329444885253906
1568764800.0,1.6369826793670654,13.196144104003906
1568786400.0,1.5266714096069336,13.302589416503906
1568808000.0,1.668834924697876,13.271339416503906
1568829600.0,1.6743063926696777,12.975929260253906
1568851200.0,1.5821620225906372,12.650733947753906
1568872800.0,1.53676176071167,12.320167541503906
1568894400.0,1.518789291381836,11.984230041503906
1568916000.0,1.5770387649536133,6.051612854003906
1568937600.0,1.4651049375534058,6.293312072753906
1568959200.0,1.259995460510254,6.339698791503906
1568980800.0,1.433136224746704,5.537940979003906
1569002400.0,1.5395755767822266,6.017921447753906
1569024000.0,1.5265650749206543,6.127296447753906
1569045600.0,1.4786181449890137,18.436866760253906
1569067200.0,1.7344985008239746,17.155616760253906
1569088800.0,2.0004942417144775,16.407569885253906
1569110400.0,1.942008376121521,16.015480041503906
1569132000.0,1.932985544204712,15.823097229003906
1569153600.0,2.082784652709961,15.081398010253906
1569175200.0,2.0959911346435547,14.467628479003906
1569196800.0,1.8309071063995361,13.748878479003906
1569218400.0,1.5752301216125488,13.250831604003906
1569240000.0,1.457151174545288,12.838233947753906
1569261600.0,1.4402217864990234,12.380226135253906
1569283200.0,1.336496353149414,12.274757385253906
1569304800.0,1.2772893905639648,12.184913635253906
1569326400.0,1.4402470588684082,11.980323791503906
1569348000.0,1.2902151346206665,11.697120666503906
1569369600.0,1.27226722240448,11.518898010253906
1569391200.0,1.270052194595337,18.017921447753906
1569412800.0,1.4352469444274902,17.634132385253906
1569434400.0,1.3114253282546997,16.816749572753906
1569456000.0,1.304660439491272,16.153663635253906
1569477600.0,1.2828329801559448,15.526710510253906
1569499200.0,1.3903264999389648,14.938819885253906
1569520800.0,1.456474781036377,14.821144104003906
1569542400.0,1.6415770053863525,14.750343322753906
1569564000.0,1.6114407777786255,14.608253479003906
1569585600.0,1.7016355991363525,13.952003479003906
1569607200.0,1.8225412368774414,18.506202697753906
1569628800.0,2.217343807220459,19.265968322753906
1569650400.0,2.0094265937805176,17.928077697753906
1569672000.0,2.252793788909912,17.472999572753906
1569693600.0,2.1914093494415283,16.292335510253906
1569715200.0,2.0796103477478027,15.591651916503906
1569736800.0,1.8982794284820557,14.887550354003906
1569758400.0,1.893889307975769,14.431983947753906
1569780000.0,1.8570821285247803,13.976905822753906
1569801600.0,1.7862643003463745,13.491065979003906
1569823200.0,1.580510139465332,13.034523010253906
1569844800.0,1.4709006547927856,12.263526916503906
1569866400.0,1.4043138027191162,12.002296447753906
1569888000.0,1.3107655048370361,11.659034729003906
1569909600.0,1.2496269941329956,11.572364807128906
1569931200.0,1.3370801210403442,12.554542541503906
1569952800.0,1.4345908164978027,5.722755432128906
1569974400.0,1.378312349319458,15.795509338378906
1569996000.0,1.284623146057129,15.372413635253906
1570017600.0,1.3975781202316284,14.803565979003906
1570039200.0,1.527421236038208,14.449073791503906
1570060800.0,1.569746971130371,14.243019104003906
1570082400.0,1.525870442390442,14.174171447753906
1570104000.0,1.5438168048858643,13.524269104003906
1570125600.0,1.5761486291885376,13.127784729003906
1570147200.0,1.725449800491333,12.719093322753906
1570168800.0,1.6656467914581299,12.547218322753906
1570190400.0,1.7629481554031372,16.350440979003906
1570212000.0,1.8564445972442627,16.122901916503906
1570233600.0,1.9277169704437256,15.705909729003906
1570255200.0,1.947077989578247,15.553565979003906
1570276800.0,2.183070421218872,15.291358947753906
1570298400.0,2.266432762145996,15.048194885253906
1570320000.0,2.2258195877075195,14.778663635253906
1570341600.0,2.1788110733032227,14.502296447753906
1570363200.0,2.0150017738342285,14.152687072753906
1570384800.0,1.8998517990112305,13.560890197753906
1570406400.0,1.9001647233963013,13.345558166503906
1570428000.0,1.6777198314666748,12.996437072753906
1570449600.0,1.6062498092651367,12.435646057128906
1570471200.0,1.5100092887878418,12.146827697753906
1570492800.0,1.4927279949188232,11.939796447753906
1570514400.0,1.5112191438674927,11.341163635253906
1570536000.0,1.4749057292938232,10.943702697753906
1570557600.0,1.3679704666137695,16.087257385253906
1570579200.0,1.257503628730774,15.878273010253906
1570600800.0,1.29421067237854,15.499855041503906
1570622400.0,1.5086997747421265,14.869972229003906
1570644000.0,1.496103286743164,14.487648010253906
1570665600.0,1.4682633876800537,13.992530822753906
1570687200.0,1.3825149536132812,13.552101135253906
1570708800.0,1.3200201988220215,13.308937072753906
1570730400.0,1.2575745582580566,13.031593322753906
1570752000.0,1.2631199359893799,12.413917541503906
1570773600.0,1.2176623344421387,12.041358947753906
1570795200.0,1.1451852321624756,11.619972229003906
1570816800.0,1.0314288139343262,11.244972229003906
1570838400.0,0.9959861040115356,11.089698791503906
1570860000.0,1.0207746028900146,10.908546447753906
1570881600.0,1.0702521800994873,18.290382385253906
1570903200.0,1.1813291311264038,17.939796447753906
1570924800.0,1.3062083721160889,17.576515197753906
1570946400.0,1.3392033576965332,17.073585510253906
1570968000.0,1.4911999702453613,16.426124572753906
1570989600.0,1.506695032119751,16.070167541503906
1571011200.0,1.565986156463623,15.618507385253906
1571032800.0,1.5796425342559814,14.935401916503906
1571054400.0,1.8197195529937744,14.520362854003906
1571076000.0,1.8831470012664795,14.063819885253906
1571097600.0,1.801833987236023,13.441749572753906
1571119200.0,1.6353802680969238,13.325050354003906
1571140800.0,1.6575568914413452,13.036964416503906
1571162400.0,1.6923733949661255,12.767921447753906
1571184000.0,1.674509048461914,17.600929260253906
1571205600.0,1.6204628944396973,16.877296447753906
1571227200.0,1.7043359279632568,15.322120666503906
1571248800.0,1.871891975402832,14.687355041503906
1571270400.0,1.6426081657409668,13.786964416503906
1571292000.0,1.5547046661376953,13.458839416503906
1571313600.0,1.725176215171814,13.454933166503906
1571335200.0,1.8050042390823364,13.356300354003906
1571356800.0,1.7743542194366455,13.167823791503906
1571378400.0,1.6297976970672607,12.867042541503906
1571400000.0,1.5731885433197021,14.980323791503906
1571421600.0,1.5617835521697998,14.899757385253906
1571443200.0,1.4213626384735107,13.809913635253906
1571464800.0,1.2945473194122314,13.379737854003906
1571486400.0,1.438594102859497,13.425636291503906
1571508000.0,1.4480410814285278,13.263038635253906
1571529600.0,1.399309754371643,13.075050354003906
1571551200.0,1.4415490627288818,13.317237854003906
1571572800.0,1.5493149757385254,13.994483947753906
1571594400.0,1.450105905532837,14.210792541503906
1571616000.0,1.3175926208496094,13.467140197753906
1571637600.0,1.4190807342529297,13.886085510253906
1571659200.0,1.754046082496643,13.989601135253906
1571680800.0,1.7843220233917236,13.650245666503906
1571702400.0,1.6294231414794922,13.379249572753906
1571724000.0,1.6890051364898682,13.275733947753906
1571745600.0,1.7821323871612549,13.413917541503906
1571767200.0,1.8962067365646362,13.921730041503906
1571788800.0,1.857988953590393,14.978370666503906
1571810400.0,1.9252879619598389,17.333351135253906
1571832000.0,2.0955584049224854,17.239112854003906
1571853600.0,2.4168872833251953,16.527198791503906
1571875200.0,2.242410659790039,16.050636291503906
1571896800.0,2.2029287815093994,15.873390197753906
1571918400.0,2.248659133911133,15.629249572753906
1571940000.0,2.307269811630249,15.537452697753906
1571961600.0,2.231715440750122,15.328468322753906
1571983200.0,2.093322277069092,15.218605041503906
1572004800.0,2.2164103984832764,15.291358947753906
1572026400.0,2.2171454429626465,15.281593322753906
1572048000.0,2.150355100631714,15.128761291503906
1572069600.0,2.0445761680603027,14.893898010253906
1572091200.0,2.118651866912842,14.755714416503906
1572112800.0,1.9799654483795166,14.347999572753906
1572134400.0,1.801560878753662,13.811866760253906
1572156000.0,1.7355437278747559,13.429542541503906
1572177600.0,1.9401719570159912,19.999855041503906
1572199200.0,2.166192054748535,19.460304260253906
1572220800.0,2.3071224689483643,18.542335510253906
1572242400.0,2.291706085205078,17.858253479003906
1572264000.0,2.10512638092041,16.224464416503906
1572285600.0,2.1630074977874756,15.824562072753906
1572307200.0,2.093202829360962,15.744972229003906
1572328800.0,2.0047969818115234,15.492530822753906
1572350400.0,1.8864610195159912,14.671241760253906
1572372000.0,1.8052269220352173,14.455909729003906
1572393600.0,1.7524950504302979,14.159034729003906
1572415200.0,1.6011238098144531,13.661964416503906
1572436800.0,1.4760444164276123,13.109718322753906
1572458400.0,1.4381601810455322,12.420753479003906
1572480000.0,1.3696271181106567,12.156105041503906
1572501600.0,1.3025596141815186,12.315773010253906
1572523200.0,1.323918342590332,12.408058166503906
1572544800.0,1.4036226272583008,12.353370666503906
1572566400.0,1.3827974796295166,12.088233947753906
1572588000.0,1.3554332256317139,11.926124572753906
1572609600.0,1.3583183288574219,16.148780822753906
1572631200.0,1.472642421722412,15.738624572753906
1572652800.0,1.5420998334884644,14.913917541503906
1572674400.0,1.7364428043365479,14.491554260253906
1572696000.0,1.8569979667663574,13.879737854003906
1572717600.0,1.9174377918243408,13.387550354003906
1572739200.0,1.8863633871078491,13.082862854003906
1572760800.0,1.7790641784667969,12.619972229003906
1572782400.0,1.7670648097991943,12.316261291503906
1572804000.0,1.8238131999969482,12.184425354003906
1572825600.0,1.770938754081726,12.103858947753906
1572847200.0,1.6440606117248535,12.024269104003906
1572868800.0,1.6123580932617188,11.971046447753906
1572890400.0,1.571857213973999,11.975929260253906
1572912000.0,1.5154845714569092,11.888526916503906
1572933600.0,1.4399847984313965,11.825050354003906
1572955200.0,1.4952006340026855,11.774269104003906
1572976800.0,1.4268803596496582,11.671730041503906
1572998400.0,1.504969596862793,15.901222229003906
1573020000.0,1.3610866069793701,15.581886291503906
1573041600.0,1.3216559886932373,15.037452697753906
1573063200.0,1.2543143033981323,14.642921447753906
1573084800.0,1.3131096363067627,14.367530822753906
1573106400.0,1.258568525314331,13.967628479003906
1573128000.0,1.2063349485397339,13.782569885253906
1573149600.0,1.1859593391418457,13.597511291503906
1573171200.0,1.1822969913482666,13.365089416503906
1573192800.0,1.209691047668457,13.272804260253906
1573214400.0,1.2509974241256714,13.330909729003906
1573236000.0,1.2438523769378662,13.426124572753906
1573257600.0,1.2990140914916992,13.558937072753906
1573279200.0,1.3195462226867676,13.449073791503906
1573300800.0,1.3410906791687012,13.328468322753906
1573322400.0,1.2909274101257324,12.739112854003906
1573344000.0,1.2733112573623657,12.105812072753906
1573365600.0,1.3354253768920898,18.766944885253906
1573387200.0,1.441335678100586,18.010108947753906
1573408800.0,1.5595979690551758,17.596534729003906
1573430400.0,1.5840314626693726,16.799171447753906
1573452000.0,1.6249351501464844,16.143898010253906
1573473600.0,1.7255357503890991,15.755226135253906
1573495200.0,1.6728179454803467,15.049659729003906
1573516800.0,1.521845817565918,14.552101135253906
1573538400.0,1.4457495212554932,14.084327697753906
1573560000.0,1.4913973808288574,13.785011291503906
1573581600.0,1.569810152053833,13.941261291503906
1573603200.0,1.588705062866211,13.785987854003906
1573624800.0,1.5505427122116089,13.455421447753906
1573646400.0,1.544896125793457,13.203956604003906
1573668000.0,1.427640676498413,12.957862854003906
1573689600.0,1.3153425455093384,12.456886291503906
1573711200.0,1.2231922149658203,12.035987854003906
1573732800.0,1.3801445960998535,12.258155822753906
1573754400.0,1.2759495973587036,11.780128479003906
1573776000.0,1.4218502044677734,12.632667541503906
1573797600.0,1.4623862504959106,13.151222229003906
1573819200.0,1.5422444343566895,13.282081604003906
1573840800.0,1.6088097095489502,13.196144104003906
1573862400.0,1.5893313884735107,16.328468322753906
1573884000.0,1.420628309249878,15.220069885253906
1573905600.0,1.4134184122085571,14.494972229003906
1573927200.0,1.461423635482788,13.723976135253906
1573948800.0,1.5373609066009521,13.361183166503906
1573970400.0,1.3660142421722412,13.204933166503906
1573992000.0,1.2915773391723633,13.063819885253906
1574013600.0,1.357471227645874,12.725440979003906
1574035200.0,1.320335865020752,12.382667541503906
1574056800.0,1.2389335632324219,12.120460510253906
1574078400.0,1.1468586921691895,11.948097229003906
1574100000.0,1.0496560335159302,11.780616760253906
1574121600.0,1.0442969799041748,11.790382385253906
1574143200.0,1.0322877168655396,11.420265197753906
1574164800.0,1.0271632671356201,10.952491760253906
1574186400.0,1.1015334129333496,10.040870666503906
1574208000.0,1.104017972946167,16.071632385253906
1574229600.0,1.1451475620269775,15.393409729003906
1574251200.0,1.2982282638549805,14.748390197753906
1574272800.0,1.3164184093475342,14.285499572753906
1574294400.0,1.3145389556884766,13.803077697753906
1574316000.0,1.297418475151062,13.559913635253906
1574337600.0,1.3353298902511597,13.332374572753906
1574359200.0,1.308523416519165,13.129249572753906
1574380800.0,1.2412872314453125,12.729347229003906
1574402400.0,1.181599497795105,12.253273010253906
1574424000.0,1.2637827396392822,12.117530822753906
1574445600.0,1.2514102458953857,12.493019104003906
1574467200.0,1.2431564331054688,13.313331604003906
1574488800.0,1.2994956970214844,13.385108947753906
1574510400.0,1.4239835739135742,13.328468322753906
1574532000.0,1.405992031097412,13.012062072753906
1574553600.0,1.3527648448944092,12.548194885253906
1574575200.0,1.2902259826660156,12.220558166503906
1574596800.0,1.2759363651275635,11.822608947753906
1574618400.0,1.244201898574829,11.413429260253906
1574640000.0,1.179581880569458,14.085792541503906
1574661600.0,1.1588971614837646,13.847023010253906
1574683200.0,1.1761455535888672,13.357276916503906
1574704800.0,1.1229538917541504,12.967628479003906
1574726400.0,1.0659174919128418,12.446632385253906
1574748000.0,1.0799803733825684,12.308448791503906
1574769600.0,1.0873937606811523,12.105812072753906
1574791200.0,1.0820682048797607,11.908058166503906
1574812800.0,1.0688636302947998,11.652198791503906
1574834400.0,1.0712342262268066,13.649757385253906
1574856000.0,1.1618561744689941,13.824073791503906
1574877600.0,1.1631791591644287,14.086280822753906
1574899200.0,1.4619312286376953,15.741554260253906
1574920800.0,1.3315708637237549,15.457862854003906
1574942400.0,1.2468568086624146,14.289405822753906
1574964000.0,1.2013860940933228,13.346534729003906
1574985600.0,1.1051667928695679,12.836280822753906
1575007200.0,1.0460476875305176,12.537452697753906
1575028800.0,0.9775059223175049,12.247901916503906
1575050400.0,0.9419171810150146,11.983253479003906
1575072000.0,0.9184018969535828,11.825050354003906
1575093600.0,0.9280765652656555,11.786476135253906
1575115200.0,0.9733738899230957,11.713722229003906
1575136800.0,0.9837718605995178,11.424659729003906
1575158400.0,1.121852159500122,11.186378479003906
1575180000.0,1.0948288440704346,11.051124572753906
1575201600.0,1.1472010612487793,10.971778869628906
1575223200.0,1.1401814222335815,10.958595275878906
1575244800.0,1.1033204793930054,11.061866760253906
1575266400.0,1.1117489337921143,11.159523010253906
1575288000.0,1.1443324089050293,11.133155822753906
1575309600.0,1.123439073562622,11.024269104003906
1575331200.0,1.1088463068008423,16.358741760253906
1575352800.0,1.1106013059616089,15.877784729003906
1575374400.0,1.1193406581878662,15.082862854003906
1575396000.0,1.127439260482788,14.725929260253906
1575417600.0,1.1390612125396729,14.437110900878906
1575439200.0,1.1542870998382568,14.201515197753906
1575460800.0,1.1681381464004517,14.207862854003906
1575482400.0,1.1761939525604248,14.190773010253906
1575504000.0,1.1887255907058716,14.193214416503906
1575525600.0,1.1778463125228882,13.848976135253906
1575547200.0,1.1549729108810425,13.563331604003906
1575568800.0,1.123764991760254,13.332862854003906
1575590400.0,1.103952169418335,13.230812072753906
1575612000.0,1.0947365760803223,13.152198791503906
1575633600.0,1.1008639335632324,13.140968322753906
1575655200.0,1.084926962852478,13.038917541503906
1575676800.0,1.068638563156128,12.859230041503906
1575698400.0,1.0384433269500732,12.446632385253906
1575720000.0,0.9939391613006592,12.181983947753906
1575741600.0,0.9630852937698364,11.926612854003906
1575763200.0,0.9759387969970703,11.831398010253906
1575784800.0,1.0126124620437622,12.145851135253906
1575806400.0,1.0545283555984497,12.589698791503906
1575828000.0,1.0807960033416748,12.644874572753906
1575849600.0,1.0995031595230103,12.729835510253906
1575871200.0,1.1234705448150635,13.183937072753906
1575892800.0,1.1909279823303223,13.278663635253906
1575914400.0,1.1933400630950928,13.178565979003906
1575936000.0,1.2063329219818115,12.982276916503906
1575957600.0,1.1955716609954834,12.517921447753906
1575979200.0,1.2605211734771729,12.209815979003906
1576000800.0,1.2731945514678955,18.413917541503906
1576022400.0,1.356757640838623,17.984718322753906
1576044000.0,1.5109270811080933,17.511573791503906
1576065600.0,1.5896100997924805,16.580421447753906
1576087200.0,1.5238399505615234,16.085304260253906
1576108800.0,1.4127764701843262,15.303565979003906
1576130400.0,1.33357834815979,14.725929260253906
1576152000.0,1.3407433032989502,14.342140197753906
1576173600.0,1.2817997932434082,13.902198791503906
1576195200.0,1.2486369609832764,13.579444885253906
1576216800.0,1.2290691137313843,13.349464416503906
1576238400.0,1.2042019367218018,13.130226135253906
1576260000.0,1.1290215253829956,12.609718322753906
1576281600.0,1.072048306465149,12.195167541503906
1576303200.0,1.0258502960205078,11.955421447753906
1576324800.0,1.0011441707611084,11.834327697753906
1576346400.0,0.9924919605255127,11.708839416503906
1576368000.0,0.9991788864135742,15.800636291503906
1576389600.0,1.0318561792373657,15.000343322753906
1576411200.0,1.0600595474243164,14.604835510253906
1576432800.0,1.0506114959716797,13.915870666503906
1576454400.0,1.030040979385376,13.380226135253906
1576476000.0,0.9991940855979919,12.931495666503906
1576497600.0,1.0192111730575562,12.494483947753906
1576519200.0,0.9919383525848389,12.313819885253906
1576540800.0,0.9671273827552795,12.154640197753906
1576562400.0,0.9616120457649231,12.019874572753906
1576584000.0,1.013775110244751,11.879737854003906
1576605600.0,0.9463942050933838,11.612159729003906
1576627200.0,0.9184558391571045,11.409523010253906
1576648800.0,0.8954111337661743,11.334815979003906
1576670400.0,0.9097623825073242,11.431983947753906
1576692000.0,0.9139110445976257,11.733741760253906
1576713600.0,0.9445206522941589,11.838233947753906
1576735200.0,1.0230600833892822,11.937355041503906
1576756800.0,1.103109359741211,14.183448791503906
1576778400.0,1.1452367305755615,13.592140197753906
1576800000.0,1.1654744148254395,13.263038635253906
1576821600.0,1.1763300895690918,12.968605041503906
1576843200.0,1.1624300479888916,12.403663635253906
1576864800.0,1.134028434753418,12.097999572753906
1576886400.0,1.084974765777588,11.830909729003906
1576908000.0,1.0194696187973022,11.305030822753906
1576929600.0,1.0249409675598145,11.198097229003906
1576951200.0,1.0902392864227295,11.448097229003906
1576972800.0,1.1231153011322021,11.788917541503906
1576994400.0,1.1577949523925781,11.999366760253906
1577016000.0,1.1950764656066895,11.969581604003906
1577037600.0,1.1954684257507324,11.758644104003906
1577059200.0,1.166071891784668,11.482765197753906
1577080800.0,1.1677147150039673,11.297706604003906
1577102400.0,1.1556675434112549,11.112159729003906
1577124000.0,1.1073851585388184,10.906105041503906
1577145600.0,1.0770931243896484,14.816749572753906
1577167200.0,1.0596216917037964,14.581398010253906
1577188800.0,1.038252830505371,14.279640197753906
1577210400.0,1.0091276168823242,13.629249572753906
1577232000.0,0.9773979187011719,13.376808166503906
1577253600.0,1.0084123611450195,13.331398010253906
1577275200.0,1.055229663848877,13.291847229003906
1577296800.0,1.0005593299865723,12.967628479003906
1577318400.0,0.9843778610229492,12.368995666503906
1577340000.0,1.0181524753570557,12.150245666503906
1577361600.0,1.0976500511169434,16.678077697753906
1577383200.0,1.2174705266952515,16.306007385253906
1577404800.0,1.312334656715393,15.864112854003906
1577426400.0,1.3465533256530762,14.985206604003906
1577448000.0,1.347651481628418,14.447120666503906
1577469600.0,1.3193957805633545,13.858741760253906
1577491200.0,1.2783350944519043,13.529151916503906
1577512800.0,1.2158241271972656,13.256690979003906
1577534400.0,1.1640092134475708,13.005226135253906
1577556000.0,1.1248948574066162,12.819190979003906
1577577600.0,1.1050761938095093,12.743019104003906
1577599200.0,1.0881843566894531,12.619972229003906
1577620800.0,1.077083706855774,12.522315979003906
1577642400.0,1.0993489027023315,12.638526916503906
1577664000.0,1.1678621768951416,13.248390197753906
1577685600.0,1.1739988327026367,13.399757385253906
1577707200.0,1.179356575012207,13.227882385253906
1577728800.0,1.1841341257095337,13.002296447753906
1577750400.0,1.1907744407653809,12.786964416503906
1577772000.0,1.2179781198501587,13.014015197753906
1577793600.0,1.2483859062194824,13.551612854003906
1577815200.0,1.308372139930725,13.776222229003906
1577836800.0,1.3772639036178589,14.478370666503906
1577858400.0,1.4351297616958618,14.645362854003906
1577880000.0,1.4590792655944824,14.419288635253906
1577901600.0,1.4403846263885498,13.825538635253906
1577923200.0,1.3802928924560547,13.344093322753906
1577944800.0,1.330113410949707,13.040382385253906
1577966400.0,1.281577467918396,12.515480041503906
1577988000.0,1.2777845859527588,12.157569885253906
1578009600.0,1.3349416255950928,11.900245666503906
1578031200.0,1.2867590188980103,15.766944885253906
1578052800.0,1.277417778968811,14.904640197753906
1578074400.0,1.2527337074279785,14.544776916503906
1578096000.0,1.2316818237304688,13.979835510253906
1578117600.0,1.2137424945831299,13.527687072753906
1578139200.0,1.2758625745773315,13.232765197753906
1578160800.0,1.3494198322296143,12.534034729003906
1578182400.0,1.401973009109497,11.795265197753906
1578204000.0,1.3833813667297363,11.518898010253906
1578225600.0,1.372624397277832,11.370948791503906
1578247200.0,1.3736021518707275,11.390480041503906
1578268800.0,1.3248555660247803,11.375831604003906
1578290400.0,1.3002808094024658,11.284523010253906
1578312000.0,1.2875094413757324,11.064796447753906
1578333600.0,1.25484299659729,10.827491760253906
1578355200.0,1.1616578102111816,10.516944885253906
1578376800.0,1.0871498584747314,10.289405822753906
1578398400.0,1.0340917110443115,10.129737854003906
1578420000.0,1.0097379684448242,10.003273010253906
1578441600.0,0.9920235872268677,14.526710510253906
1578463200.0,0.9580790400505066,13.781593322753906
1578484800.0,0.9384918808937073,13.356788635253906
1578506400.0,0.9415884613990784,12.969093322753906
1578528000.0,0.9462333917617798,12.581398010253906
1578549600.0,0.9717041254043579,12.475440979003906
1578571200.0,1.080847978591919,12.546730041503906
1578592800.0,1.460099220275879,12.263526916503906
1578614400.0,1.4055635929107666,12.000343322753906
1578636000.0,1.233166217803955,11.882667541503906
1578657600.0,1.2863125801086426,11.726905822753906
1578679200.0,1.3517193794250488,11.452003479003906
1578700800.0,1.4791810512542725,14.892433166503906
1578722400.0,1.588557481765747,14.497901916503906
1578744000.0,1.6979053020477295,13.849220275878906
1578765600.0,1.606555461883545,13.329200744628906
1578787200.0,1.510495662689209,12.985694885253906
1578808800.0,1.441967248916626,12.478858947753906
1578830400.0,1.4452271461486816,12.158058166503906
1578852000.0,1.4203715324401855,11.925636291503906
1578873600.0,1.350823998451233,11.600929260253906
1578895200.0,1.2645514011383057,11.281593322753906
1578916800.0,1.2476847171783447,11.083351135253906
1578938400.0,1.1935007572174072,10.959327697753906
1578960000.0,1.0734665393829346,10.767921447753906
1578981600.0,0.9836293458938599,10.419288635253906
1579003200.0,0.9359705448150635,13.295265197753906
1579024800.0,0.9283381104469299,13.422218322753906
1579046400.0,0.9434889554977417,13.465675354003906
1579068000.0,0.9970724582672119,13.362648010253906
1579089600.0,1.0717213153839111,13.256202697753906
1579111200.0,1.1756041049957275,13.195167541503906
1579132800.0,1.2628778219223022,13.130226135253906
1579154400.0,1.3165888786315918,12.966651916503906
1579176000.0,1.3204213380813599,12.590675354003906
1579197600.0,1.2860966920852661,12.247169494628906
1579219200.0,1.224503517150879,12.007911682128906
1579240800.0,1.1731021404266357,11.809181213378906
1579262400.0,1.1267954111099243,11.502296447753906
1579284000.0,1.0786328315734863,11.280860900878906
1579305600.0,1.0460642576217651,11.153419494628906
1579327200.0,1.0299421548843384,11.056251525878906
1579348800.0,1.0142273902893066,11.164405822753906
1579370400.0,1.0198818445205688,12.730567932128906
1579392000.0,1.0281760692596436,12.441017150878906
1579413600.0,1.0641593933105469,12.340187072753906
1579435200.0,1.0544040203094482,12.165870666503906
1579456800.0,1.0094475746154785,11.862403869628906
1579478400.0,0.9868036508560181,11.660499572753906
1579500000.0,0.9985142350196838,12.793312072753906
1579521600.0,1.015589714050293,13.085304260253906
1579543200.0,1.0366156101226807,13.091163635253906
1579564800.0,1.058642864227295,12.998878479003906
1579586400.0,1.0699692964553833,12.763526916503906
1579608000.0,1.0370938777923584,12.367042541503906
1579629600.0,1.0488182306289673,12.073097229003906
1579651200.0,1.01518714427948,11.843116760253906
1579672800.0,0.9841783046722412,11.400733947753906
1579694400.0,0.9810981750488281,18.240577697753906
1579716000.0,1.0434644222259521,17.764015197753906
1579737600.0,1.1259111166000366,17.217628479003906
1579759200.0,1.1989107131958008,16.359718322753906
1579780800.0,1.2797446250915527,15.989112854003906
1579802400.0,1.2992160320281982,15.421241760253906
1579824000.0,1.2889834642410278,14.839698791503906
1579845600.0,1.2667615413665771,14.494972229003906
1579867200.0,1.2173103094100952,13.942237854003906
1579888800.0,1.1700060367584229,13.447120666503906
1579910400.0,1.1290733814239502,13.097999572753906
1579932000.0,1.1097009181976318,12.554054260253906
1579953600.0,1.0865974426269531,12.132667541503906
1579975200.0,1.0517464876174927,11.853858947753906
1579996800.0,1.0112717151641846,11.461769104003906
1580018400.0,0.9808652400970459,11.076515197753906
1580040000.0,0.9539309144020081,10.793312072753906
1580061600.0,0.9278289079666138,15.024757385253906
1580083200.0,0.9183436632156372,14.664894104003906
1580104800.0,0.9253286123275757,14.311866760253906
1580126400.0,0.9048291444778442,13.751319885253906
1580148000.0,0.873714804649353,13.380226135253906
1580169600.0,0.841137170791626,13.031593322753906
1580191200.0,0.8304661512374878,12.624366760253906
1580212800.0,0.8312986493110657,12.590187072753906
1580234400.0,0.8358837962150574,12.971046447753906
1580256000.0,0.8563382625579834,13.189308166503906
1580277600.0,0.9304492473602295,13.104347229003906
1580299200.0,1.4141144752502441,6.765968322753906
1580320800.0,1.3544933795928955,7.758155822753906
1580342400.0,1.1489986181259155,8.178077697753906
1580364000.0,1.0892043113708496,11.145362854003906
1580385600.0,1.0751969814300537,10.875343322753906
1580407200.0,1.0951837301254272,8.714210510253906
1580428800.0,1.0546114444732666,8.415382385253906
1580450400.0,0.9822527170181274,12.026222229003906
1580472000.0,0.9045260548591614,11.974952697753906
1580493600.0,0.943320631980896,11.773780822753906
1580515200.0,0.9634310603141785,11.465187072753906
1580536800.0,0.888627290725708,13.067726135253906
1580558400.0,0.8823868036270142,13.290870666503906
1580580000.0,0.9239993095397949,13.163429260253906
1580601600.0,0.9907721877098083,12.777687072753906
1580623200.0,1.1715281009674072,12.217384338378906
1580644800.0,1.1754677295684814,11.775978088378906
1580666400.0,1.1884125471115112,11.142677307128906
1580688000.0,1.1039777994155884,10.917823791503906
1580709600.0,1.077857494354248,10.803321838378906
1580731200.0,0.9342966079711914,10.675636291503906
1580752800.0,0.8928223252296448,10.438819885253906
1580774400.0,0.8650025725364685,10.274757385253906
1580796000.0,0.8769838213920593,10.153175354003906
1580817600.0,0.8564433455467224,10.060890197753906
1580839200.0,0.8539198637008667,10.000831604003906
1580860800.0,0.8598880171775818,9.981300354003906
1580882400.0,0.8798874616622925,9.971534729003906
1580904000.0,0.8952794075012207,9.963233947753906
1580925600.0,0.8699697256088257,9.756935119628906
1580947200.0,0.8934283256530762,15.231056213378906
1580968800.0,0.9380846619606018,15.103370666503906
1580990400.0,0.9659907817840576,15.034034729003906
1581012000.0,0.977469265460968,14.969337463378906
1581033600.0,0.9762777090072632,14.818214416503906
1581055200.0,0.9691531658172607,14.597999572753906
1581076800.0,0.9612440466880798,14.397315979003906
1581098400.0,0.9177667498588562,13.693702697753906
1581120000.0,0.899828314781189,13.382667541503906
1581141600.0,0.9064661860466003,13.213233947753906
1581163200.0,1.0934144258499146,13.066749572753906
1581184800.0,1.1683290004730225,12.936378479003906
1581206400.0,1.3704462051391602,6.979347229003906
1581228000.0,1.4678648710250854,8.014991760253906
1581249600.0,1.3971648216247559,8.264503479003906
1581271200.0,1.3310446739196777,8.446632385253906
1581292800.0,1.2751309871673584,8.430519104003906
1581314400.0,1.2368581295013428,15.390968322753906
1581336000.0,1.2355315685272217,15.773292541503906
1581357600.0,1.2793140411376953,15.682472229003906
1581379200.0,1.3387452363967896,15.091163635253906
1581400800.0,1.3840562105178833,14.655616760253906
1581422400.0,1.4277888536453247,14.252784729003906
1581444000.0,1.4875648021697998,13.847023010253906
1581465600.0,1.4724316596984863,13.487159729003906
1581487200.0,1.4060895442962646,13.134620666503906
1581508800.0,1.3523098230361938,12.598976135253906
1581530400.0,1.3284791707992554,12.225440979003906
1581552000.0,1.3248811960220337,12.006202697753906
1581573600.0,1.3271907567977905,11.561866760253906
1581595200.0,1.3537143468856812,16.135108947753906
1581616800.0,1.4173619747161865,15.602394104003906
1581638400.0,1.4335176944732666,14.920753479003906
1581660000.0,1.398642897605896,14.494483947753906
1581681600.0,1.3241488933563232,13.782569885253906
1581703200.0,1.2458107471466064,13.359718322753906
1581724800.0,1.1831737756729126,13.092140197753906
1581746400.0,1.1207079887390137,12.671241760253906
1581768000.0,1.0732598304748535,12.367530822753906
1581789600.0,1.0257043838500977,12.167335510253906
1581811200.0,0.9894614815711975,12.020851135253906
1581832800.0,1.093698263168335,11.872413635253906
1581854400.0,1.0721386671066284,11.662940979003906
1581876000.0,1.017216444015503,11.531593322753906
1581897600.0,1.0347609519958496,11.594093322753906
1581919200.0,1.0076372623443604,12.717140197753906
1581940800.0,1.0801215171813965,12.968605041503906
1581962400.0,1.0769193172454834,12.964210510253906
1581984000.0,1.0529325008392334,12.981300354003906
1582005600.0,1.0464552640914917,13.141456604003906
1582027200.0,1.1625560522079468,16.376319885253906
1582048800.0,1.3255212306976318,16.349464416503906
1582070400.0,1.5017237663269043,15.912940979003906
1582092000.0,1.546438455581665,15.039405822753906
1582113600.0,1.5587406158447266,14.490089416503906
1582135200.0,1.5456295013427734,13.890968322753906
1582156800.0,1.5554065704345703,13.665382385253906
1582178400.0,1.5299582481384277,13.551124572753906
1582200000.0,1.4709556102752686,13.385108947753906
1582221600.0,1.4238951206207275,13.259620666503906
1582243200.0,1.3834166526794434,13.173683166503906
1582264800.0,1.3304228782653809,13.040870666503906
1582286400.0,1.2514429092407227,12.825050354003906
1582308000.0,1.1602871417999268,12.368995666503906
1582329600.0,1.0872602462768555,12.046730041503906
1582351200.0,1.0551421642303467,11.752784729003906
1582372800.0,1.0392199754714966,11.584327697753906
1582394400.0,1.0339314937591553,11.656105041503906
1582416000.0,1.0571925640106201,12.752296447753906
1582437600.0,1.0703420639038086,13.003273010253906
1582459200.0,1.019247055053711,12.887550354003906
1582480800.0,1.0111987590789795,12.351905822753906
1582502400.0,1.0820679664611816,12.021339416503906
1582524000.0,1.0430437326431274,11.670753479003906
1582545600.0,1.0208137035369873,15.777687072753906
1582567200.0,1.0252315998077393,15.206398010253906
1582588800.0,1.0302176475524902,14.724952697753906
1582610400.0,1.039701223373413,14.391456604003906
1582632000.0,1.0434622764587402,13.903663635253906
1582653600.0,1.0696451663970947,13.552589416503906
1582675200.0,1.0707135200500488,13.273292541503906
1582696800.0,1.0532500743865967,12.953468322753906
1582718400.0,0.9992503523826599,12.503761291503906
1582740000.0,0.9793586730957031,12.265968322753906
1582761600.0,1.0631617307662964,12.137550354003906
1582783200.0,1.074995517730713,12.084815979003906
1582804800.0,1.0794129371643066,12.003273010253906
1582826400.0,1.065819501876831,11.904640197753906
1582848000.0,1.0467592477798462,11.769386291503906
1582869600.0,1.037440299987793,11.551124572753906
1582891200.0,1.0369470119476318,11.359230041503906
1582912800.0,1.0179901123046875,11.264503479003906
1582934400.0,0.9914005994796753,11.283058166503906
1582956000.0,0.9698946475982666,13.019386291503906
1582977600.0,0.9444081783294678,13.005714416503906
1582999200.0,0.9175833463668823,12.877784729003906
1583020800.0,0.8939059376716614,12.396339416503906
1583042400.0,0.8906210660934448,12.194923400878906
1583064000.0,0.8919594287872314,12.099708557128906
1583085600.0,0.8782817125320435,12.006935119628906
1583107200.0,0.8552155494689941,11.827980041503906
1583128800.0,0.8429638147354126,14.209815979003906
1583150400.0,0.8436461091041565,13.801612854003906
1583172000.0,0.8675186634063721,13.482032775878906
1583193600.0,0.8779618144035339,13.274269104003906
1583215200.0,0.859174370765686,13.108253479003906
1583236800.0,0.8576694130897522,12.885841369628906
1583258400.0,0.873435914516449,12.581886291503906
1583280000.0,0.9228969216346741,12.493019104003906
1583301600.0,1.1329203844070435,12.631690979003906
1583323200.0,1.4801398515701294,12.548194885253906
1583344800.0,1.797743320465088,6.304054260253906
1583366400.0,1.6452372074127197,11.990577697753906
1583388000.0,1.3865704536437988,11.745948791503906
1583409600.0,1.364776372909546,11.338722229003906
1583431200.0,1.2845385074615479,11.124366760253906
1583452800.0,1.1870619058609009,10.942726135253906
1583474400.0,1.143012523651123,10.752540588378906
1583496000.0,1.3557794094085693,14.596534729003906
1583517600.0,1.2335569858551025,14.377296447753906
1583539200.0,1.1279875040054321,14.080909729003906
1583560800.0,1.0454542636871338,13.746925354003906
1583582400.0,1.0143868923187256,13.592628479003906
1583604000.0,0.9601630568504333,13.459083557128906
1583625600.0,0.9073724150657654,13.267433166503906
1583647200.0,0.9036943316459656,13.102882385253906
1583668800.0,1.0606045722961426,13.003273010253906
1583690400.0,1.1536732912063599,12.823097229003906
1583712000.0,1.5569863319396973,5.861671447753906
1583733600.0,1.4053888320922852,6.382179260253906
1583755200.0,1.279935359954834,7.025733947753906
1583776800.0,1.1842491626739502,7.835792541503906
1583798400.0,1.1780445575714111,7.936378479003906
1583820000.0,1.1013102531433105,7.807472229003906
1583841600.0,1.1575111150741577,15.878273010253906
1583863200.0,1.1980912685394287,15.153663635253906
1583884800.0,1.2027945518493652,14.626319885253906
1583906400.0,1.169818639755249,14.035987854003906
1583928000.0,1.2547181844711304,13.595069885253906
1583949600.0,1.3540740013122559,13.343116760253906
1583971200.0,1.426423192024231,18.083351135253906
1583992800.0,1.4402377605438232,16.970069885253906
1584014400.0,1.438175916671753,16.119972229003906
1584036000.0,1.4504475593566895,15.533546447753906
1584057600.0,1.4471869468688965,14.724952697753906
1584079200.0,1.4125862121582031,14.314308166503906
1584100800.0,1.3244696855545044,13.657081604003906
1584122400.0,1.2490187883377075,13.328468322753906
1584144000.0,1.189781904220581,13.076515197753906
1584165600.0,1.1621836423873901,12.839210510253906
1584187200.0,1.1391608715057373,12.476905822753906
1584208800.0,1.1886870861053467,12.281105041503906
1584230400.0,1.1585125923156738,12.379737854003906
1584252000.0,1.1460766792297363,14.762062072753906
1584273600.0,1.1059999465942383,14.691749572753906
1584295200.0,1.1050868034362793,14.092628479003906
1584316800.0,1.0950636863708496,14.125343322753906
1584338400.0,1.1139642000198364,14.162452697753906
1584360000.0,1.1175193786621094,13.768409729003906
1584381600.0,1.1699192523956299,13.545265197753906
1584403200.0,1.1217408180236816,13.105812072753906
1584424800.0,1.0953478813171387,12.878761291503906
1584446400.0,1.063509225845337,12.588233947753906
1584468000.0,1.0651665925979614,12.585304260253906
1584489600.0,1.0903735160827637,12.616065979003906
1584511200.0,1.034945011138916,12.916358947753906
1584532800.0,0.9739463925361633,13.023292541503906
1584554400.0,0.963932454586029,13.029151916503906
1584576000.0,0.9502320885658264,13.011085510253906
1584597600.0,0.9462836384773254,13.030616760253906
1584619200.0,0.9823684096336365,13.073097229003906
1584640800.0,0.9806307554244995,13.403175354003906
1584662400.0,1.017569661140442,13.841163635253906
1584684000.0,1.1741101741790771,13.755714416503906
1584705600.0,1.2322542667388916,13.530128479003906
1584727200.0,1.1372089385986328,13.241554260253906
1584748800.0,1.0826869010925293,12.952980041503906
1584770400.0,1.0438859462738037,12.411476135253906
1584792000.0,0.9980331659317017,12.049171447753906
1584813600.0,0.9628738760948181,11.798194885253906
1584835200.0,0.9361400604248047,11.555519104003906
1584856800.0,0.9499086737632751,11.551124572753906
1584878400.0,0.9170708060264587,14.213233947753906
1584900000.0,0.9580587148666382,13.701515197753906
1584921600.0,0.9739072918891907,13.376808166503906
1584943200.0,0.969017744064331,13.093605041503906
1584964800.0,0.9671670794487,12.542335510253906
1584986400.0,0.9569481611251831,12.083351135253906
1585008000.0,0.9377862811088562,11.567237854003906
1585029600.0,0.9300524592399597,11.204933166503906
1585051200.0,0.9043179154396057,11.023780822753906
1585072800.0,0.8948457837104797,13.324073791503906
1585094400.0,0.8983210921287537,13.273780822753906
1585116000.0,0.9017465114593506,13.155616760253906
1585137600.0,0.8911963701248169,13.049659729003906
1585159200.0,0.8938806056976318,12.977394104003906
1585180800.0,0.8747205138206482,12.868995666503906
1585202400.0,0.8442111611366272,12.518409729003906
1585224000.0,0.8071334958076477,12.241554260253906
1585245600.0,0.8004507422447205,12.116554260253906
1585267200.0,0.8184524774551392,12.202003479003906
1585288800.0,0.8332013487815857,12.817726135253906
1585310400.0,0.8555298447608948,13.113136291503906
1585332000.0,0.8688889145851135,12.977394104003906
1585353600.0,0.8871867656707764,12.598487854003906
1585375200.0,0.9057506322860718,12.273292541503906
1585396800.0,0.9198201894760132,12.052101135253906
1585418400.0,0.9369615316390991,11.847023010253906
1585440000.0,0.9602776765823364,11.663917541503906
1585461600.0,0.9842349290847778,11.700050354003906
1585483200.0,1.0081977844238281,15.857765197753906
1585504800.0,1.0262420177459717,15.615577697753906
1585526400.0,1.0994970798492432,14.770851135253906
1585548000.0,1.1233201026916504,14.283546447753906
1585569600.0,1.1603610515594482,13.750343322753906
1585591200.0,1.2031629085540771,13.415382385253906
1585612800.0,1.2162926197052002,13.149269104003906
1585634400.0,1.2227156162261963,12.964698791503906
1585656000.0,1.2838630676269531,12.848487854003906
1585677600.0,1.242483377456665,12.774757385253906
1585699200.0,1.2191877365112305,12.768898010253906
1585720800.0,1.2334723472595215,12.583351135253906
1585742400.0,1.3056583404541016,17.808937072753906
1585764000.0,1.4405217170715332,17.154640197753906
1585785600.0,1.4706220626831055,16.419288635253906
1585807200.0,1.4019019603729248,15.976417541503906
1585828800.0,1.4782664775848389,15.403663635253906
1585850400.0,1.3897664546966553,15.375343322753906
1585872000.0,1.3776792287826538,15.608741760253906
1585893600.0,1.3380112648010254,15.387550354003906
1585915200.0,1.3103753328323364,14.929542541503906
1585936800.0,1.283387303352356,14.654151916503906
1585958400.0,1.25248384475708,14.372413635253906
1585980000.0,1.2446327209472656,13.886573791503906
1586001600.0,1.2275826930999756,13.548683166503906
1586023200.0,1.2100310325622559,13.366554260253906
1586044800.0,1.1989219188690186,13.244972229003906
1586066400.0,1.1906566619873047,13.111671447753906
1586088000.0,1.2129180431365967,12.980812072753906
1586109600.0,1.2148888111114502,12.767921447753906
1586131200.0,1.2989318370819092,14.580909729003906
1586152800.0,1.3681906461715698,14.397804260253906
1586174400.0,1.5313963890075684,13.865089416503906
1586196000.0,1.5922858715057373,13.235206604003906
1586217600.0,1.6492122411727905,13.026222229003906
1586239200.0,1.6133774518966675,17.852394104003906
1586260800.0,1.776153564453125,17.573585510253906
1586282400.0,1.7872884273529053,17.264503479003906
1586304000.0,1.7265230417251587,17.147315979003906
1586325600.0,1.6948230266571045,16.447120666503906
1586347200.0,1.7114298343658447,15.961280822753906
1586368800.0,1.7209362983703613,15.449073791503906
1586390400.0,1.678532361984253,15.047706604003906
1586412000.0,1.6075057983398438,14.787940979003906
1586433600.0,1.4875375032424927,14.452003479003906
1586455200.0,1.3963723182678223,13.894386291503906
1586476800.0,1.3343048095703125,13.525001525878906
1586498400.0,1.3433001041412354,13.450050354003906
1586520000.0,1.3997881412506104,13.794044494628906
1586541600.0,1.4753798246383667,15.429298400878906
1586563200.0,1.5914099216461182,14.827980041503906
1586584800.0,1.753859281539917,14.490089416503906
1586606400.0,1.9102652072906494,14.291358947753906
1586628000.0,1.9712141752243042,14.147315979003906
1586649600.0,1.970653772354126,13.950538635253906
1586671200.0,1.9300981760025024,13.812355041503906
1586692800.0,1.8587772846221924,13.636573791503906
1586714400.0,1.7623957395553589,13.403663635253906
1586736000.0,1.6971741914749146,13.253761291503906
1586757600.0,1.5384602546691895,12.821144104003906
1586779200.0,1.3742319345474243,12.229835510253906
1586800800.0,1.2516416311264038,11.885597229003906
1586822400.0,1.168694257736206,11.386573791503906
1586844000.0,1.1116536855697632,11.122413635253906
1586865600.0,1.070190191268921,11.020851135253906
1586887200.0,1.0297160148620605,10.983253479003906
1586908800.0,1.0187557935714722,11.061378479003906
1586930400.0,1.0043361186981201,15.712257385253906
1586952000.0,0.9854039549827576,15.155128479003906
1586973600.0,0.9642518758773804,14.772804260253906
1586995200.0,0.9457791447639465,14.504737854003906
1587016800.0,0.9722065925598145,14.175636291503906
1587038400.0,1.0198166370391846,13.723976135253906
1587060000.0,1.0580565929412842,13.425636291503906
1587081600.0,1.1094025373458862,13.234230041503906
1587103200.0,1.1687495708465576,13.110694885253906
1587124800.0,1.2233912944793701,13.243995666503906
1587146400.0,1.2329561710357666,13.416847229003906
1587168000.0,1.23261296749115,13.556007385253906
1587189600.0,1.2703635692596436,13.653663635253906
1587211200.0,1.2951538562774658,13.708351135253906
1587232800.0,1.2836627960205078,13.703956604003906
1587254400.0,1.2835280895233154,13.668800354003906
1587276000.0,1.296293020248413,13.659523010253906
1587297600.0,1.2964611053466797,13.577003479003906
1587319200.0,1.2880735397338867,13.422706604003906
1587340800.0,1.2584611177444458,13.219581604003906
1587362400.0,1.2131423950195312,12.955421447753906
1587384000.0,1.1264681816101074,12.425636291503906
1587405600.0,1.0544991493225098,12.060401916503906
1587427200.0,0.9926446080207825,11.644386291503906
1587448800.0,0.976555585861206,14.669532775878906
1587470400.0,0.9505505561828613,14.646339416503906
1587492000.0,1.0002861022949219,14.719581604003906
1587513600.0,1.1459088325500488,14.624855041503906
1587535200.0,1.2649881839752197,14.389991760253906
1587556800.0,1.3455640077590942,13.935890197753906
1587578400.0,1.4478647708892822,13.690773010253906
1587600000.0,1.515909194946289,13.716163635253906
1587621600.0,1.5798176527023315,14.242530822753906
1587643200.0,1.5913808345794678,14.238624572753906
1587664800.0,1.5851974487304688,13.730812072753906
1587686400.0,1.5400350093841553,13.370948791503906
1587708000.0,1.5347959995269775,13.126319885253906
1587729600.0,1.3957674503326416,12.687355041503906
1587751200.0,1.3490617275238037,12.597755432128906
1587772800.0,1.3646605014801025,14.661964416503906
1587794400.0,1.4361610412597656,14.909034729003906
1587816000.0,1.505281925201416,14.822120666503906
1587837600.0,1.5485146045684814,14.602882385253906
1587859200.0,1.5617133378982544,14.348976135253906
1587880800.0,1.5813881158828735,14.123390197753906
1587902400.0,1.5994497537612915,13.845558166503906
1587924000.0,1.6938672065734863,16.514259338378906
1587945600.0,1.781987190246582,16.532569885253906
1587967200.0,1.8417084217071533,16.202980041503906
1587988800.0,1.8607878684997559,15.917823791503906
1588010400.0,1.8398160934448242,15.540138244628906
1588032000.0,1.7806973457336426,14.972755432128906
1588053600.0,1.6955251693725586,14.712745666503906
1588075200.0,1.6332085132598877,14.518898010253906
1588096800.0,1.5527342557907104,14.228858947753906
1588118400.0,1.4523379802703857,13.780860900878906
1588140000.0,1.3607392311096191,13.514015197753906
1588161600.0,1.2591423988342285,13.316017150878906
1588183200.0,1.1893128156661987,13.141456604003906
1588204800.0,1.141066312789917,12.997657775878906
1588226400.0,1.1187187433242798,12.938575744628906
1588248000.0,1.1121933460235596,13.006690979003906
1588269600.0,1.116234540939331,12.995948791503906
1588291200.0,1.068892002105713,12.805030822753906
1588312800.0,1.011214256286621,12.480079650878906
1588334400.0,0.9576704502105713,12.285987854003906
1588356000.0,0.9999983310699463,12.120948791503906
1588377600.0,1.0191973447799683,11.865089416503906
1588399200.0,1.0142743587493896,11.462745666503906
1588420800.0,1.08597731590271,15.946632385253906
1588442400.0,1.1908729076385498,15.604835510253906
1588464000.0,1.3770051002502441,15.551612854003906
1588485600.0,1.618962049484253,17.520362854003906
1588507200.0,1.7716039419174194,17.054542541503906
1588528800.0,1.8627272844314575,16.302101135253906
1588550400.0,1.8588981628417969,15.950050354003906
1588572000.0,1.8223445415496826,15.674659729003906
1588593600.0,1.8087120056152344,15.466163635253906
1588615200.0,1.820465326309204,15.489112854003906
1588636800.0,1.843866229057312,15.314308166503906
1588658400.0,1.760129451751709,14.945167541503906
1588680000.0,1.6054710149765015,14.697608947753906
1588701600.0,1.473969578742981,14.503517150878906
1588723200.0,1.332294225692749,14.168312072753906
1588744800.0,1.236144781112671,13.767921447753906
1588766400.0,1.216013789176941,13.590187072753906
1588788000.0,1.2514945268630981,13.449806213378906
1588809600.0,1.303962230682373,13.347023010253906
1588831200.0,1.351847529411316,13.227394104003906
1588852800.0,1.3842642307281494,13.416847229003906
1588874400.0,1.4318773746490479,14.296241760253906
1588896000.0,1.4576961994171143,13.892433166503906
1588917600.0,1.471304178237915,13.543800354003906
1588939200.0,1.4996802806854248,13.436378479003906
1588960800.0,1.4988681077957153,13.332374572753906
1588982400.0,1.4716005325317383,13.137062072753906
1589004000.0,1.4449809789657593,12.749855041503906
1589025600.0,1.4158146381378174,12.450050354003906
1589047200.0,1.4012202024459839,12.361183166503906
1589068800.0,1.42497718334198,12.589210510253906
1589090400.0,1.3926310539245605,12.664405822753906
1589112000.0,1.3473060131072998,12.494972229003906
1589133600.0,1.297732949256897,14.879249572753906
1589155200.0,1.2745373249053955,14.743019104003906
1589176800.0,1.2410715818405151,14.493019104003906
1589198400.0,1.1860456466674805,14.178565979003906
1589220000.0,1.1326961517333984,13.710792541503906
1589241600.0,1.1008985042572021,13.620460510253906
1589263200.0,1.0728273391723633,13.642921447753906
1589284800.0,1.0295214653015137,13.618995666503906
1589306400.0,1.0026180744171143,13.489601135253906
1589328000.0,1.0011107921600342,13.388038635253906
1589349600.0,1.0519286394119263,13.370948791503906
1589371200.0,1.0886073112487793,13.881690979003906
1589392800.0,1.1769959926605225,15.702003479003906
1589414400.0,1.2274798154830933,14.975929260253906
1589436000.0,1.330046534538269,14.666847229003906
1589457600.0,1.3780821561813354,14.455909729003906
1589479200.0,1.3642628192901611,14.099464416503906
1589500800.0,1.295833706855774,13.610206604003906
1589522400.0,1.2002291679382324,13.365089416503906
1589544000.0,1.1270745992660522,13.178077697753906
1589565600.0,1.1381678581237793,13.020362854003906
1589587200.0,1.1610745191574097,12.975440979003906
1589608800.0,1.1638213396072388,16.111183166503906
1589630400.0,1.220729112625122,16.112648010253906
1589652000.0,1.2933956384658813,15.945655822753906
1589673600.0,1.3606963157653809,15.785987854003906
1589695200.0,1.4093661308288574,15.291358947753906
1589716800.0,1.4164845943450928,14.878761291503906
1589738400.0,1.4329040050506592,14.721534729003906
1589760000.0,1.4799158573150635,15.151222229003906
1589781600.0,1.5732048749923706,16.353370666503906
1589803200.0,1.6198115348815918,16.080421447753906
1589824800.0,1.6038005352020264,15.646827697753906
1589846400.0,1.5707275867462158,15.197608947753906
1589868000.0,1.5246399641036987,14.937843322753906
1589889600.0,1.4647622108459473,14.743995666503906
1589911200.0,1.435085415840149,14.656593322753906
1589932800.0,1.5045174360275269,14.796241760253906
1589954400.0,1.51340651512146,14.751808166503906
1589976000.0,1.5178437232971191,14.470069885253906
1589997600.0,1.5045444965362549,13.788917541503906
1590019200.0,1.4392324686050415,13.262062072753906
1590040800.0,1.3470747470855713,12.858741760253906
1590062400.0,1.2967736721038818,12.051124572753906
1590084000.0,1.2728266716003418,11.594093322753906
1590105600.0,1.3095791339874268,11.449562072753906
1590127200.0,1.296309232711792,11.156593322753906
1590148800.0,1.26664400100708,10.901710510253906
1590170400.0,1.2509324550628662,10.683937072753906
1590192000.0,1.2197604179382324,10.508644104003906
1590213600.0,1.1886266469955444,10.272315979003906
1590235200.0,1.1567305326461792,10.027198791503906
1590256800.0,1.141852855682373,14.806983947753906
1590278400.0,1.1262664794921875,14.483253479003906
1590300000.0,1.1185141801834106,14.035499572753906
1590321600.0,1.1978093385696411,13.670265197753906
1590343200.0,1.2086471319198608,13.630714416503906
1590364800.0,1.240574598312378,13.928565979003906
1590386400.0,1.2833247184753418,14.251808166503906
1590408000.0,1.3969359397888184,14.559913635253906
1590429600.0,1.5993242263793945,16.483253479003906
1590451200.0,1.8535182476043701,16.687355041503906
1590472800.0,2.07586932182312,16.331886291503906
1590494400.0,2.272740602493286,15.987159729003906
1590516000.0,2.314829111099243,15.597023010253906
1590537600.0,2.2991836071014404,15.089210510253906
1590559200.0,2.2016685009002686,14.775733947753906
1590580800.0,2.1132521629333496,14.492042541503906
1590602400.0,2.032332181930542,14.205909729003906
1590624000.0,1.9823071956634521,13.995460510253906
1590645600.0,1.9793241024017334,14.102394104003906
1590667200.0,1.9824514389038086,17.475440979003906
1590688800.0,1.9689950942993164,16.856300354003906
1590710400.0,1.9176117181777954,16.148292541503906
1590732000.0,1.8654086589813232,15.932472229003906
1590753600.0,1.7641677856445312,15.578468322753906
1590775200.0,1.7323111295700073,15.139747619628906
1590796800.0,1.7487202882766724,15.080909729003906
1590818400.0,1.7501089572906494,14.899757385253906
1590840000.0,1.7108027935028076,14.658546447753906
1590861600.0,1.6367499828338623,14.391456604003906
1590883200.0,1.519567608833313,13.883155822753906
1590904800.0,1.435999870300293,13.632179260253906
1590926400.0,1.4368607997894287,13.721534729003906
1590948000.0,1.4591116905212402,14.417335510253906
1590969600.0,1.4903432130813599,14.715675354003906
1590991200.0,1.520883321762085,14.596046447753906
1591012800.0,1.5349245071411133,14.346534729003906
1591034400.0,1.5027719736099243,13.880226135253906
1591056000.0,1.482792615890503,13.574073791503906
1591077600.0,1.43735671043396,13.341163635253906
1591099200.0,1.3851466178894043,13.066261291503906
1591120800.0,1.3741116523742676,12.641944885253906
1591142400.0,1.4112420082092285,12.442726135253906
1591164000.0,1.3409159183502197,12.409523010253906
1591185600.0,1.3102421760559082,14.376319885253906
1591207200.0,1.254192590713501,14.261085510253906
1591228800.0,1.2329744100570679,13.737159729003906
1591250400.0,1.224853754043579,13.469093322753906
1591272000.0,1.2222779989242554,13.351417541503906
1591293600.0,1.2281509637832642,15.985206604003906
1591315200.0,1.2401537895202637,15.865089416503906
1591336800.0,1.2724430561065674,15.669776916503906
1591358400.0,1.3329575061798096,15.650245666503906
1591380000.0,1.400668740272522,15.604835510253906
1591401600.0,1.4210487604141235,15.355323791503906
1591423200.0,1.4827909469604492,15.357765197753906
1591444800.0,1.619890809059143,15.402687072753906
1591466400.0,1.8639042377471924,15.267921447753906
1591488000.0,1.8190858364105225,14.945655822753906
1591509600.0,1.6863983869552612,14.646339416503906
1591531200.0,1.5546574592590332,14.379737854003906
1591552800.0,1.4534673690795898,14.083351135253906
1591574400.0,1.3669863939285278,13.865577697753906
1591596000.0,1.274830937385559,13.662940979003906
1591617600.0,1.220674753189087,13.628761291503906
1591639200.0,1.1558864116668701,13.601905822753906
1591660800.0,1.0968296527862549,13.607276916503906
1591682400.0,1.0430399179458618,13.478858947753906
1591704000.0,1.015695571899414,13.275733947753906
1591725600.0,1.055842638015747,13.051368713378906
1591747200.0,1.0647051334381104,16.411720275878906
1591768800.0,1.1135143041610718,15.893409729003906
1591790400.0,1.159141182899475,15.616554260253906
1591812000.0,1.2111883163452148,15.084815979003906
1591833600.0,1.2569365501403809,14.831886291503906
1591855200.0,1.2867149114608765,14.603858947753906
1591876800.0,1.2840970754623413,14.328956604003906
1591898400.0,1.3128827810287476,14.096046447753906
1591920000.0,1.3107397556304932,14.231788635253906
1591941600.0,1.299959659576416,14.315773010253906
1591963200.0,1.3781697750091553,14.234230041503906
1591984800.0,1.554196834564209,14.032081604003906
1592006400.0,1.5441508293151855,13.740577697753906
1592028000.0,1.4479260444641113,13.462745666503906
1592049600.0,1.3529340028762817,13.210792541503906
1592071200.0,1.2772517204284668,12.987648010253906
1592092800.0,1.2010680437088013,12.693946838378906
1592114400.0,1.1834428310394287,12.490333557128906
1592136000.0,1.1765100955963135,12.463966369628906
1592157600.0,1.254082441329956,12.402687072753906
1592179200.0,1.3206439018249512,17.487648010253906
1592200800.0,1.3968377113342285,16.734718322753906
1592222400.0,1.5363372564315796,16.322608947753906
1592244000.0,1.6359261274337769,15.987648010253906
1592265600.0,1.7416805028915405,15.693702697753906
1592287200.0,1.7493199110031128,15.280616760253906
1592308800.0,1.7085356712341309,15.055519104003906
1592330400.0,1.7095459699630737,15.030128479003906
1592352000.0,1.6631441116333008,15.230323791503906
1592373600.0,1.6566941738128662,15.254249572753906
1592395200.0,1.7260303497314453,14.989601135253906
1592416800.0,1.7608482837677002,14.756202697753906
1592438400.0,1.6803503036499023,14.628517150878906
1592460000.0,1.5914192199707031,14.414894104003906
1592481600.0,1.5124541521072388,14.034767150878906
1592503200.0,1.4171369075775146,13.583351135253906
1592524800.0,1.3079252243041992,13.352394104003906
1592546400.0,1.3274227380752563,16.464698791503906
1592568000.0,1.5102317333221436,16.181983947753906
1592589600.0,1.7212941646575928,15.716651916503906
1592611200.0,1.8407076597213745,15.079933166503906
1592632800.0,1.9591710567474365,14.775733947753906
1592654400.0,2.012969493865967,14.537452697753906
1592676000.0,1.972365379333496,14.235206604003906
1592697600.0,1.839012622833252,13.755226135253906
1592719200.0,1.7103012800216675,13.450538635253906
1592740800.0,1.5744092464447021,13.152198791503906
1592762400.0,1.4939258098602295,12.659034729003906
1592784000.0,1.5015277862548828,12.362159729003906
1592805600.0,1.5705666542053223,16.128761291503906
1592827200.0,1.6604936122894287,15.777687072753906
1592848800.0,1.731628656387329,15.164894104003906
1592870400.0,1.8288629055023193,14.754737854003906
1592892000.0,1.7154133319854736,14.529151916503906
1592913600.0,1.64155912399292,14.268898010253906
1592935200.0,1.621835470199585,14.068702697753906
1592956800.0,1.6752724647521973,14.291847229003906
1592978400.0,1.750994324684143,14.577491760253906
1593000000.0,1.7784106731414795,14.563819885253906
1593021600.0,1.7733289003372192,14.434425354003906
1593043200.0,1.7449545860290527,14.138038635253906
1593064800.0,1.7260143756866455,13.787452697753906
1593086400.0,1.638999104499817,13.495460510253906
1593108000.0,1.602184534072876,13.284523010253906
1593129600.0,1.5836681127548218,13.087257385253906
1593151200.0,1.5729703903198242,12.764991760253906
1593172800.0,1.5506129264831543,17.812843322753906
1593194400.0,1.554936170578003,17.117042541503906
1593216000.0,1.5629589557647705,16.202980041503906
1593237600.0,1.546051025390625,15.753273010253906
1593259200.0,1.480649471282959,14.868995666503906
1593280800.0,1.400696039199829,14.474464416503906
1593302400.0,1.3458889722824097,14.132667541503906
1593324000.0,1.2841929197311401,13.561378479003906
1593345600.0,1.2345044612884521,13.300148010253906
1593367200.0,1.2120084762573242,13.100929260253906
1593388800.0,1.2647480964660645,13.247413635253906
1593410400.0,1.2531850337982178,13.182960510253906
1593432000.0,1.3813289403915405,13.281105041503906
1593453600.0,1.422680139541626,13.435401916503906
1593475200.0,1.5079162120819092,13.931983947753906
1593496800.0,1.6072442531585693,14.351417541503906
1593518400.0,1.7429757118225098,14.551124572753906
1593540000.0,1.8368172645568848,14.646339416503906
1593561600.0,1.9858248233795166,17.327003479003906
1593583200.0,2.1997745037078857,17.234230041503906
1593604800.0,2.414741039276123,16.989112854003906
1593626400.0,2.4486353397369385,16.464210510253906
1593648000.0,2.2722225189208984,15.975929260253906
1593669600.0,2.0798168182373047,15.415870666503906
1593691200.0,1.9514448642730713,14.967628479003906
1593712800.0,1.883443832397461,14.798194885253906
1593734400.0,1.8497332334518433,14.735694885253906
1593756000.0,1.8304998874664307,14.649269104003906
1593777600.0,1.7476532459259033,14.486671447753906
1593799200.0,1.6857186555862427,14.194190979003906
1593820800.0,1.5967353582382202,13.763526916503906
1593842400.0,1.4827415943145752,13.427101135253906
1593864000.0,1.3819233179092407,13.114601135253906
1593885600.0,1.3458547592163086,12.501319885253906
1593907200.0,1.3878837823867798,12.166847229003906
1593928800.0,1.3965340852737427,18.239601135253906
1593950400.0,1.3019258975982666,17.742042541503906
1593972000.0,1.2322218418121338,17.195655822753906
1593993600.0,1.2186412811279297,16.435890197753906
1594015200.0,1.2856941223144531,16.128273010253906
1594036800.0,1.289750099182129,15.889015197753906
1594058400.0,1.3224072456359863,15.054542541503906
1594080000.0,1.336349606513977,14.806007385253906
1594101600.0,1.2658500671386719,14.589210510253906
1594123200.0,1.2686182260513306,14.477394104003906
1594144800.0,1.3337717056274414,14.424659729003906
1594166400.0,1.3855791091918945,14.365577697753906
1594188000.0,1.4588756561279297,14.202491760253906
1594209600.0,1.5610297918319702,13.887062072753906
1594231200.0,1.639266014099121,13.643409729003906
1594252800.0,1.5466499328613281,13.608741760253906
1594274400.0,1.5099090337753296,16.062355041503906
1594296000.0,1.5297386646270752,16.001808166503906
1594317600.0,1.5980751514434814,15.737648010253906
1594339200.0,1.679504156112671,15.429542541503906
1594360800.0,1.7517776489257812,15.334327697753906
1594382400.0,1.7604789733886719,15.350440979003906
1594404000.0,1.778620958328247,15.424659729003906
1594425600.0,1.7736704349517822,15.270362854003906
1594447200.0,1.7562665939331055,14.943214416503906
1594468800.0,1.7560220956802368,19.985694885253906
1594490400.0,1.8102562427520752,19.473976135253906
1594512000.0,1.8952455520629883,18.897315979003906
1594533600.0,1.960249900817871,18.071144104003906
1594555200.0,1.9736824035644531,17.730323791503906
1594576800.0,1.9977221488952637,17.469581604003906
1594598400.0,2.002634048461914,17.232765197753906
1594620000.0,2.0277247428894043,16.895851135253906
1594641600.0,2.114473819732666,16.852394104003906
1594663200.0,2.1490705013275146,16.669776916503906
1594684800.0,2.0979130268096924,16.398292541503906
1594706400.0,2.0127809047698975,16.092628479003906
1594728000.0,1.9544503688812256,15.871437072753906
1594749600.0,1.9059581756591797,15.771339416503906
1594771200.0,1.8784782886505127,15.599464416503906
1594792800.0,1.814978837966919,15.123878479003906
1594814400.0,1.7504658699035645,14.894874572753906
1594836000.0,1.80539870262146,14.817726135253906
1594857600.0,2.022918701171875,14.955909729003906
1594879200.0,2.228006362915039,17.585304260253906
1594900800.0,2.432332992553711,17.415870666503906
1594922400.0,2.408308744430542,16.557960510253906
1594944000.0,2.2831332683563232,16.043312072753906
1594965600.0,2.1728763580322266,15.662452697753906
1594987200.0,2.2122812271118164,15.373878479003906
1595008800.0,2.3889646530151367,17.832862854003906
1595030400.0,2.4803571701049805,17.473976135253906
1595052000.0,2.454159736633301,16.677101135253906
1595073600.0,2.345093250274658,16.217628479003906
1595095200.0,2.2524869441986084,15.942726135253906
1595116800.0,2.153493881225586,15.630226135253906
1595138400.0,2.0759494304656982,15.141456604003906
1595160000.0,2.1112172603607178,14.851905822753906
1595181600.0,2.163426399230957,14.583351135253906
1595203200.0,1.9290595054626465,14.264991760253906
1595224800.0,1.7361656427383423,13.688331604003906
1595246400.0,1.6288368701934814,13.417335510253906
1595268000.0,1.5420156717300415,13.254249572753906
1595289600.0,1.467179298400879,13.068702697753906
1595311200.0,1.437449336051941,17.735694885253906
1595332800.0,1.4441397190093994,17.137062072753906
1595354400.0,1.4869773387908936,16.360206604003906
1595376000.0,1.446423053741455,15.930519104003906
1595397600.0,1.4352954626083374,15.242530822753906
1595419200.0,1.4465662240982056,14.952003479003906
1595440800.0,1.4673749208450317,15.317237854003906
1595462400.0,1.5052306652069092,15.836036682128906
1595484000.0,1.5886156558990479,15.600685119628906
1595505600.0,1.6454696655273438,14.892677307128906
1595527200.0,1.5887441635131836,14.517921447753906
1595548800.0,1.526317834854126,14.103614807128906
1595570400.0,1.4574916362762451,13.759376525878906
1595592000.0,1.491880178451538,13.591896057128906
1595613600.0,1.5505354404449463,13.482765197753906
1595635200.0,1.4823684692382812,13.390968322753906
1595656800.0,1.5605816841125488,13.318702697753906
1595678400.0,1.838640570640564,13.280128479003906
1595700000.0,1.8935396671295166,16.317237854003906
1595721600.0,1.7954100370407104,17.284034729003906
1595743200.0,1.8057668209075928,17.050148010253906
1595764800.0,1.9290684461593628,16.539894104003906
1595786400.0,2.0028603076934814,16.311866760253906
1595808000.0,2.0867536067962646,16.273292541503906
1595829600.0,2.1852076053619385,16.359230041503906
1595851200.0,2.2201738357543945,16.400245666503906
1595872800.0,2.364532709121704,16.419776916503906
1595894400.0,2.416785478591919,16.281105041503906
1595916000.0,2.4052581787109375,16.021827697753906
1595937600.0,2.347330331802368,15.712745666503906
1595959200.0,2.2696924209594727,15.182960510253906
1595980800.0,2.079735279083252,14.855812072753906
1596002400.0,2.000688314437866,14.721778869628906
1596024000.0,2.0507278442382812,14.822608947753906
1596045600.0,2.058393955230713,15.245948791503906
1596067200.0,1.984968900680542,15.406105041503906
1596088800.0,1.9100360870361328,15.018653869628906
1596110400.0,2.009052276611328,14.653907775878906
1596132000.0,2.1009140014648438,14.332374572753906
1596153600.0,1.9631160497665405,13.970558166503906
1596175200.0,1.7413091659545898,13.831886291503906
1596196800.0,1.5968170166015625,13.786476135253906
1596218400.0,1.7029402256011963,13.886573791503906
1596240000.0,1.6823570728302002,14.092628479003906
1596261600.0,1.6113656759262085,14.424659729003906
1596283200.0,1.5995341539382935,15.809425354003906
1596304800.0,1.6941101551055908,15.848487854003906
1596326400.0,1.6173417568206787,15.329444885253906
1596348000.0,1.5300076007843018,14.830421447753906
1596369600.0,1.494259238243103,14.577491760253906
1596391200.0,1.5734748840332031,14.151710510253906
1596412800.0,1.559140920639038,13.719093322753906
1596434400.0,1.5627398490905762,13.585304260253906
1596456000.0,1.6568639278411865,17.947608947753906
1596477600.0,1.985156774520874,17.567237854003906
1596499200.0,1.9705862998962402,17.057472229003906
1596520800.0,1.912736415863037,16.484230041503906
1596542400.0,1.882117509841919,16.102394104003906
1596564000.0,1.820152759552002,15.561866760253906
1596585600.0,1.6926257610321045,14.891944885253906
1596607200.0,1.5824074745178223,14.630714416503906
1596628800.0,1.51264226436615,14.441261291503906
1596650400.0,1.5076355934143066,14.010108947753906
1596672000.0,1.4421091079711914,13.780128479003906
1596693600.0,1.5058801174163818,16.801612854003906
1596715200.0,1.6865828037261963,16.330421447753906
1596736800.0,1.737628698348999,15.805519104003906
1596758400.0,1.7027860879898071,14.965919494628906
1596780000.0,1.6333999633789062,14.443702697753906
1596801600.0,1.6129717826843262,14.139503479003906
1596823200.0,1.7609679698944092,16.003761291503906
1596844800.0,1.982305884361267,16.185401916503906
1596866400.0,2.0714378356933594,15.735206604003906
1596888000.0,2.0454015731811523,15.102394104003906
1596909600.0,1.9556243419647217,14.739601135253906
1596931200.0,1.83721125125885,14.413429260253906
1596952800.0,1.7151496410369873,13.887550354003906
1596974400.0,1.603464126586914,13.562843322753906
1596996000.0,1.5420200824737549,13.443702697753906
1597017600.0,1.4616374969482422,13.515968322753906
1597039200.0,1.4053723812103271,14.363380432128906
1597060800.0,1.4301655292510986,15.653663635253906
1597082400.0,1.4644027948379517,15.047950744628906
1597104000.0,1.6254796981811523,14.691993713378906
1597125600.0,1.8508636951446533,14.509620666503906
1597147200.0,2.034679651260376,14.391944885253906
1597168800.0,2.1530981063842773,14.202491760253906
1597190400.0,2.2197210788726807,14.111183166503906
1597212000.0,2.3215126991271973,15.211280822753906
1597233600.0,2.3616244792938232,15.606300354003906
1597255200.0,2.2570018768310547,15.059913635253906
1597276800.0,2.0841598510742188,14.668312072753906
1597298400.0,1.9229552745819092,14.391456604003906
1597320000.0,1.7887998819351196,14.117530822753906
1597341600.0,1.6839122772216797,13.794288635253906
1597363200.0,1.5939257144927979,13.636085510253906
1597384800.0,1.5221641063690186,13.592140197753906
1597406400.0,1.4829682111740112,13.564064025878906
1597428000.0,1.4412415027618408,13.456642150878906
1597449600.0,1.393852949142456,13.389259338378906
1597471200.0,1.3780819177627563,13.406837463378906
1597492800.0,1.3750433921813965,13.538429260253906
1597514400.0,1.3660731315612793,13.532081604003906
1597536000.0,1.3277685642242432,13.382179260253906
1597557600.0,1.3188252449035645,13.238624572753906
1597579200.0,1.3166155815124512,13.107765197753906
1597600800.0,1.3571908473968506,12.954689025878906
1597622400.0,1.3671534061431885,13.252784729003906
1597644000.0,1.409447431564331,14.806007385253906
1597665600.0,1.5027531385421753,14.641944885253906
1597687200.0,1.6073698997497559,14.290382385253906
1597708800.0,1.611509084701538,13.720069885253906
1597730400.0,1.6676732301712036,13.575050354003906
1597752000.0,1.6711547374725342,13.336280822753906
1597773600.0,1.6291768550872803,13.050148010253906
1597795200.0,1.494075059890747,12.659034729003906
1597816800.0,1.3923020362854004,12.289894104003906
1597838400.0,1.2775161266326904,12.088722229003906
1597860000.0,1.2438328266143799,11.913429260253906
1597881600.0,1.2239503860473633,11.727882385253906
1597903200.0,1.208046317100525,11.353370666503906
1597924800.0,1.2360661029815674,16.201026916503906
1597946400.0,1.3031973838806152,15.865821838378906
1597968000.0,1.3665623664855957,15.685401916503906
1597989600.0,1.393357276916504,15.287208557128906
1598011200.0,1.4260461330413818,14.827735900878906
1598032800.0,1.3543457984924316,14.392921447753906
1598054400.0,1.2995877265930176,13.894630432128906
1598076000.0,1.2565128803253174,13.400733947753906
1598097600.0,1.227741003036499,13.138526916503906
1598119200.0,1.2472879886627197,12.928565979003906
1598140800.0,1.1667653322219849,12.649024963378906
1598162400.0,1.144694209098816,17.266212463378906
1598184000.0,1.209378719329834,16.691261291503906
1598205600.0,1.3636714220046997,16.150245666503906
1598227200.0,1.4751532077789307,15.797706604003906
1598248800.0,1.5753682851791382,15.280616760253906
1598270400.0,1.7454768419265747,14.920265197753906
1598292000.0,1.73214852809906,14.673683166503906
1598313600.0,1.5640796422958374,14.412696838378906
1598335200.0,1.4350683689117432,13.953224182128906
1598356800.0,1.4713757038116455,13.604591369628906
1598378400.0,1.574977159500122,13.384376525878906
1598400000.0,1.612999677658081,13.206153869628906
1598421600.0,1.5773284435272217,7.826515197753906
1598443200.0,1.8197851181030273,8.151954650878906
1598464800.0,1.8074555397033691,8.484962463378906
1598486400.0,1.758303165435791,8.718116760253906
1598508000.0,1.5150363445281982,9.060157775878906
1598529600.0,1.3718345165252686,9.035499572753906
1598551200.0,1.4837230443954468,13.563575744628906
1598572800.0,1.4134292602539062,13.417091369628906
1598594400.0,1.319422960281372,13.275733947753906
1598616000.0,1.3553271293640137,16.488136291503906
1598637600.0,1.5677434206008911,16.226905822753906
1598659200.0,1.613647222518921,16.065773010253906
1598680800.0,1.637209415435791,15.984230041503906
1598702400.0,1.8127191066741943,15.827003479003906
1598724000.0,1.838575839996338,15.516944885253906
1598745600.0,1.7718310356140137,15.210792541503906
1598767200.0,1.7468500137329102,15.074562072753906
1598788800.0,1.82081937789917,14.919776916503906
1598810400.0,1.824143409729004,14.769874572753906
1598832000.0,1.7121927738189697,14.672706604003906
1598853600.0,1.7453100681304932,14.640968322753906
1598875200.0,1.8811149597167969,14.609230041503906
1598896800.0,2.001420259475708,14.472999572753906
1598918400.0,1.9490041732788086,14.195167541503906
1598940000.0,1.8818843364715576,13.697120666503906
1598961600.0,2.0065064430236816,18.089210510253906
1598983200.0,2.1341447830200195,17.736183166503906
1599004800.0,2.0389585494995117,17.189308166503906
1599026400.0,1.9984983205795288,16.480323791503906
1599048000.0,2.1996145248413086,16.090187072753906
1599069600.0,2.2434732913970947,15.734718322753906
1599091200.0,2.1537225246429443,15.227394104003906
1599112800.0,1.9854735136032104,14.877784729003906
1599134400.0,1.8094749450683594,14.617042541503906
1599156000.0,1.6834113597869873,14.306495666503906
1599177600.0,1.6108810901641846,13.777198791503906
1599199200.0,1.5612077713012695,13.526222229003906
1599220800.0,1.4905979633331299,13.332374572753906
1599242400.0,1.4767935276031494,13.126808166503906
1599264000.0,1.5268056392669678,12.731788635253906
1599285600.0,1.7469180822372437,12.485694885253906
1599307200.0,1.8107670545578003,15.806495666503906
1599328800.0,1.7871118783950806,15.266456604003906
1599350400.0,1.8625080585479736,14.968116760253906
1599372000.0,1.8182464838027954,14.699073791503906
1599393600.0,1.6653687953948975,14.416358947753906
1599415200.0,1.734147310256958,13.886573791503906
1599436800.0,1.8158459663391113,13.510108947753906
1599458400.0,1.7253139019012451,13.269386291503906
1599480000.0,1.7540674209594727,13.045265197753906
1599501600.0,1.832961916923523,16.002784729003906
1599523200.0,1.8575389385223389,16.239112854003906
1599544800.0,2.0096960067749023,16.255226135253906
1599566400.0,2.24733567237854,16.324073791503906
1599588000.0,2.4741616249084473,16.429054260253906
1599609600.0,2.5369672775268555,16.460792541503906
1599631200.0,2.5393052101135254,16.323097229003906
1599652800.0,2.5383214950561523,16.121925354003906
1599674400.0,2.505276679992676,15.860694885253906
1599696000.0,2.4263200759887695,15.337745666503906
1599717600.0,2.247382640838623,14.835304260253906
1599739200.0,2.0493032932281494,14.547218322753906
1599760800.0,1.938645839691162,14.225929260253906
1599782400.0,1.903685450553894,13.661964416503906
1599804000.0,1.9527987241744995,13.418800354003906
1599825600.0,2.0209290981292725,13.501319885253906
1599847200.0,2.2039413452148438,16.754737854003906
1599868800.0,2.4243786334991455,16.359718322753906
1599890400.0,2.3965842723846436,15.818702697753906
1599912000.0,2.276388645172119,15.124610900878906
1599933600.0,2.3477025032043457,14.886573791503906
1599955200.0,2.3019511699676514,14.778663635253906
1599976800.0,2.1520071029663086,14.628761291503906
1599998400.0,2.125981330871582,14.400245666503906
1600020000.0,2.152630567550659,14.160011291503906
1600041600.0,2.0337975025177,13.810401916503906
1600063200.0,1.840620756149292,13.596534729003906
1600084800.0,1.7328330278396606,13.554542541503906
1600106400.0,1.7269463539123535,14.023780822753906
1600128000.0,1.802502989768982,15.834815979003906
1600149600.0,1.9391285181045532,16.308937072753906
1600171200.0,2.0555827617645264,16.262550354003906
1600192800.0,2.147644281387329,16.436866760253906
1600214400.0,2.2957680225372314,16.792335510253906
1600236000.0,2.3802108764648438,16.794776916503906
1600257600.0,2.3034160137176514,16.669776916503906
1600279200.0,2.3050966262817383,16.289894104003906
1600300800.0,2.2075448036193848,15.942726135253906
1600322400.0,2.0035476684570312,15.614601135253906
1600344000.0,1.8795849084854126,15.084327697753906
1600365600.0,1.7462403774261475,14.761085510253906
1600387200.0,1.594135046005249,14.519386291503906
1600408800.0,1.427546739578247,14.117042541503906
1600430400.0,1.355832815170288,13.619483947753906
1600452000.0,1.4670276641845703,13.434913635253906
1600473600.0,1.3574082851409912,13.501319885253906
1600495200.0,1.3223886489868164,13.659523010253906
1600516800.0,1.4173049926757812,13.736183166503906
1600538400.0,1.4971325397491455,13.448585510253906
1600560000.0,1.443387508392334,13.249366760253906
1600581600.0,1.4611318111419678,12.981788635253906
1600603200.0,1.3827152252197266,12.589698791503906
1600624800.0,1.364936113357544,16.184913635253906
1600646400.0,1.4664127826690674,16.156105041503906
1600668000.0,1.4294512271881104,16.037940979003906
1600689600.0,1.4300577640533447,15.902198791503906
1600711200.0,1.3926645517349243,15.115577697753906
1600732800.0,1.4394679069519043,14.756202697753906
1600754400.0,1.5286121368408203,14.572608947753906
1600776000.0,1.745218276977539,14.333839416503906
1600797600.0,1.9738495349884033,13.903663635253906
1600819200.0,1.8062655925750732,13.517433166503906
1600840800.0,1.5333458185195923,13.226905822753906
1600862400.0,1.4030325412750244,12.910987854003906
1600884000.0,1.4175066947937012,12.229347229003906
1600905600.0,1.3757705688476562,12.000831604003906
1600927200.0,1.292140245437622,11.992530822753906
1600948800.0,1.4648499488830566,12.473976135253906
1600970400.0,1.5474847555160522,13.169288635253906
1600992000.0,1.6612935066223145,13.677589416503906
1601013600.0,1.7052640914916992,16.199562072753906
1601035200.0,1.8723143339157104,15.975929260253906
1601056800.0,1.872279405593872,15.215187072753906
1601078400.0,1.8052992820739746,14.566749572753906
1601100000.0,1.7316420078277588,13.906593322753906
1601121600.0,1.7177945375442505,13.611183166503906
1601143200.0,1.6786000728607178,13.465675354003906
1601164800.0,1.6469902992248535,13.297706604003906
1601186400.0,1.5475114583969116,13.064308166503906
1601208000.0,1.4976534843444824,12.714698791503906
1601229600.0,1.466566801071167,12.303565979003906
1601251200.0,1.5776368379592896,12.043800354003906
1601272800.0,1.625929832458496,6.364601135253906
1601294400.0,1.721537470817566,6.564308166503906
1601316000.0,1.709583044052124,7.286964416503906
1601337600.0,1.6985504627227783,6.408058166503906
1601359200.0,1.9260257482528687,6.815773010253906
1601380800.0,2.0255887508392334,6.965675354003906
1601402400.0,1.8831756114959717,17.202003479003906
1601424000.0,1.6858370304107666,16.256202697753906
1601445600.0,1.5625836849212646,15.687843322753906
1601467200.0,1.68140709400177,14.953468322753906
1601488800.0,1.7073737382888794,14.527198791503906
1601510400.0,1.5057024955749512,14.136085510253906
1601532000.0,1.3632909059524536,13.764503479003906
1601553600.0,1.3098649978637695,13.683692932128906
1601575200.0,1.341048002243042,13.769630432128906
1601596800.0,1.3084571361541748,13.928077697753906
1601618400.0,1.3214170932769775,13.862159729003906
1601640000.0,1.3670837879180908,13.605812072753906
1601661600.0,1.330411672592163,13.335060119628906
1601683200.0,1.3073991537094116,13.099220275878906
1601704800.0,1.247788906097412,12.769386291503906
1601726400.0,1.2279525995254517,12.397560119628906
1601748000.0,1.4639956951141357,12.173927307128906
1601769600.0,1.796095848083496,6.229591369628906
1601791200.0,1.8958202600479126,6.554054260253906
1601812800.0,1.928701639175415,17.610450744628906
1601834400.0,2.0940093994140625,17.027198791503906
1601856000.0,2.3098390102386475,11.458595275878906
1601877600.0,2.3074047565460205,12.908546447753906
1601899200.0,2.4827921390533447,13.316749572753906
1601920800.0,2.4128527641296387,13.229835510253906
1601942400.0,2.1907787322998047,13.062843322753906
1601964000.0,2.0787060260772705,12.888038635253906
1601985600.0,2.035508155822754,12.496437072753906
1602007200.0,1.8794981241226196,12.239601135253906
1602028800.0,1.65083646774292,12.035011291503906
1602050400.0,1.4742145538330078,11.845558166503906
1602072000.0,1.6568526029586792,11.607276916503906
1602093600.0,1.7712421417236328,6.031837463378906
1602115200.0,1.7708067893981934,6.234230041503906
1602136800.0,1.5191446542739868,6.170265197753906
1602158400.0,1.3528803586959839,14.315284729003906
1602180000.0,1.4765855073928833,5.674171447753906
1602201600.0,1.2968664169311523,14.588722229003906
1602223200.0,1.1844136714935303,14.642433166503906
1602244800.0,1.2494559288024902,15.208839416503906
1602266400.0,1.436585545539856,17.367042541503906
1602288000.0,1.6664174795150757,16.742286682128906
1602309600.0,1.9188470840454102,16.166358947753906
1602331200.0,2.045193672180176,15.771827697753906
1602352800.0,1.9695208072662354,14.847511291503906
1602374400.0,1.842862844467163,14.510108947753906
1602396000.0,1.7358460426330566,14.322608947753906
1602417600.0,1.6751558780670166,14.042823791503906
1602439200.0,1.6488227844238281,13.717140197753906
1602460800.0,1.688129186630249,13.576026916503906
1602482400.0,1.8148188591003418,17.552101135253906
1602504000.0,1.9176926612854004,17.097999572753906
1602525600.0,2.0033888816833496,16.348487854003906
1602547200.0,1.9867022037506104,15.924171447753906
1602568800.0,1.969893455505371,15.376808166503906
1602590400.0,1.9925591945648193,14.992530822753906
1602612000.0,1.9513897895812988,14.828956604003906
1602633600.0,1.791222095489502,14.652687072753906
1602655200.0,1.6972448825836182,14.413917541503906
1602676800.0,1.5910283327102661,13.970069885253906
1602698400.0,1.5324931144714355,13.454933166503906
1602720000.0,1.535298228263855,13.195655822753906
1602741600.0,1.4400631189346313,12.948585510253906
1602763200.0,1.3424091339111328,12.556007385253906
1602784800.0,1.4022421836853027,12.292823791503906
1602806400.0,1.4084925651550293,12.093116760253906
1602828000.0,1.3569746017456055,11.866065979003906
1602849600.0,1.4419007301330566,11.417823791503906
1602871200.0,1.4241876602172852,5.895362854003906
1602892800.0,1.4437286853790283,6.048683166503906
1602914400.0,1.4008941650390625,14.638038635253906
1602936000.0,1.4277377128601074,14.392433166503906
1602957600.0,1.4922199249267578,13.983253479003906
1602979200.0,1.4055159091949463,13.565773010253906
1603000800.0,1.363112211227417,13.291847229003906
1603022400.0,1.32744562625885,12.983741760253906
1603044000.0,1.2824419736862183,12.701026916503906
1603065600.0,1.2021666765213013,12.592628479003906
1603087200.0,1.1483948230743408,12.693214416503906
1603108800.0,1.2709708213806152,12.864601135253906
1603130400.0,1.3003343343734741,19.419288635253906
1603152000.0,1.2328457832336426,18.618507385253906
1603173600.0,1.2575099468231201,17.907569885253906
1603195200.0,1.3348400592803955,17.435890197753906
1603216800.0,1.4019200801849365,16.471534729003906
1603238400.0,1.4691228866577148,16.078468322753906
1603260000.0,1.52146577835083,15.737159729003906
1603281600.0,1.5412921905517578,15.123390197753906
1603303200.0,1.5278477668762207,14.831398010253906
1603324800.0,1.5031846761703491,14.617042541503906
1603346400.0,1.5036876201629639,14.490577697753906
1603368000.0,1.5811960697174072,14.355812072753906
1603389600.0,1.5624873638153076,13.997901916503906
1603411200.0,1.5556087493896484,13.737648010253906
1603432800.0,1.522944688796997,13.586280822753906
1603454400.0,1.5441789627075195,13.488136291503906
1603476000.0,1.4818145036697388,13.488868713378906
1603497600.0,1.446824073791504,13.549903869628906
1603519200.0,1.427240014076233,13.494972229003906
1603540800.0,1.4228817224502563,13.405372619628906
1603562400.0,1.3520293235778809,13.232276916503906
1603584000.0,1.29779052734375,12.999610900878906
1603605600.0,1.2669103145599365,12.550636291503906
1603627200.0,1.2416131496429443,12.254493713378906
1603648800.0,1.174978256225586,12.054054260253906
1603670400.0,1.1199548244476318,11.840431213378906
1603692000.0,1.0974551439285278,12.347755432128906
1603713600.0,1.1047015190124512,13.118019104003906
1603735200.0,1.0856859683990479,13.056251525878906
1603756800.0,1.0819079875946045,12.748878479003906
1603778400.0,1.0410749912261963,12.296730041503906
1603800000.0,1.0094714164733887,12.033302307128906
1603821600.0,0.9875237941741943,11.733741760253906
1603843200.0,0.9382432699203491,11.041847229003906
1603864800.0,1.0001673698425293,17.416358947753906
1603886400.0,1.2601408958435059,17.510597229003906
1603908000.0,1.6090197563171387,16.928077697753906
1603929600.0,1.9529017210006714,16.546730041503906
1603951200.0,2.1793553829193115,16.311378479003906
1603972800.0,2.2983365058898926,16.129249572753906
1603994400.0,2.330083131790161,15.999855041503906
1604016000.0,2.2442617416381836,15.737159729003906
1604037600.0,2.1777079105377197,15.454444885253906
1604059200.0,2.1342484951019287,15.340187072753906
1604080800.0,2.0532660484313965,15.156105041503906
1604102400.0,1.9496703147888184,14.872413635253906
1604124000.0,1.8381097316741943,14.589698791503906
1604145600.0,1.7505478858947754,14.291847229003906
1604167200.0,1.688962459564209,13.828468322753906
1604188800.0,1.5809377431869507,13.457374572753906
1604210400.0,1.6058084964752197,13.166358947753906
1604232000.0,1.6564698219299316,12.681495666503906
1604253600.0,1.584928035736084,12.440773010253906
1604275200.0,1.4764478206634521,12.489112854003906
1604296800.0,1.5103940963745117,12.576515197753906
1604318400.0,1.4119882583618164,14.343605041503906
1604340000.0,1.377912998199463,14.417335510253906
1604361600.0,1.420727014541626,14.578956604003906
1604383200.0,1.580952525138855,14.705421447753906
1604404800.0,1.8196895122528076,14.597511291503906
1604426400.0,1.9071755409240723,14.174659729003906
1604448000.0,1.84409499168396,13.568214416503906
1604469600.0,1.7104970216751099,13.189308166503906
1604491200.0,1.62081778049469,12.721046447753906
1604512800.0,1.5065553188323975,12.244972229003906
1604534400.0,1.4113860130310059,11.799659729003906
1604556000.0,1.3937773704528809,11.148292541503906
1604577600.0,1.320815086364746,15.016456604003906
1604599200.0,1.2952269315719604,14.786964416503906
1604620800.0,1.2791111469268799,14.547706604003906
1604642400.0,1.2510548830032349,14.190773010253906
1604664000.0,1.2155041694641113,13.771339416503906
1604685600.0,1.1680047512054443,13.513038635253906
1604707200.0,1.2576146125793457,13.360206604003906
1604728800.0,1.2709813117980957,13.191749572753906
1604750400.0,1.173247218132019,13.160987854003906
1604772000.0,1.1024225950241089,13.162940979003906
1604793600.0,1.0974664688110352,13.045753479003906
1604815200.0,1.1957237720489502,19.646827697753906
1604836800.0,1.3531053066253662,19.154640197753906
1604858400.0,1.4385122060775757,18.148780822753906
1604880000.0,1.4792722463607788,17.615577697753906
1604901600.0,1.5434176921844482,17.011085510253906
1604923200.0,1.6758286952972412,16.287940979003906
1604944800.0,1.680025339126587,15.884132385253906
1604966400.0,1.6175284385681152,15.275733947753906
1604988000.0,1.5648529529571533,14.814308166503906
1605009600.0,1.5349565744400024,14.513038635253906
1605031200.0,1.4820791482925415,14.233985900878906
1605052800.0,1.5381834506988525,13.822364807128906
1605074400.0,1.5542619228363037,14.005958557128906
1605096000.0,1.577953815460205,14.417823791503906
1605117600.0,1.6722090244293213,14.495460510253906
1605139200.0,1.5553858280181885,14.305763244628906
1605160800.0,1.5002412796020508,13.754493713378906
1605182400.0,1.4633958339691162,13.405128479003906
1605204000.0,1.4245054721832275,13.161964416503906
1605225600.0,1.3833658695220947,12.820167541503906
1605247200.0,1.3182915449142456,12.369483947753906
1605268800.0,1.2541613578796387,12.161964416503906
1605290400.0,1.210273265838623,11.985206604003906
1605312000.0,1.1599704027175903,11.764503479003906
1605333600.0,1.1366937160491943,11.334327697753906
1605355200.0,1.251139760017395,17.606300354003906
1605376800.0,1.4574635028839111,16.862648010253906
1605398400.0,1.4832696914672852,16.064796447753906
1605420000.0,1.5261889696121216,15.467628479003906
1605441600.0,1.5989248752593994,14.865577697753906
1605463200.0,1.5573267936706543,14.467628479003906
1605484800.0,1.5191919803619385,13.907081604003906
1605506400.0,1.4367759227752686,13.560401916503906
1605528000.0,1.3464362621307373,13.340675354003906
1605549600.0,1.311484456062317,13.263526916503906
1605571200.0,1.3576648235321045,13.253273010253906
1605592800.0,1.436551809310913,13.295265197753906
1605614400.0,1.5144116878509521,13.273780822753906
1605636000.0,1.547102928161621,13.161476135253906
1605657600.0,1.6240332126617432,13.035011291503906
1605679200.0,1.5646998882293701,12.894874572753906
1605700800.0,1.5287322998046875,12.567726135253906
1605722400.0,1.5078092813491821,12.333351135253906
1605744000.0,1.4647717475891113,12.159523010253906
1605765600.0,1.3413851261138916,11.984718322753906
1605787200.0,1.2649009227752686,11.743019104003906
1605808800.0,1.2167689800262451,11.383644104003906
1605830400.0,1.163386583328247,11.247413635253906
1605852000.0,1.1420621871948242,13.968605041503906
1605873600.0,1.1625441312789917,13.662452697753906
1605895200.0,1.2269847393035889,13.411476135253906
1605916800.0,1.2370936870574951,13.162940979003906
1605938400.0,1.2163705825805664,12.795265197753906
1605960000.0,1.1966032981872559,12.321144104003906
1605981600.0,1.164726972579956,11.986671447753906
1606003200.0,1.1007909774780273,11.555030822753906
1606024800.0,1.0486230850219727,11.169776916503906
1606046400.0,1.0272347927093506,10.967140197753906
1606068000.0,1.042062759399414,10.790870666503906
1606089600.0,1.080224633216858,13.627784729003906
1606111200.0,1.1445353031158447,13.850929260253906
1606132800.0,1.2738425731658936,13.839210510253906
1606154400.0,1.2857997417449951,13.518898010253906
1606176000.0,1.2699193954467773,13.331886291503906
1606197600.0,1.2462245225906372,13.145362854003906
1606219200.0,1.3761179447174072,12.929054260253906
1606240800.0,1.4542146921157837,12.410011291503906
1606262400.0,1.301254153251648,12.074562072753906
1606284000.0,1.1876740455627441,11.824073791503906
1606305600.0,1.1611263751983643,11.451759338378906
1606327200.0,1.127335548400879,11.360206604003906
1606348800.0,1.1637918949127197,12.923194885253906
1606370400.0,1.109728217124939,13.203468322753906
1606392000.0,1.3037736415863037,13.103858947753906
1606413600.0,1.1347109079360962,12.857765197753906
1606435200.0,1.099393606185913,12.498878479003906
1606456800.0,1.0745291709899902,12.431007385253906
1606478400.0,1.108575463294983,12.578468322753906
1606500000.0,1.0419023036956787,13.195655822753906
1606521600.0,1.0982048511505127,13.293800354003906
1606543200.0,1.244036316871643,13.211769104003906
1606564800.0,1.5283734798431396,13.018898010253906
1606586400.0,1.5284749269485474,12.654396057128906
1606608000.0,1.5410141944885254,12.351905822753906
1606629600.0,1.5640347003936768,12.288917541503906
1606651200.0,1.7570632696151733,14.411476135253906
1606672800.0,1.8285191059112549,14.165870666503906
1606694400.0,1.756805419921875,13.572608947753906
1606716000.0,1.6275824308395386,13.287452697753906
1606737600.0,1.7037127017974854,13.049659729003906
1606759200.0,1.533807635307312,12.655616760253906
1606780800.0,1.3643097877502441,12.276222229003906
1606802400.0,1.2812175750732422,12.031593322753906
1606824000.0,1.331151008605957,11.808448791503906
1606845600.0,1.2439696788787842,11.383644104003906
1606867200.0,1.2577282190322876,10.990577697753906
1606888800.0,1.3306162357330322,10.693702697753906
1606910400.0,1.4040510654449463,15.093605041503906
1606932000.0,1.4829089641571045,14.717140197753906
1606953600.0,1.4899826049804688,14.207862854003906
1606975200.0,1.4097968339920044,13.627784729003906
1606996800.0,1.518437147140503,13.367530822753906
1607018400.0,1.698922038078308,13.162940979003906
1607040000.0,1.6421105861663818,12.959327697753906
1607061600.0,1.5780746936798096,12.624855041503906
1607083200.0,1.938840627670288,6.285987854003906
1607104800.0,1.8624447584152222,6.384620666503906
1607126400.0,1.834592580795288,6.531105041503906
1607148000.0,1.8503919839859009,6.593116760253906
1607169600.0,1.8522725105285645,6.560401916503906
1607191200.0,1.6505248546600342,7.394874572753906
1607212800.0,1.8265875577926636,6.081398010253906
1607234400.0,1.93660569190979,6.395851135253906
1607256000.0,1.9460241794586182,6.407081604003906
1607277600.0,1.9065606594085693,6.350929260253906
1607299200.0,1.851738452911377,6.434425354003906
1607320800.0,1.8048040866851807,6.385597229003906
1607342400.0,1.8697556257247925,6.448097229003906
1607364000.0,1.8776267766952515,6.374366760253906
1607385600.0,1.7844326496124268,6.873878479003906
1607407200.0,1.8091497421264648,6.448097229003906
1607428800.0,1.844233512878418,6.471046447753906
1607450400.0,1.7386857271194458,6.437355041503906
1607472000.0,1.7395501136779785,6.306007385253906
1607493600.0,1.8232848644256592,6.281593322753906
1607515200.0,1.8147220611572266,6.416358947753906
1607536800.0,1.7818613052368164,6.322608947753906
1607558400.0,1.6337196826934814,6.404151916503906
1607580000.0,1.4409133195877075,6.585792541503906
1607601600.0,1.4515913724899292,17.199073791503906
1607623200.0,1.3824950456619263,16.250831604003906
1607644800.0,1.3744044303894043,15.936866760253906
1607666400.0,1.4563112258911133,15.589210510253906
1607688000.0,1.8138508796691895,14.854347229003906
1607709600.0,1.7130945920944214,14.489601135253906
1607731200.0,1.5758049488067627,14.132667541503906
1607752800.0,1.5090827941894531,13.605812072753906
1607774400.0,1.6828207969665527,13.233741760253906
1607796000.0,1.7886741161346436,12.933937072753906
1607817600.0,1.6382288932800293,12.411964416503906
1607839200.0,1.4076513051986694,12.108253479003906
1607860800.0,1.3870528936386108,11.934913635253906
1607882400.0,1.4575154781341553,11.857765197753906
1607904000.0,1.4616968631744385,14.307960510253906
1607925600.0,1.4216723442077637,13.878761291503906
1607947200.0,1.4419028759002686,13.571632385253906
1607968800.0,1.3299007415771484,13.401710510253906
1607990400.0,1.3040645122528076,13.205421447753906
1608012000.0,1.3072926998138428,13.138526916503906
1608033600.0,1.390624761581421,13.049171447753906
1608055200.0,1.4855198860168457,12.927589416503906
1608076800.0,1.5188381671905518,12.641456604003906
1608098400.0,1.424828290939331,12.431007385253906
1608120000.0,1.4443166255950928,12.272071838378906
1608141600.0,1.5022497177124023,12.115089416503906
1608163200.0,1.5052666664123535,11.861427307128906
1608184800.0,1.484070062637329,6.465187072753906
1608206400.0,1.6088883876800537,6.391456604003906
1608228000.0,1.5349130630493164,6.199806213378906
1608249600.0,1.5341618061065674,6.094093322753906
1608271200.0,1.5310213565826416,10.669288635253906
1608292800.0,1.6605955362319946,5.782081604003906
1608314400.0,1.5232608318328857,10.797218322753906
1608336000.0,1.4998552799224854,10.895851135253906
1608357600.0,1.3946493864059448,10.897315979003906
1608379200.0,1.35297429561615,10.793312072753906
1608400800.0,1.2728549242019653,10.597511291503906
1608422400.0,1.303647756576538,10.469581604003906
1608444000.0,1.231600284576416,10.440773010253906
1608465600.0,1.3935649394989014,10.500831604003906
1608487200.0,1.257913589477539,10.390968322753906
1608508800.0,1.3407833576202393,10.399269104003906
1608530400.0,1.219870924949646,10.286476135253906
1608552000.0,1.155116081237793,10.111183166503906
1608573600.0,1.0691980123519897,10.023292541503906
1608595200.0,1.0633320808410645,10.207374572753906
1608616800.0,1.079878330230713,17.523292541503906
1608638400.0,1.1580448150634766,16.836280822753906
1608660000.0,1.242276668548584,16.280616760253906
1608681600.0,1.2911062240600586,15.604347229003906
1608703200.0,1.331958293914795,14.820655822753906
1608724800.0,1.4332340955734253,14.457862854003906
1608746400.0,1.46535062789917,14.063331604003906
1608768000.0,1.4437477588653564,13.597999572753906
1608789600.0,1.4454212188720703,13.313331604003906
1608811200.0,1.659151315689087,13.035499572753906
1608832800.0,1.4549980163574219,12.513038635253906
1608854400.0,1.2890887260437012,12.141456604003906
1608876000.0,1.2357678413391113,16.190773010253906
1608897600.0,1.2238223552703857,15.899757385253906
1608919200.0,1.2119505405426025,15.370948791503906
1608940800.0,1.154082179069519,14.967628479003906
1608962400.0,1.1397974491119385,14.721534729003906
1608984000.0,1.1867871284484863,14.345558166503906
1609005600.0,1.137620210647583,13.884132385253906
1609027200.0,1.1126832962036133,13.690773010253906
1609048800.0,1.0955272912979126,13.650733947753906
1609070400.0,1.1409187316894531,13.644386291503906
1609092000.0,1.2285478115081787,13.485206604003906
1609113600.0,1.0710394382476807,13.224952697753906
1609135200.0,0.963918924331665,12.972511291503906
1609156800.0,1.0909359455108643,12.768409729003906
1609178400.0,1.1758980751037598,12.404640197753906
1609200000.0,1.144073247909546,11.957374572753906
1609221600.0,1.1498571634292603,10.876808166503906
1609243200.0,1.3698015213012695,5.820167541503906
1609264800.0,1.271594524383545,21.542823791503906
1609286400.0,1.333204746246338,21.069679260253906
1609308000.0,1.295193076133728,20.141944885253906
1609329600.0,1.4019865989685059,19.599952697753906
1609351200.0,1.6166765689849854,18.773780822753906
1609372800.0,1.6560062170028687,17.978858947753906
1609394400.0,1.7294816970825195,17.493507385253906
1609416000.0,1.7118785381317139,16.588722229003906
1609437600.0,1.8079147338867188,16.170265197753906
1609459200.0,1.599922776222229,15.718605041503906
1609480800.0,1.445831298828125,15.071632385253906
1609502400.0,1.4261863231658936,14.746925354003906
1609524000.0,1.3602726459503174,14.515968322753906
1609545600.0,1.2644500732421875,14.259620666503906
1609567200.0,1.1938210725784302,13.816261291503906
1609588800.0,1.1379401683807373,13.544288635253906
1609610400.0,1.0922801494598389,13.365577697753906
1609632000.0,1.062428593635559,13.193214416503906
1609653600.0,1.0913351774215698,12.978370666503906
1609675200.0,1.1233824491500854,12.569190979003906
1609696800.0,1.0892632007598877,12.364601135253906
1609718400.0,1.1479419469833374,12.541358947753906
1609740000.0,1.2397327423095703,14.237159729003906
1609761600.0,1.2443757057189941,13.709815979003906
1609783200.0,1.132491111755371,13.394874572753906
1609804800.0,1.077167272567749,13.140480041503906
1609826400.0,1.0541319847106934,12.696632385253906
1609848000.0,1.030285358428955,12.330421447753906
1609869600.0,1.0223877429962158,12.131202697753906
1609891200.0,1.0449213981628418,11.981788635253906
1609912800.0,1.0726776123046875,11.864601135253906
1609934400.0,1.2626193761825562,12.014503479003906
1609956000.0,1.440248966217041,13.614601135253906
1609977600.0,1.5328196287155151,13.599464416503906
1609999200.0,1.5380021333694458,13.272804260253906
1610020800.0,1.7272703647613525,7.900245666503906
1610042400.0,1.6143877506256104,12.502296447753906
1610064000.0,1.6508684158325195,12.671730041503906
1610085600.0,1.5829674005508423,14.227882385253906
1610107200.0,1.5072630643844604,13.815284729003906
1610128800.0,1.4720934629440308,13.466651916503906
1610150400.0,1.4465727806091309,13.219093322753906
1610172000.0,1.4193508625030518,12.927589416503906
1610193600.0,1.5236902236938477,18.630226135253906
1610215200.0,1.6914832592010498,17.953956604003906
1610236800.0,1.655771017074585,17.468605041503906
1610258400.0,1.552599310874939,16.456886291503906
1610280000.0,1.5008158683776855,15.983741760253906
1610301600.0,1.4455220699310303,15.446144104003906
1610323200.0,1.4278044700622559,14.890968322753906
1610344800.0,1.3882675170898438,14.589210510253906
1610366400.0,1.4470465183258057,14.302589416503906
1610388000.0,1.4384922981262207,13.794288635253906
1610409600.0,1.3353854417800903,13.508155822753906
1610431200.0,1.3394855260849,13.392921447753906
1610452800.0,1.61238694190979,6.478370666503906
1610474400.0,1.6236809492111206,6.750831604003906
1610496000.0,1.3757891654968262,6.973487854003906
1610517600.0,1.152223825454712,8.427589416503906
1610539200.0,1.112969160079956,8.587745666503906
1610560800.0,1.1080958843231201,8.734230041503906
1610582400.0,1.1117076873779297,8.838722229003906
1610604000.0,1.1349189281463623,8.751319885253906
1610625600.0,1.1705001592636108,13.619483947753906
1610647200.0,1.2048799991607666,13.198097229003906
1610668800.0,1.23884916305542,13.009620666503906
1610690400.0,1.229380488395691,12.591163635253906
1610712000.0,1.2229608297348022,15.789405822753906
1610733600.0,1.2499741315841675,15.589698791503906
1610755200.0,1.3510737419128418,15.004249572753906
1610776800.0,1.3925411701202393,14.578956604003906
1610798400.0,1.356275200843811,14.193702697753906
1610820000.0,1.3087986707687378,13.630714416503906
1610841600.0,1.2802865505218506,13.321144104003906
1610863200.0,1.2550010681152344,13.047218322753906
1610884800.0,1.2320576906204224,12.671730041503906
1610906400.0,1.1843345165252686,12.340675354003906
1610928000.0,1.1646716594696045,12.103858947753906
1610949600.0,1.116175651550293,11.869483947753906
1610971200.0,1.0736916065216064,11.561866760253906
1610992800.0,1.0752042531967163,11.323585510253906
1611014400.0,1.2610533237457275,6.509620666503906
1611036000.0,1.2793259620666504,7.172706604003906
1611057600.0,1.2005114555358887,7.372413635253906
1611079200.0,1.1443281173706055,7.425636291503906
1611100800.0,1.1078888177871704,14.029640197753906
1611122400.0,1.1057050228118896,13.916847229003906
1611144000.0,1.0253710746765137,13.565773010253906
1611165600.0,1.0306973457336426,13.363136291503906
1611187200.0,1.0352165699005127,13.173194885253906
1611208800.0,1.017470359802246,12.956886291503906
1611230400.0,0.9811297059059143,12.573585510253906
1611252000.0,0.9840561151504517,12.394386291503906
1611273600.0,0.9948348999023438,7.500831604003906
1611295200.0,1.0076305866241455,7.673194885253906
1611316800.0,1.1067204475402832,8.102394104003906
1611338400.0,1.1703381538391113,8.419288635253906
1611360000.0,1.2531870603561401,8.975929260253906
1611381600.0,1.28855562210083,10.383155822753906
1611403200.0,1.2533320188522339,10.251319885253906
1611424800.0,1.2071458101272583,9.819679260253906
1611446400.0,1.1472718715667725,9.278663635253906
1611468000.0,1.1003437042236328,8.784034729003906
1611489600.0,1.0809382200241089,8.576026916503906
1611511200.0,1.0768989324569702,8.470069885253906
1611532800.0,1.1001375913619995,15.779151916503906
1611554400.0,1.1700646877288818,14.980323791503906
1611576000.0,1.3347864151000977,14.518409729003906
1611597600.0,1.41984224319458,13.893409729003906
1611619200.0,1.4735472202301025,13.454444885253906
1611640800.0,1.512858271598816,13.151222229003906
1611662400.0,1.7116950750350952,12.967628479003906
1611684000.0,1.7451646327972412,12.768898010253906
1611705600.0,1.6902647018432617,12.549171447753906
1611727200.0,1.5375244617462158,12.256202697753906
1611748800.0,1.396615743637085,11.994483947753906
1611770400.0,1.3937244415283203,11.726417541503906
1611792000.0,1.5089912414550781,11.394386291503906
1611813600.0,1.4697792530059814,11.180030822753906
1611835200.0,1.2788405418395996,10.988624572753906
1611856800.0,1.3585336208343506,6.855323791503906
1611878400.0,1.344278335571289,7.155616760253906
1611900000.0,1.3613710403442383,7.340187072753906
1611921600.0,1.5255881547927856,7.199073791503906
1611943200.0,1.4772650003433228,7.274269104003906
1611964800.0,1.3544137477874756,13.607276916503906
1611986400.0,1.3471364974975586,17.493507385253906
1612008000.0,1.437667727470398,16.847999572753906
1612029600.0,1.5250674486160278,16.326026916503906
1612051200.0,1.6484910249710083,15.937355041503906
1612072800.0,1.7243233919143677,15.397804260253906
1612094400.0,1.711714506149292,14.879737854003906
1612116000.0,1.6671314239501953,14.576026916503906
1612137600.0,1.611711859703064,14.301124572753906
1612159200.0,1.5515079498291016,13.751319885253906
1612180800.0,1.5665005445480347,13.472511291503906
1612202400.0,1.5187642574310303,13.289894104003906
1612224000.0,1.4467766284942627,13.075050354003906
1612245600.0,1.4163898229599,12.602882385253906
1612267200.0,1.6047335863113403,16.580421447753906
1612288800.0,1.6983611583709717,16.189796447753906
1612310400.0,1.6493666172027588,15.842140197753906
1612332000.0,1.571336030960083,15.274269104003906
1612353600.0,1.5913021564483643,14.881690979003906
1612375200.0,1.5440073013305664,14.613136291503906
1612396800.0,1.5076534748077393,14.364112854003906
1612418400.0,1.513896107673645,14.035011291503906
1612440000.0,1.6340181827545166,13.685401916503906
1612461600.0,1.4911556243896484,13.465675354003906
1612483200.0,1.3559889793395996,13.297706604003906
1612504800.0,1.2633633613586426,13.139015197753906
1612526400.0,1.2271113395690918,12.949073791503906
1612548000.0,1.2462670803070068,12.338722229003906
1612569600.0,1.261356234550476,15.948585510253906
1612591200.0,1.3045048713684082,15.639503479003906
1612612800.0,1.3537278175354004,14.882667541503906
1612634400.0,1.42995023727417,14.512794494628906
1612656000.0,1.5429743528366089,14.252296447753906
1612677600.0,1.5893871784210205,13.811866760253906
1612699200.0,1.6474058628082275,13.470558166503906
1612720800.0,1.661420226097107,13.258155822753906
1612742400.0,1.6130092144012451,13.086280822753906
1612764000.0,1.6249840259552002,12.882423400878906
1612785600.0,1.760682225227356,12.440284729003906
1612807200.0,1.6189661026000977,12.194190979003906
1612828800.0,1.5214210748672485,12.066749572753906
1612850400.0,1.4251282215118408,12.463722229003906
1612872000.0,1.4304001331329346,13.068946838378906
1612893600.0,1.5113060474395752,13.007667541503906
1612915200.0,1.4498980045318604,12.599952697753906
1612936800.0,1.321765661239624,12.273292541503906
1612958400.0,1.2784717082977295,12.105323791503906
1612980000.0,1.2752012014389038,11.931495666503906
1613001600.0,1.271742582321167,11.588233947753906
1613023200.0,1.2346559762954712,11.281593322753906
1613044800.0,1.162623405456543,11.146827697753906
1613066400.0,1.0618305206298828,11.040870666503906
1613088000.0,1.0231302976608276,10.906593322753906
1613109600.0,1.027742862701416,10.722511291503906
1613131200.0,1.0697307586669922,10.280128479003906
1613152800.0,1.0905267000198364,9.981788635253906
1613174400.0,1.1146515607833862,9.814796447753906
1613196000.0,1.148808240890503,13.411476135253906
1613217600.0,1.1672179698944092,13.164894104003906
1613239200.0,1.177534580230713,12.915870666503906
1613260800.0,1.1647298336029053,12.158058166503906
1613282400.0,1.1427847146987915,11.678565979003906
1613304000.0,1.1139116287231445,11.196632385253906
1613325600.0,1.0983872413635254,10.986183166503906
1613347200.0,1.1075687408447266,10.793312072753906
1613368800.0,1.1035518646240234,16.345558166503906
1613390400.0,1.1100376844406128,16.129737854003906
1613412000.0,1.160369634628296,19.763526916503906
1613433600.0,1.218307375907898,19.442726135253906
1613455200.0,1.2850894927978516,18.699073791503906
1613476800.0,1.369443416595459,17.944190979003906
1613498400.0,1.5249841213226318,17.618019104003906
1613520000.0,1.519215703010559,17.139015197753906
1613541600.0,1.5348238945007324,16.387550354003906
1613563200.0,1.5321106910705566,16.094581604003906
1613584800.0,1.5116500854492188,15.837745666503906
1613606400.0,1.5302038192749023,15.364601135253906
1613628000.0,1.5317871570587158,14.886573791503906
1613649600.0,1.4658266305923462,14.636573791503906
1613671200.0,1.452418565750122,14.524757385253906
1613692800.0,1.5280745029449463,14.666847229003906
1613714400.0,1.6649796962738037,15.130714416503906
1613736000.0,1.5952141284942627,15.023292541503906
1613757600.0,1.6018487215042114,14.687355041503906
1613779200.0,1.60780930519104,14.373878479003906
1613800800.0,1.6298346519470215,13.954933166503906
1613822400.0,1.536001443862915,13.649757385253906
1613844000.0,1.475165843963623,13.455421447753906
1613865600.0,1.4287662506103516,13.277198791503906
1613887200.0,1.375166654586792,13.071632385253906
1613908800.0,1.3198368549346924,12.688331604003906
1613930400.0,1.274064302444458,12.284034729003906
1613952000.0,1.2524751424789429,12.060401916503906
1613973600.0,1.2966957092285156,19.380714416503906
1613995200.0,1.401912808418274,18.530128479003906
1614016800.0,1.523619532585144,17.787940979003906
1614038400.0,1.6081783771514893,17.082374572753906
1614060000.0,1.6463004350662231,16.215675354003906
1614081600.0,1.812990665435791,15.643898010253906
1614103200.0,1.82322096824646,14.923683166503906
1614124800.0,1.764568567276001,14.600929260253906
1614146400.0,1.7671120166778564,14.271827697753906
1614168000.0,1.782792091369629,13.705421447753906
1614189600.0,1.678206443786621,13.447120666503906
1614211200.0,1.6144607067108154,13.289405822753906
1614232800.0,1.6818573474884033,13.099464416503906
1614254400.0,1.80552339553833,7.138038635253906
1614276000.0,1.672080159187317,7.452491760253906
1614297600.0,1.4870326519012451,7.647804260253906
1614319200.0,1.3507239818572998,7.662940979003906
1614340800.0,1.3421648740768433,7.600440979003906
1614362400.0,1.314810037612915,7.854835510253906
1614384000.0,1.2956576347351074,8.244972229003906
1614405600.0,1.270208477973938,8.454444885253906
1614427200.0,1.2505607604980469,8.483741760253906
1614448800.0,1.2682353258132935,18.293800354003906
1614470400.0,1.3411965370178223,17.806495666503906
1614492000.0,1.4516676664352417,17.136085510253906
1614513600.0,1.5057110786437988,16.362159729003906
1614535200.0,1.5365407466888428,15.988136291503906
1614556800.0,1.5657484531402588,15.305519104003906
1614578400.0,1.5445094108581543,14.887550354003906
1614600000.0,1.5195446014404297,14.634620666503906
1614621600.0,1.4993295669555664,14.264503479003906
1614643200.0,1.4608936309814453,13.647804260253906
1614664800.0,1.415095567703247,13.408546447753906
1614686400.0,1.3717060089111328,13.232276916503906
1614708000.0,1.3123587369918823,12.976905822753906
1614729600.0,1.2516651153564453,12.386573791503906
1614751200.0,1.1875858306884766,12.160499572753906
1614772800.0,1.1465427875518799,12.045265197753906
1614794400.0,1.1267719268798828,11.928565979003906
1614816000.0,1.1129920482635498,11.728370666503906
1614837600.0,1.1137962341308594,11.208839416503906
1614859200.0,1.1181025505065918,10.952980041503906
1614880800.0,1.1633358001708984,10.813331604003906
1614902400.0,1.1905615329742432,10.775733947753906
1614924000.0,1.2301580905914307,10.830421447753906
1614945600.0,1.2002124786376953,10.887794494628906
1614967200.0,1.176279067993164,10.879737854003906
1614988800.0,1.1206268072128296,10.760597229003906
1615010400.0,1.0825073719024658,10.473976135253906
1615032000.0,1.0569512844085693,10.263526916503906
1615053600.0,1.0272221565246582,10.139991760253906
1615075200.0,1.0126726627349854,10.034034729003906
1615096800.0,0.9895293712615967,9.908546447753906
1615118400.0,1.0593791007995605,13.277687072753906
1615140000.0,1.1773080825805664,16.186378479003906
1615161600.0,1.2858850955963135,15.955421447753906
1615183200.0,1.734224557876587,15.439796447753906
1615204800.0,1.9134258031845093,14.842628479003906
1615226400.0,1.720443844795227,14.583351135253906
1615248000.0,1.6078436374664307,14.392433166503906
1615269600.0,1.5569055080413818,14.200538635253906
1615291200.0,1.5231502056121826,13.803077697753906
1615312800.0,1.4697258472442627,13.536476135253906
1615334400.0,1.4153246879577637,13.369483947753906
1615356000.0,1.3590712547302246,13.219581604003906
1615377600.0,1.2856934070587158,12.984718322753906
1615399200.0,1.283704400062561,12.487159729003906
1615420800.0,1.2836523056030273,12.273292541503906
1615442400.0,1.2228119373321533,12.143409729003906
1615464000.0,1.1986881494522095,12.007179260253906
1615485600.0,1.2419836521148682,11.812355041503906
1615507200.0,1.235175609588623,11.477394104003906
1615528800.0,1.178734302520752,11.266944885253906
1615550400.0,1.2668821811676025,11.138526916503906
1615572000.0,1.1892149448394775,11.033058166503906
1615593600.0,1.1426267623901367,15.092140197753906
1615615200.0,1.0911409854888916,14.835792541503906
1615636800.0,1.1205801963806152,14.636085510253906
1615658400.0,1.1158981323242188,14.433937072753906
1615680000.0,1.0735459327697754,14.082374572753906
1615701600.0,1.085117220878601,13.580665588378906
1615723200.0,1.1161623001098633,13.365333557128906
1615744800.0,1.0610073804855347,13.220802307128906
1615766400.0,1.0058248043060303,13.072608947753906
1615788000.0,0.9803808331489563,12.724464416503906
1615809600.0,0.9689836502075195,12.184913635253906
1615831200.0,0.9882518649101257,11.912452697753906
1615852800.0,1.0060914754867554,11.723487854003906
1615874400.0,1.019963026046753,11.404884338378906
1615896000.0,1.0195081233978271,11.214210510253906
1615917600.0,0.9810993671417236,11.072608947753906
1615939200.0,0.9521434307098389,10.959327697753906
1615960800.0,0.924796998500824,10.950294494628906
1615982400.0,0.9012699723243713,12.985450744628906
1616004000.0,0.8787404894828796,12.568214416503906
1616025600.0,0.8549827933311462,12.296730041503906
1616047200.0,0.8345422148704529,12.252784729003906
1616068800.0,0.8345144391059875,12.341163635253906
1616090400.0,0.8105100989341736,12.712257385253906
1616112000.0,0.8002576231956482,13.059425354003906
1616133600.0,0.8079376220703125,13.182472229003906
1616155200.0,0.8717455267906189,13.478370666503906
1616176800.0,0.9426748752593994,13.728370666503906
1616198400.0,1.0181565284729004,13.579444885253906
1616220000.0,1.0604698657989502,13.344093322753906
1616241600.0,1.1244395971298218,13.069679260253906
1616263200.0,1.1873657703399658,12.633644104003906
1616284800.0,1.152390718460083,12.369483947753906
1616306400.0,1.1149101257324219,12.234718322753906
1616328000.0,1.1339099407196045,12.172706604003906
1616349600.0,1.1883152723312378,12.191749572753906
1616371200.0,1.2631266117095947,12.418312072753906
1616392800.0,1.2995860576629639,14.276710510253906
1616414400.0,1.3997920751571655,14.619483947753906
1616436000.0,1.4591662883758545,14.468116760253906
1616457600.0,1.4786078929901123,14.190284729003906
1616479200.0,1.482891321182251,13.721046447753906
1616500800.0,1.5038299560546875,13.488136291503906
1616522400.0,1.4485329389572144,13.327247619628906
1616544000.0,1.384531021118164,13.161231994628906
1616565600.0,1.4965481758117676,12.910499572753906
1616587200.0,1.5691274404525757,12.485206604003906
1616608800.0,1.4363362789154053,12.277687072753906
1616630400.0,1.287461519241333,12.138771057128906
1616652000.0,1.1693594455718994,12.002296447753906
1616673600.0,1.1076030731201172,11.801612854003906
1616695200.0,1.0656087398529053,11.336524963378906
1616716800.0,1.036916971206665,11.084815979003906
1616738400.0,1.0202679634094238,10.946632385253906
1616760000.0,1.0075607299804688,10.850440979003906
1616781600.0,0.9969397187232971,10.749366760253906
1616803200.0,1.0017800331115723,10.400245666503906
1616824800.0,0.983035683631897,9.916603088378906
1616846400.0,0.9494873881340027,9.859962463378906
1616868000.0,0.9089109301567078,9.937599182128906
1616889600.0,0.878811776638031,9.990577697753906
1616911200.0,0.8722103238105774,10.010108947753906
1616932800.0,0.8989231586456299,13.077980041503906
1616954400.0,0.9365377426147461,13.050636291503906
1616976000.0,0.8812854290008545,12.902687072753906
1616997600.0,0.8246203660964966,12.269630432128906
1617019200.0,0.7905434966087341,12.090919494628906
1617040800.0,0.7906690835952759,11.991065979003906
1617062400.0,0.7816055417060852,11.896827697753906
1617084000.0,0.775072455406189,11.764015197753906
1617105600.0,0.8336286544799805,14.560890197753906
1617127200.0,0.9723736047744751,14.400245666503906
1617148800.0,1.0289065837860107,14.005226135253906
1617170400.0,1.2237879037857056,13.767921447753906
1617192000.0,1.740372657775879,6.328956604003906
1617213600.0,1.7251489162445068,6.723487854003906
1617235200.0,1.6527328491210938,14.228858947753906
1617256800.0,1.4197123050689697,13.843605041503906
1617278400.0,1.2912414073944092,13.534034729003906
1617300000.0,1.5117158889770508,13.336280822753906
1617321600.0,1.7445764541625977,13.177589416503906
1617343200.0,1.6155650615692139,13.016944885253906
1617364800.0,1.5000715255737305,12.879005432128906
1617386400.0,1.445752501487732,12.913185119628906
1617408000.0,1.4358114004135132,13.036231994628906
1617429600.0,1.4967262744903564,13.076026916503906
1617451200.0,1.3937091827392578,12.996925354003906
1617472800.0,1.3740034103393555,12.659034729003906
1617494400.0,1.3988146781921387,12.271095275878906
1617516000.0,1.470567226409912,12.010353088378906
1617537600.0,1.6631330251693726,8.591163635253906
1617559200.0,1.5692427158355713,8.673927307128906
1617580800.0,1.7657607793807983,8.161476135253906
1617602400.0,1.6277196407318115,7.952247619628906
1617624000.0,1.5536547899246216,7.578956604003906
1617645600.0,1.5336039066314697,6.918800354003906
1617667200.0,1.4275261163711548,14.216651916503906
1617688800.0,1.4732145071029663,13.737648010253906
1617710400.0,1.6614446640014648,13.471534729003906
1617732000.0,1.5883539915084839,13.254249572753906
1617753600.0,1.6191734075546265,13.030616760253906
1617775200.0,1.4014160633087158,12.669288635253906
1617796800.0,1.5105767250061035,12.389991760253906
1617818400.0,1.4851051568984985,12.182960510253906
1617840000.0,1.4395219087600708,11.944190979003906
1617861600.0,1.3396263122558594,11.542335510253906
1617883200.0,1.3881155252456665,11.182960510253906
1617904800.0,1.3371505737304688,11.062843322753906
1617926400.0,1.2948880195617676,11.093605041503906
1617948000.0,1.3305854797363281,11.160987854003906
1617969600.0,1.4150705337524414,11.099464416503906
1617991200.0,1.547184944152832,10.926612854003906
1618012800.0,1.5578808784484863,10.721534729003906
1618034400.0,1.549283504486084,10.792823791503906
1618056000.0,1.5548250675201416,11.321632385253906
1618077600.0,1.538872480392456,12.149269104003906
1618099200.0,1.49679434299469,12.183937072753906
1618120800.0,1.4571943283081055,12.068702697753906
1618142400.0,1.433992624282837,11.968605041503906
1618164000.0,1.3733692169189453,11.889503479003906
1618185600.0,1.3170840740203857,11.785499572753906
1618207200.0,1.2396738529205322,11.572608947753906
1618228800.0,1.2078999280929565,11.360206604003906
1618250400.0,1.1565239429473877,11.194679260253906
1618272000.0,1.0909571647644043,14.773292541503906
1618293600.0,1.047482967376709,14.520362854003906
1618315200.0,1.1093273162841797,14.129737854003906
1618336800.0,1.0471513271331787,13.857765197753906
1618358400.0,1.0378869771957397,13.824073791503906
1618380000.0,1.06453275680542,14.306495666503906
1618401600.0,1.1215717792510986,14.537940979003906
1618423200.0,1.1923470497131348,14.496437072753906
1618444800.0,1.2735084295272827,14.347999572753906
1618466400.0,1.350683569908142,13.610694885253906
1618488000.0,1.4133172035217285,13.289894104003906
1618509600.0,1.4322552680969238,13.212257385253906
1618531200.0,1.4236273765563965,13.160011291503906
1618552800.0,1.391845941543579,13.115089416503906
1618574400.0,1.3464725017547607,13.047218322753906
1618596000.0,1.292798638343811,12.887550354003906
1618617600.0,1.2375686168670654,12.521827697753906
1618639200.0,1.2007089853286743,12.307960510253906
1618660800.0,1.1660139560699463,12.143409729003906
1618682400.0,1.1238012313842773,11.994972229003906
1618704000.0,1.0617958307266235,11.879249572753906
1618725600.0,1.0109785795211792,11.869483947753906
1618747200.0,1.0101399421691895,14.745460510253906
1618768800.0,1.073508381843567,14.520851135253906
1618790400.0,1.1358145475387573,14.173194885253906
1618812000.0,1.18583083152771,13.632179260253906
1618833600.0,1.1701338291168213,13.332374572753906
1618855200.0,1.1229710578918457,12.981300354003906
1618876800.0,1.0801379680633545,12.620460510253906
1618898400.0,1.0486642122268677,12.484230041503906
1618920000.0,1.0092453956604004,12.431007385253906
1618941600.0,0.9705905318260193,12.436378479003906
1618963200.0,0.9409443736076355,12.577003479003906
1618984800.0,0.9189620614051819,12.912940979003906
1619006400.0,0.9121736288070679,12.953956604003906
1619028000.0,1.0413739681243896,12.917823791503906
1619049600.0,1.0908315181732178,12.796730041503906
1619071200.0,1.046181321144104,12.832862854003906
1619092800.0,0.9957720041275024,13.040382385253906
1619114400.0,0.9660552740097046,13.190284729003906
1619136000.0,0.9463222622871399,15.881690979003906
1619157600.0,0.9411908388137817,15.357765197753906
1619179200.0,0.9724090099334717,14.864601135253906
1619200800.0,1.1040410995483398,14.663917541503906
1619222400.0,1.1359128952026367,14.429054260253906
1619244000.0,1.1492040157318115,14.032081604003906
1619265600.0,1.1813838481903076,13.874366760253906
1619287200.0,1.2405250072479248,13.863624572753906
1619308800.0,1.277645230293274,13.834327697753906
1619330400.0,1.2756261825561523,13.605812072753906
1619352000.0,1.2678097486495972,13.280128479003906
1619373600.0,1.2924010753631592,13.049659729003906
1619395200.0,1.2935047149658203,12.836280822753906
1619416800.0,1.3025414943695068,12.625343322753906
1619438400.0,1.311306357383728,16.140480041503906
1619460000.0,1.3221635818481445,16.028663635253906
1619481600.0,1.3397142887115479,15.799659729003906
1619503200.0,1.3372383117675781,15.457374572753906
1619524800.0,1.3573262691497803,15.197608947753906
1619546400.0,1.4019402265548706,15.056007385253906
1619568000.0,1.4378390312194824,14.852882385253906
1619589600.0,1.4700522422790527,14.633644104003906
1619611200.0,1.4813032150268555,14.373878479003906
1619632800.0,1.5275932550430298,13.911476135253906
1619654400.0,1.479344129562378,13.630226135253906
1619676000.0,1.4452564716339111,13.512550354003906
1619697600.0,1.445432424545288,13.480323791503906
1619719200.0,1.5542562007904053,13.592628479003906
1619740800.0,1.6740624904632568,14.108253479003906
1619762400.0,1.6638652086257935,14.457862854003906
1619784000.0,1.6202929019927979,14.329444885253906
1619805600.0,1.6102898120880127,14.042823791503906
1619827200.0,1.5385606288909912,13.707862854003906
1619848800.0,1.468010425567627,13.518898010253906
1619870400.0,1.3699615001678467,13.387062072753906
1619892000.0,1.3148410320281982,13.267921447753906
1619913600.0,1.2338511943817139,13.150733947753906
1619935200.0,1.218032717704773,13.032569885253906
1619956800.0,1.18010413646698,12.893898010253906
1619978400.0,1.1866275072097778,12.764503479003906
1620000000.0,1.2144286632537842,12.679054260253906
1620021600.0,1.2686727046966553,12.541847229003906
1620043200.0,1.2103126049041748,12.350440979003906
1620064800.0,1.1997199058532715,12.177589416503906
1620086400.0,1.2902544736862183,19.133155822753906
1620108000.0,1.4297844171524048,18.500343322753906
1620129600.0,1.5477912425994873,17.613136291503906
1620151200.0,1.6199774742126465,16.527687072753906
1620172800.0,1.6361582279205322,15.974464416503906
1620194400.0,1.6146743297576904,15.196144104003906
1620216000.0,1.5623655319213867,14.778175354003906
1620237600.0,1.497992992401123,14.463722229003906
1620259200.0,1.4442956447601318,13.926612854003906
1620280800.0,1.4094018936157227,13.486183166503906
1620302400.0,1.374443531036377,13.247413635253906
1620324000.0,1.3269410133361816,13.019386291503906
1620345600.0,1.281808853149414,12.526710510253906
1620367200.0,1.2449133396148682,12.210792541503906
1620388800.0,1.2097957134246826,16.339210510253906
1620410400.0,1.1970229148864746,16.033546447753906
1620432000.0,1.2005573511123657,15.569679260253906
1620453600.0,1.2036755084991455,15.080421447753906
1620475200.0,1.2298210859298706,14.895851135253906
1620496800.0,1.3238654136657715,14.799659729003906
1620518400.0,1.4550530910491943,14.794776916503906
1620540000.0,1.5927705764770508,14.942726135253906
1620561600.0,1.699082612991333,16.189796447753906
1620583200.0,1.7640717029571533,16.148780822753906
1620604800.0,1.7484736442565918,15.977394104003906
1620626400.0,1.706496238708496,15.794776916503906
1620648000.0,1.6372451782226562,15.479835510253906
1620669600.0,1.5827317237854004,14.890480041503906
1620691200.0,1.5187283754348755,14.633644104003906
1620712800.0,1.4115469455718994,14.491554260253906
1620734400.0,1.2992746829986572,14.472511291503906
1620756000.0,1.2440165281295776,14.533546447753906
1620777600.0,1.2026128768920898,14.542335510253906
1620799200.0,1.169933795928955,14.480323791503906
1620820800.0,1.1800031661987305,14.374855041503906
1620842400.0,1.1685811281204224,14.225929260253906
1620864000.0,1.05487060546875,13.948097229003906
1620885600.0,0.968782365322113,13.720802307128906
1620907200.0,0.9095200896263123,13.548439025878906
1620928800.0,0.9033576250076294,13.404884338378906
1620950400.0,0.890112578868866,13.329444885253906
1620972000.0,0.958670973777771,16.408058166503906
1620993600.0,1.1198967695236206,16.006690979003906
1621015200.0,1.3561168909072876,15.500831604003906
1621036800.0,1.5857678651809692,14.858741760253906
1621058400.0,1.7300448417663574,14.580909729003906
1621080000.0,1.7616498470306396,14.376319885253906
1621101600.0,1.7213290929794312,14.187355041503906
1621123200.0,1.6385074853897095,13.804054260253906
1621144800.0,1.538933515548706,13.564796447753906
1621166400.0,1.4938971996307373,13.422218322753906
1621188000.0,1.5221598148345947,13.316261291503906
1621209600.0,1.4688870906829834,13.207374572753906
1621231200.0,1.4335578680038452,16.773292541503906
1621252800.0,1.4317322969436646,16.368507385253906
1621274400.0,1.459317922592163,16.097023010253906
1621296000.0,1.5162787437438965,15.838233947753906
1621317600.0,1.468568205833435,15.449562072753906
1621339200.0,1.3727495670318604,15.087745666503906
1621360800.0,1.297193169593811,14.900245666503906
1621382400.0,1.2329540252685547,14.780128479003906
1621404000.0,1.1789805889129639,14.673683166503906
1621425600.0,1.1290149688720703,14.551124572753906
1621447200.0,1.1106806993484497,14.389991760253906
1621468800.0,1.1011412143707275,14.160011291503906
1621490400.0,1.1133055686950684,14.131690979003906
1621512000.0,1.1270049810409546,14.326515197753906
1621533600.0,1.1541399955749512,14.395851135253906
1621555200.0,1.1803573369979858,14.332862854003906
1621576800.0,1.2003740072250366,14.120948791503906
1621598400.0,1.2283698320388794,13.787452697753906
1621620000.0,1.2663915157318115,13.557472229003906
1621641600.0,1.2358344793319702,13.378273010253906
1621663200.0,1.172097086906433,13.201026916503906
1621684800.0,1.1088969707489014,12.973976135253906
1621706400.0,1.0601295232772827,12.623878479003906
1621728000.0,1.0266996622085571,12.397804260253906
1621749600.0,1.01127290725708,12.246437072753906
1621771200.0,1.0141446590423584,12.147804260253906
1621792800.0,1.0338871479034424,14.611183166503906
1621814400.0,1.0514535903930664,14.379737854003906
1621836000.0,1.0666782855987549,13.656105041503906
1621857600.0,1.0741506814956665,13.361183166503906
1621879200.0,1.083785057067871,13.148292541503906
1621900800.0,1.1342412233352661,12.837745666503906
1621922400.0,1.306026816368103,19.911964416503906
1621944000.0,1.5625784397125244,19.459815979003906
1621965600.0,1.8149129152297974,18.558448791503906
1621987200.0,1.97271728515625,17.691749572753906
1622008800.0,2.032313108444214,16.756202697753906
1622030400.0,2.1038658618927,16.066749572753906
1622052000.0,2.053548574447632,15.384620666503906
1622073600.0,1.945002794265747,14.776222229003906
1622095200.0,1.8214037418365479,14.433448791503906
1622116800.0,1.6437749862670898,13.847511291503906
1622138400.0,1.49139404296875,13.443702697753906
1622160000.0,1.3661020994186401,13.211280822753906
1622181600.0,1.274404525756836,12.916358947753906
1622203200.0,1.2086420059204102,12.388771057128906
1622224800.0,1.1712819337844849,12.166847229003906
1622246400.0,1.1532210111618042,12.011085510253906
1622268000.0,1.1853879690170288,16.142921447753906
1622289600.0,1.2950021028518677,16.404151916503906
1622311200.0,1.4803826808929443,16.957374572753906
1622332800.0,1.677278995513916,16.458351135253906
1622354400.0,1.8188414573669434,16.040870666503906
1622376000.0,1.8265275955200195,15.615089416503906
1622397600.0,1.7787010669708252,14.975440979003906
1622419200.0,1.6890246868133545,14.703468322753906
1622440800.0,1.6498081684112549,14.486183166503906
1622462400.0,1.6817657947540283,14.040382385253906
1622484000.0,1.6771769523620605,13.576515197753906
1622505600.0,1.627533197402954,13.396339416503906
1622527200.0,1.5585763454437256,13.264015197753906
1622548800.0,1.4935637712478638,13.088722229003906
1622570400.0,1.4126200675964355,12.594093322753906
1622592000.0,1.346858263015747,12.120948791503906
1622613600.0,1.2921245098114014,11.895851135253906
1622635200.0,1.2515718936920166,11.708839416503906
1622656800.0,1.2202101945877075,11.257911682128906
1622678400.0,1.204571008682251,10.977394104003906
1622700000.0,1.221213698387146,10.817237854003906
1622721600.0,1.2519190311431885,10.651710510253906
1622743200.0,1.2694590091705322,10.302589416503906
1622764800.0,1.287493109703064,10.097023010253906
1622786400.0,1.2761684656143188,10.082862854003906
1622808000.0,1.2467336654663086,10.231788635253906
1622829600.0,1.2182071208953857,12.106788635253906
1622851200.0,1.17276930809021,13.307472229003906
1622872800.0,1.1181806325912476,13.654640197753906
1622894400.0,1.0554955005645752,13.545753479003906
1622916000.0,1.001479983329773,13.426612854003906
1622937600.0,0.9666219353675842,13.315284729003906
1622959200.0,0.9543193578720093,13.223487854003906
1622980800.0,0.9998362064361572,13.363136291503906
1623002400.0,1.0484644174575806,14.604835510253906
1623024000.0,1.0808672904968262,14.502296447753906
1623045600.0,1.1190130710601807,14.186866760253906
1623067200.0,1.1601063013076782,13.659523010253906
1623088800.0,1.1495813131332397,13.394386291503906
1623110400.0,1.1170599460601807,13.121925354003906
1623132000.0,1.0725553035736084,12.636085510253906
1623153600.0,1.0493743419647217,12.352882385253906
1623175200.0,1.0403549671173096,12.199073791503906
1623196800.0,1.036289095878601,12.032569885253906
1623218400.0,1.0695717334747314,11.621437072753906
1623240000.0,1.143728256225586,15.789894104003906
1623261600.0,1.2265177965164185,15.182960510253906
1623283200.0,1.2898526191711426,14.712745666503906
1623304800.0,1.3324356079101562,14.354835510253906
1623326400.0,1.3511205911636353,13.749855041503906
1623348000.0,1.3589720726013184,13.396339416503906
1623369600.0,1.3617353439331055,13.122901916503906
1623391200.0,1.357679843902588,12.672706604003906
1623412800.0,1.347282886505127,17.821144104003906
1623434400.0,1.3344392776489258,17.602882385253906
1623456000.0,1.3166866302490234,17.192237854003906
1623477600.0,1.3104021549224854,16.216651916503906
1623499200.0,1.310645580291748,15.953224182128906
1623520800.0,1.3365991115570068,15.695167541503906
1623542400.0,1.3155173063278198,14.984962463378906
1623564000.0,1.266595482826233,14.597511291503906
1623585600.0,1.2179179191589355,14.342384338378906
1623607200.0,1.1956855058670044,14.052589416503906
1623628800.0,1.1966993808746338,13.681739807128906
1623650400.0,1.1996090412139893,13.450050354003906
1623672000.0,1.2015316486358643,13.266456604003906
1623693600.0,1.1438581943511963,13.084327697753906
1623715200.0,1.1662297248840332,12.908058166503906
1623736800.0,1.180145263671875,12.718605041503906
1623758400.0,1.2311336994171143,16.243507385253906
1623780000.0,1.3642534017562866,15.956886291503906
1623801600.0,1.4839673042297363,15.653175354003906
1623823200.0,1.5717031955718994,15.361183166503906
1623844800.0,1.6021703481674194,15.199073791503906
1623866400.0,1.6533164978027344,15.026222229003906
1623888000.0,1.6879236698150635,14.823585510253906
1623909600.0,1.6959118843078613,14.663429260253906
1623931200.0,1.6714937686920166,14.523292541503906
1623952800.0,1.6376736164093018,14.339210510253906
1623974400.0,1.6230931282043457,14.069190979003906
1623996000.0,1.665964961051941,14.024269104003906
1624017600.0,1.7364294528961182,18.035987854003906
1624039200.0,1.776066780090332,17.515480041503906
1624060800.0,1.7743093967437744,16.499366760253906
1624082400.0,1.72865891456604,15.837257385253906
1624104000.0,1.6583260297775269,15.189796447753906
1624125600.0,1.5688399076461792,14.725929260253906
1624147200.0,1.4863746166229248,14.415382385253906
1624168800.0,1.385253667831421,13.931007385253906
1624190400.0,1.322904348373413,13.557472229003906
1624212000.0,1.2542448043823242,13.372413635253906
1624233600.0,1.3451416492462158,13.262062072753906
1624255200.0,1.2930278778076172,13.209815979003906
1624276800.0,1.1448220014572144,13.277687072753906
1624298400.0,1.0899834632873535,13.567237854003906
1624320000.0,1.0781289339065552,13.915870666503906
1624341600.0,1.105872392654419,13.999855041503906
1624363200.0,1.1669442653656006,13.847511291503906
1624384800.0,1.2308670282363892,13.532814025878906
1624406400.0,1.3197500705718994,13.101173400878906
1624428000.0,1.40868079662323,12.423439025878906
1624449600.0,1.4322178363800049,12.045021057128906
1624471200.0,1.3832764625549316,11.870216369628906
1624492800.0,1.3077481985092163,11.771095275878906
1624514400.0,1.2433260679244995,11.648536682128906
1624536000.0,1.1927392482757568,11.450050354003906
1624557600.0,1.1411383152008057,11.287696838378906
1624579200.0,1.1018955707550049,11.167335510253906
1624600800.0,1.0759047269821167,16.576515197753906
1624622400.0,1.069288730621338,16.282569885253906
1624644000.0,1.0907955169677734,16.066993713378906
1624665600.0,1.1324095726013184,15.829200744628906
1624687200.0,1.1847918033599854,15.348487854003906
1624708800.0,1.223689317703247,14.956398010253906
1624730400.0,1.2563233375549316,14.722511291503906
1624752000.0,1.2703344821929932,14.508644104003906
1624773600.0,1.2713499069213867,14.190773010253906
1624795200.0,1.2745165824890137,13.675636291503906
1624816800.0,1.2977651357650757,13.519874572753906
1624838400.0,1.3414100408554077,16.014259338378906
1624860000.0,1.3852903842926025,15.697608947753906
1624881600.0,1.4053831100463867,14.843116760253906
1624903200.0,1.4137694835662842,14.539894104003906
1624924800.0,1.4124348163604736,14.243995666503906
1624946400.0,1.4135162830352783,13.729347229003906
1624968000.0,1.4197829961776733,13.468360900878906
1624989600.0,1.4229891300201416,13.283302307128906
1625011200.0,1.427362084388733,13.036720275878906
1625032800.0,1.4286558628082275,12.573341369628906
1625054400.0,1.419695258140564,12.278907775878906
1625076000.0,1.419559359550476,12.077980041503906
1625097600.0,1.419008731842041,11.857765197753906
1625119200.0,1.4348909854888916,16.123878479003906
1625140800.0,1.5371618270874023,15.746925354003906
1625162400.0,1.6801996231079102,15.212745666503906
1625184000.0,1.701164960861206,14.834815979003906
1625205600.0,1.7117691040039062,14.575538635253906
1625227200.0,1.638505220413208,14.341651916503906
1625248800.0,1.5197911262512207,14.019386291503906
1625270400.0,1.4168431758880615,13.722023010253906
1625292000.0,1.3316024541854858,13.518898010253906
1625313600.0,1.2460458278656006,13.360206604003906
1625335200.0,1.1854383945465088,13.251808166503906
1625356800.0,1.1553053855895996,13.214698791503906
1625378400.0,1.1357972621917725,13.243995666503906
1625400000.0,1.1248207092285156,13.333351135253906
1625421600.0,1.1256769895553589,13.611671447753906
1625443200.0,1.1439684629440308,14.347511291503906
1625464800.0,1.2056227922439575,14.355323791503906
1625486400.0,1.2731553316116333,14.207374572753906
1625508000.0,1.3897135257720947,13.486671447753906
1625529600.0,1.3518671989440918,13.227394104003906
1625551200.0,1.1850392818450928,13.257179260253906
1625572800.0,1.1130812168121338,13.745948791503906
1625594400.0,1.14780592918396,14.859718322753906
1625616000.0,1.2321178913116455,14.919288635253906
1625637600.0,1.3647013902664185,14.797706604003906
1625659200.0,1.5004762411117554,14.493995666503906
1625680800.0,1.5819165706634521,14.048683166503906
1625702400.0,1.5430885553359985,13.573585510253906
1625724000.0,1.4781641960144043,13.263038635253906
1625745600.0,1.3860541582107544,12.960792541503906
1625767200.0,1.3116984367370605,12.557472229003906
1625788800.0,1.241471290588379,12.394874572753906
1625810400.0,1.2062020301818848,12.359718322753906
1625832000.0,1.1688936948776245,12.369972229003906
1625853600.0,1.1709723472595215,12.380226135253906
1625875200.0,1.1887202262878418,12.474220275878906
1625896800.0,1.208571434020996,14.297706604003906
1625918400.0,1.1765964031219482,14.232276916503906
1625940000.0,1.19575834274292,14.028663635253906
1625961600.0,1.320273756980896,13.993507385253906
1625983200.0,1.5051653385162354,16.454933166503906
1626004800.0,1.6422607898712158,16.217628479003906
1626026400.0,1.7018235921859741,15.951026916503906
1626048000.0,1.671354055404663,15.543800354003906
1626069600.0,1.7220587730407715,14.950538635253906
1626091200.0,1.7065296173095703,14.637062072753906
1626112800.0,1.6231143474578857,14.380226135253906
1626134400.0,1.5928071737289429,14.275733947753906
1626156000.0,1.764604926109314,14.464210510253906
1626177600.0,2.1153531074523926,14.814796447753906
1626199200.0,2.366030693054199,14.884620666503906
1626220800.0,2.3569459915161133,14.815284729003906
1626242400.0,2.333632707595825,14.720069885253906
1626264000.0,2.2544243335723877,14.594093322753906
1626285600.0,2.1459553241729736,14.382179260253906
1626307200.0,2.014834403991699,13.892433166503906
1626328800.0,1.9145187139511108,13.565773010253906
1626350400.0,1.7677810192108154,13.381690979003906
1626372000.0,1.6322612762451172,13.177101135253906
1626393600.0,1.5442917346954346,12.708839416503906
1626415200.0,1.4433996677398682,12.345069885253906
1626436800.0,1.3371508121490479,12.162940979003906
1626458400.0,1.2784528732299805,11.964698791503906
1626480000.0,1.211676001548767,15.902198791503906
1626501600.0,1.2099716663360596,15.496925354003906
1626523200.0,1.2270457744598389,14.914405822753906
1626544800.0,1.2656607627868652,14.649269104003906
1626566400.0,1.2795360088348389,14.357276916503906
1626588000.0,1.2939212322235107,13.884132385253906
1626609600.0,1.3266377449035645,13.632667541503906
1626631200.0,1.3956091403961182,17.616065979003906
1626652800.0,1.4670546054840088,17.153663635253906
1626674400.0,1.4972691535949707,16.160011291503906
1626696000.0,1.4784133434295654,15.746437072753906
1626717600.0,1.443921446800232,14.793800354003906
1626739200.0,1.4113359451293945,14.510597229003906
1626760800.0,1.3964394330978394,14.647315979003906
1626782400.0,1.4147405624389648,15.761329650878906
1626804000.0,1.3775206804275513,15.343849182128906
1626825600.0,1.331395149230957,14.830665588378906
1626847200.0,1.2660942077636719,14.608741760253906
1626868800.0,1.2209628820419312,14.333106994628906
1626890400.0,1.1864280700683594,13.706886291503906
1626912000.0,1.1672457456588745,13.397804260253906
1626933600.0,1.1756012439727783,13.187355041503906
1626955200.0,1.1913549900054932,12.903663635253906
1626976800.0,1.2163370847702026,12.350440979003906
1626998400.0,1.2201511859893799,12.102882385253906
1627020000.0,1.2023534774780273,11.930519104003906
1627041600.0,1.2263593673706055,11.761573791503906
1627063200.0,1.2724846601486206,11.461769104003906
1627084800.0,1.2739930152893066,15.681007385253906
1627106400.0,1.3213884830474854,15.090675354003906
1627128000.0,1.4265409708023071,14.795753479003906
1627149600.0,1.5587365627288818,14.545753479003906
1627171200.0,1.6611888408660889,14.195655822753906
1627192800.0,1.7009589672088623,13.702491760253906
1627214400.0,1.6877814531326294,13.473487854003906
1627236000.0,1.6413390636444092,13.332862854003906
1627257600.0,1.6214983463287354,13.338722229003906
1627279200.0,1.6600409746170044,17.111671447753906
1627300800.0,1.7336316108703613,16.810890197753906
1627322400.0,1.8659248352050781,16.583351135253906
1627344000.0,1.9780728816986084,16.430030822753906
1627365600.0,1.9078819751739502,16.258155822753906
1627387200.0,1.846480131149292,16.071632385253906
1627408800.0,1.874576210975647,16.001319885253906
1627430400.0,1.854156494140625,15.963722229003906
1627452000.0,1.8161622285842896,15.881935119628906
1627473600.0,1.8414905071258545,15.738868713378906
1627495200.0,1.999279260635376,15.465431213378906
1627516800.0,2.003741502761841,15.249610900878906
1627538400.0,2.1287522315979004,15.532569885253906
1627560000.0,2.2682535648345947,16.098731994628906
1627581600.0,2.3698740005493164,15.955665588378906
1627603200.0,2.322493553161621,15.623390197753906
1627624800.0,2.230905055999756,15.057960510253906
1627646400.0,2.159541606903076,14.720558166503906
1627668000.0,2.226670742034912,14.435401916503906
1627689600.0,2.0400373935699463,13.948585510253906
1627711200.0,1.9697784185409546,13.631202697753906
1627732800.0,2.1214091777801514,13.626808166503906
1627754400.0,2.420978307723999,17.229835510253906
1627776000.0,2.5494539737701416,16.548683166503906
1627797600.0,2.5721211433410645,16.152198791503906
1627819200.0,2.6369147300720215,15.904640197753906
1627840800.0,2.6239426136016846,15.602882385253906
1627862400.0,2.3573708534240723,15.077980041503906
1627884000.0,2.1570281982421875,14.820655822753906
1627905600.0,2.03035306930542,14.630714416503906
1627927200.0,2.058708667755127,14.399757385253906
1627948800.0,2.0318591594696045,13.933448791503906
1627970400.0,2.0362496376037598,13.627784729003906
1627992000.0,2.10263729095459,13.497413635253906
1628013600.0,2.1290125846862793,13.425148010253906
1628035200.0,1.9914171695709229,13.378273010253906
1628056800.0,1.7604705095291138,13.299659729003906
1628078400.0,1.6691749095916748,13.117042541503906
1628100000.0,1.5897064208984375,12.844581604003906
1628121600.0,1.4744935035705566,12.636329650878906
1628143200.0,1.3976633548736572,12.492774963378906
1628164800.0,1.3358473777770996,12.394386291503906
1628186400.0,1.3011157512664795,12.308692932128906
1628208000.0,1.2862770557403564,12.242286682128906
1628229600.0,1.3011494874954224,16.326515197753906
1628251200.0,1.3134784698486328,16.070167541503906
1628272800.0,1.355325698852539,15.799659729003906
1628294400.0,1.4012537002563477,15.343116760253906
1628316000.0,1.440049171447754,15.010108947753906
1628337600.0,1.4301211833953857,14.858009338378906
1628359200.0,1.426151990890503,14.772315979003906
1628380800.0,1.385844111442566,14.688087463378906
1628402400.0,1.3645353317260742,14.598243713378906
1628424000.0,1.3708066940307617,14.487648010253906
1628445600.0,1.3191368579864502,14.318214416503906
1628467200.0,1.283505916595459,14.198829650878906
1628488800.0,1.2523236274719238,14.207862854003906
1628510400.0,1.2233954668045044,14.106300354003906
1628532000.0,1.2379721403121948,13.856056213378906
1628553600.0,1.26792573928833,13.619972229003906
1628575200.0,1.3258436918258667,13.437843322753906
1628596800.0,1.388188123703003,13.342140197753906
1628618400.0,1.7642736434936523,13.726661682128906
1628640000.0,1.984220266342163,16.470069885253906
1628661600.0,2.165289878845215,16.775733947753906
1628683200.0,2.4041361808776855,16.452003479003906
1628704800.0,2.570664405822754,16.107276916503906
1628726400.0,2.498495578765869,15.849464416503906
1628748000.0,2.400787115097046,15.448097229003906
1628769600.0,2.313241481781006,15.060890197753906
1628791200.0,2.2523062229156494,14.856300354003906
1628812800.0,2.079153537750244,14.712257385253906
1628834400.0,1.9360861778259277,14.543312072753906
1628856000.0,1.8092572689056396,14.224952697753906
1628877600.0,1.814410924911499,13.705421447753906
1628899200.0,1.7286036014556885,13.493019104003906
1628920800.0,1.6133564710617065,13.352394104003906
1628942400.0,1.520890474319458,13.172218322753906
1628964000.0,1.432405948638916,12.750343322753906
1628985600.0,1.3349831104278564,12.379249572753906
1629007200.0,1.240602731704712,12.214698791503906
1629028800.0,1.1785537004470825,12.071632385253906
1629050400.0,1.1530689001083374,11.862648010253906
1629072000.0,1.2014293670654297,15.422218322753906
1629093600.0,1.222792387008667,15.786476135253906
1629115200.0,1.2743442058563232,15.633155822753906
1629136800.0,1.3860893249511719,15.071632385253906
1629158400.0,1.511560082435608,14.700050354003906
1629180000.0,1.5792149305343628,14.393898010253906
1629201600.0,1.5552537441253662,13.963233947753906
1629223200.0,1.5294528007507324,13.673683166503906
1629244800.0,1.462417721748352,13.505714416503906
1629266400.0,1.3761072158813477,13.386085510253906
1629288000.0,1.345789909362793,13.275733947753906
1629309600.0,1.3204669952392578,13.221046447753906
1629331200.0,1.2856440544128418,14.507667541503906
1629352800.0,1.2838332653045654,14.593605041503906
1629374400.0,1.381401538848877,14.473976135253906
1629396000.0,1.6961429119110107,14.247901916503906
1629417600.0,1.7165226936340332,13.942726135253906
1629439200.0,1.6129279136657715,13.770362854003906
1629460800.0,1.5611858367919922,13.686866760253906
1629482400.0,1.541015386581421,13.659034729003906
1629504000.0,1.5189292430877686,13.614601135253906
1629525600.0,1.5571990013122559,13.507667541503906
1629547200.0,1.4676518440246582,13.393409729003906
1629568800.0,1.5525625944137573,13.287452697753906
1629590400.0,1.5236923694610596,13.184425354003906
1629612000.0,1.4113762378692627,13.060401916503906
1629633600.0,1.315967082977295,12.895362854003906
1629655200.0,1.3276675939559937,12.787452697753906
1629676800.0,1.3421528339385986,14.474464416503906
1629698400.0,1.3502795696258545,14.473487854003906
1629720000.0,1.4874827861785889,14.343116760253906
1629741600.0,1.6171809434890747,14.179542541503906
1629763200.0,1.6367161273956299,14.178565979003906
1629784800.0,1.7500710487365723,15.942237854003906
1629806400.0,2.006535530090332,16.678565979003906
1629828000.0,2.0443265438079834,16.152198791503906
1629849600.0,2.158377170562744,15.475929260253906
1629871200.0,2.099968433380127,14.856300354003906
1629892800.0,2.1008286476135254,14.498878479003906
1629914400.0,2.1672003269195557,13.991065979003906
1629936000.0,1.9703245162963867,13.548194885253906
1629957600.0,1.7482364177703857,13.307472229003906
1629979200.0,1.6288487911224365,13.028175354003906
1630000800.0,1.740334391593933,16.933937072753906
1630022400.0,1.7135425806045532,16.341163635253906
1630044000.0,1.6589407920837402,16.073097229003906
1630065600.0,1.6646504402160645,15.764991760253906
1630087200.0,1.8154215812683105,15.115089416503906
1630108800.0,1.8543264865875244,14.779396057128906
1630130400.0,1.6589457988739014,14.525245666503906
1630152000.0,1.680320382118225,14.072608947753906
1630173600.0,1.6953558921813965,13.746925354003906
1630195200.0,1.6513643264770508,16.205421447753906
1630216800.0,1.7247931957244873,16.014503479003906
1630238400.0,1.8270907402038574,15.619483947753906
1630260000.0,2.140681505203247,15.001319885253906
1630281600.0,2.08143949508667,14.685401916503906
1630303200.0,1.889001727104187,14.405128479003906
1630324800.0,1.8081258535385132,14.009132385253906
1630346400.0,1.8112425804138184,13.755226135253906
1630368000.0,1.743283748626709,13.654640197753906
1630389600.0,1.6217305660247803,13.628761291503906
1630411200.0,1.4967966079711914,13.663429260253906
1630432800.0,1.4387258291244507,13.783058166503906
1630454400.0,1.4246885776519775,13.846046447753906
1630476000.0,1.4629058837890625,13.793312072753906
1630497600.0,1.4539339542388916,13.792335510253906
1630519200.0,1.527902364730835,14.292335510253906
1630540800.0,1.6565814018249512,14.531105041503906
1630562400.0,1.8092491626739502,14.753273010253906
1630584000.0,1.811132550239563,17.507667541503906
1630605600.0,1.9007922410964966,17.183937072753906
1630627200.0,2.0675039291381836,16.557228088378906
1630648800.0,2.1871232986450195,16.466651916503906
1630670400.0,2.4088621139526367,16.407325744628906
1630692000.0,2.3639934062957764,16.124855041503906
1630713600.0,2.28654146194458,15.719337463378906
1630735200.0,2.20406436920166,15.059913635253906
1630756800.0,2.1840219497680664,14.742286682128906
1630778400.0,2.3162150382995605,14.476173400878906
1630800000.0,2.149235486984253,14.008888244628906
1630821600.0,1.9840278625488281,13.655616760253906
1630843200.0,1.9071953296661377,13.521583557128906
1630864800.0,1.8938517570495605,13.463233947753906
1630886400.0,1.6979912519454956,13.413429260253906
1630908000.0,1.546309471130371,13.322120666503906
1630929600.0,1.4471895694732666,13.178077697753906
1630951200.0,1.3947148323059082,13.034523010253906
1630972800.0,1.391930341720581,16.100440979003906
1630994400.0,1.4227488040924072,16.123390197753906
1631016000.0,1.4773476123809814,15.900733947753906
1631037600.0,1.5701818466186523,15.326026916503906
1631059200.0,1.6488711833953857,14.939796447753906
1631080800.0,1.6865261793136597,14.701026916503906
1631102400.0,1.765368103981018,14.467628479003906
1631124000.0,1.927753210067749,14.186378479003906
1631145600.0,1.8083407878875732,13.931007385253906
1631167200.0,1.8541227579116821,13.927589416503906
1631188800.0,2.0950658321380615,14.031105041503906
1631210400.0,2.219388008117676,14.181983947753906
1631232000.0,2.072228193283081,14.353858947753906
1631253600.0,1.944064974784851,14.527198791503906
1631275200.0,1.9337949752807617,14.681495666503906
1631296800.0,2.0453073978424072,14.689796447753906
1631318400.0,2.041365623474121,14.593605041503906
1631340000.0,2.007216453552246,14.448585510253906
1631361600.0,1.9086757898330688,14.130226135253906
1631383200.0,1.8137511014938354,13.631202697753906
1631404800.0,1.5778203010559082,13.410499572753906
1631426400.0,1.4400999546051025,13.235694885253906
1631448000.0,1.4027752876281738,12.916358947753906
1631469600.0,1.446385145187378,12.326515197753906
1631491200.0,1.4137718677520752,12.185401916503906
1631512800.0,1.4114279747009277,14.838233947753906
1631534400.0,1.394385576248169,14.547706604003906
1631556000.0,1.4042258262634277,14.159034729003906
1631577600.0,1.5186164379119873,13.757667541503906
1631599200.0,1.558244228363037,13.653663635253906
1631620800.0,1.4746761322021484,13.551612854003906
1631642400.0,1.4167637825012207,13.344581604003906
1631664000.0,1.3457590341567993,13.014503479003906
1631685600.0,1.3011630773544312,12.624366760253906
1631707200.0,1.2917206287384033,12.434425354003906
1631728800.0,1.3636683225631714,15.474952697753906
1631750400.0,1.420557975769043,15.198097229003906
1631772000.0,1.5141466856002808,14.969093322753906
1631793600.0,1.6027612686157227,14.702980041503906
1631815200.0,1.7243996858596802,14.423194885253906
1631836800.0,1.6731045246124268,14.172462463378906
1631858400.0,1.6652441024780273,14.007179260253906
1631880000.0,1.8034164905548096,14.195411682128906
1631901600.0,1.9302494525909424,15.734474182128906
1631923200.0,1.936874270439148,15.770362854003906
1631944800.0,1.9847978353500366,15.620948791503906
1631966400.0,2.226789712905884,15.436378479003906
1631988000.0,2.320549488067627,15.356544494628906
1632009600.0,2.1683106422424316,15.157814025878906
1632031200.0,2.067115306854248,14.915626525878906
1632052800.0,2.1803138256073,14.728126525878906
1632074400.0,2.201082706451416,14.561622619628906
1632096000.0,2.0813651084899902,14.339942932128906
1632117600.0,1.911923885345459,13.926124572753906
1632139200.0,1.9466016292572021,13.627784729003906
1632160800.0,1.7852210998535156,13.456398010253906
1632182400.0,1.592815637588501,13.299415588378906
1632204000.0,1.4861435890197754,13.083839416503906
1632225600.0,1.4434635639190674,12.836280822753906
1632247200.0,1.339535117149353,12.848976135253906
1632268800.0,1.1951061487197876,13.045753479003906
1632290400.0,1.1175289154052734,13.253273010253906
1632312000.0,1.1368894577026367,13.397315979003906
1632333600.0,1.19928777217865,13.386573791503906
1632355200.0,1.1322752237319946,13.238868713378906
1632376800.0,1.0761616230010986,12.992774963378906
1632398400.0,1.0595476627349854,12.409034729003906
1632420000.0,1.0570521354675293,12.061134338378906
1632441600.0,1.0704309940338135,16.513526916503906
1632463200.0,1.0940091609954834,16.217628479003906
1632484800.0,1.0956056118011475,15.919044494628906
1632506400.0,1.204685926437378,15.339698791503906
1632528000.0,1.2172338962554932,14.839698791503906
1632549600.0,1.1855883598327637,14.568214416503906
1632571200.0,1.1938915252685547,14.298194885253906
1632592800.0,1.288097620010376,13.817726135253906
1632614400.0,1.1978864669799805,13.529884338378906
1632636000.0,1.1620543003082275,13.367530822753906
1632657600.0,1.0786473751068115,13.225196838378906
1632679200.0,1.0518949031829834,13.017189025878906
1632700800.0,1.054624080657959,12.603370666503906
1632722400.0,1.0904479026794434,12.374366760253906
1632744000.0,1.0944585800170898,12.224464416503906
1632765600.0,1.0812090635299683,12.059425354003906
1632787200.0,1.0530705451965332,11.825050354003906
1632808800.0,1.1156083345413208,11.485694885253906
1632830400.0,1.2156076431274414,11.268898010253906
1632852000.0,1.1487674713134766,11.135108947753906
1632873600.0,1.1053674221038818,11.024269104003906
1632895200.0,1.121882438659668,10.899757385253906
1632916800.0,1.1021244525909424,15.847023010253906
1632938400.0,1.2123634815216064,15.339210510253906
1632960000.0,1.3197576999664307,14.587257385253906
1632981600.0,1.4413537979125977,14.111183166503906
1633003200.0,1.501086711883545,13.838233947753906
1633024800.0,1.5359477996826172,13.696632385253906
1633046400.0,1.512993335723877,13.535011291503906
1633068000.0,1.5226640701293945,13.412452697753906
1633089600.0,1.4652780294418335,13.321632385253906
1633111200.0,1.4496920108795166,13.216651916503906
1633132800.0,1.685105323791504,13.040382385253906
1633154400.0,1.6559356451034546,16.867530822753906
1633176000.0,1.6560770273208618,16.649269104003906
1633197600.0,1.7861387729644775,16.448097229003906
1633219200.0,1.7965710163116455,16.124366760253906
1633240800.0,1.840530514717102,15.524269104003906
1633262400.0,1.9689946174621582,15.219093322753906
1633284000.0,2.014103651046753,15.032081604003906
1633305600.0,1.9652478694915771,14.790870666503906
1633327200.0,1.8820809125900269,14.431007385253906
1633348800.0,2.0215694904327393,14.027687072753906
1633370400.0,1.8544046878814697,13.730323791503906
1633392000.0,1.646690011024475,13.483741760253906
1633413600.0,1.5166497230529785,13.182472229003906
1633435200.0,1.5035117864608765,12.899757385253906
1633456800.0,1.6340243816375732,12.850929260253906
1633478400.0,1.6985609531402588,13.058937072753906
1633500000.0,1.7556450366973877,13.916847229003906
1633521600.0,1.6867477893829346,14.532569885253906
1633543200.0,1.7441800832748413,14.503273010253906
1633564800.0,1.742478609085083,14.354835510253906
1633586400.0,1.6955866813659668,14.076026916503906
1633608000.0,1.6563929319381714,13.793800354003906
1633629600.0,1.702298641204834,13.614112854003906
1633651200.0,1.6978645324707031,13.456886291503906
1633672800.0,1.6773651838302612,13.317726135253906
1633694400.0,1.87191641330719,13.186866760253906
1633716000.0,1.9636378288269043,13.059425354003906
1633737600.0,1.6901994943618774,12.916358947753906
1633759200.0,1.4471120834350586,12.613624572753906
1633780800.0,1.5200400352478027,12.401222229003906
1633802400.0,1.5438953638076782,12.298683166503906
1633824000.0,1.4127962589263916,8.217628479003906
1633845600.0,1.440524697303772,15.892921447753906
1633867200.0,1.6846078634262085,15.661964416503906
1633888800.0,1.858487844467163,15.188331604003906
1633910400.0,1.7916717529296875,14.753273010253906
1633932000.0,1.65602445602417,14.344581604003906
1633953600.0,1.625451683998108,13.886085510253906
1633975200.0,1.8673427104949951,13.577980041503906
1633996800.0,1.7831542491912842,13.366065979003906
1634018400.0,1.6808979511260986,13.174659729003906
1634040000.0,1.7930063009262085,12.913917541503906
1634061600.0,1.6288520097732544,12.457862854003906
1634083200.0,1.393491268157959,12.238624572753906
1634104800.0,1.216428518295288,12.093849182128906
1634126400.0,1.154332160949707,11.957374572753906
1634148000.0,1.2509185075759888,11.832374572753906
1634169600.0,1.2686102390289307,15.244972229003906
1634191200.0,1.3656067848205566,14.851173400878906
1634212800.0,1.4095698595046997,14.530128479003906
1634234400.0,1.4731923341751099,13.880226135253906
1634256000.0,1.4627187252044678,13.422950744628906
1634277600.0,1.4172534942626953,13.062110900878906
1634299200.0,1.392322301864624,12.536231994628906
1634320800.0,1.4545173645019531,12.295509338378906
1634342400.0,1.4244464635849,12.148048400878906
1634364000.0,1.3672817945480347,11.976173400878906
1634385600.0,1.3864173889160156,11.662696838378906
1634407200.0,1.3907934427261353,11.384620666503906
1634428800.0,1.3794317245483398,15.953468322753906
1634450400.0,1.378517746925354,15.534034729003906
1634472000.0,1.378584623336792,14.947608947753906
1634493600.0,1.3590383529663086,14.684425354003906
1634515200.0,1.3130476474761963,14.430519104003906
1634536800.0,1.261824369430542,13.969337463378906
1634558400.0,1.2291631698608398,13.607276916503906
1634580000.0,1.2311217784881592,13.425880432128906
1634601600.0,1.262770652770996,13.287696838378906
1634623200.0,1.1630756855010986,13.132911682128906
1634644800.0,1.0993216037750244,12.899513244628906
1634666400.0,1.119436264038086,12.509620666503906
1634688000.0,1.089963436126709,12.272804260253906
1634709600.0,1.1038792133331299,12.085548400878906
1634731200.0,1.2791519165039062,11.926856994628906
1634752800.0,1.4989821910858154,11.797706604003906
1634774400.0,1.640893578529358,11.848243713378906
1634796000.0,1.7167913913726807,12.198585510253906
1634817600.0,1.7361218929290771,12.368995666503906
1634839200.0,1.7247309684753418,12.363136291503906
1634860800.0,1.6847903728485107,12.327491760253906
1634882400.0,1.7089347839355469,12.280128479003906
1634904000.0,1.6977827548980713,12.201026916503906
1634925600.0,1.5674676895141602,12.081398010253906
1634947200.0,1.4354044198989868,11.930519104003906
1634968800.0,1.4286857843399048,11.829933166503906
1634990400.0,1.5283317565917969,17.336769104003906
1635012000.0,1.6541361808776855,16.464210510253906
1635033600.0,1.7380810976028442,15.946144104003906
1635055200.0,1.7706763744354248,15.239112854003906
1635076800.0,1.7207176685333252,14.714210510253906
1635098400.0,1.747489333152771,14.415382385253906
1635120000.0,1.7314128875732422,13.955909729003906
1635141600.0,1.627369999885559,13.606300354003906
1635163200.0,1.681581735610962,13.424659729003906
1635184800.0,1.4870675802230835,13.270851135253906
1635206400.0,1.5133641958236694,13.102394104003906
1635228000.0,1.5200626850128174,12.919776916503906
1635249600.0,1.4759531021118164,12.726417541503906
1635271200.0,1.357367992401123,12.733253479003906
1635292800.0,1.2823050022125244,13.889503479003906
1635314400.0,1.2325506210327148,14.315773010253906
1635336000.0,1.2356619834899902,14.162940979003906
1635357600.0,1.3030879497528076,13.606788635253906
1635379200.0,1.345034122467041,13.328468322753906
1635400800.0,1.3491079807281494,13.170265197753906
1635422400.0,1.319981575012207,13.004737854003906
1635444000.0,1.266447901725769,12.664405822753906
1635465600.0,1.2067075967788696,12.365577697753906
1635487200.0,1.1542201042175293,12.208839416503906
1635508800.0,1.1426639556884766,12.095069885253906
1635530400.0,1.1579723358154297,11.983741760253906
1635552000.0,1.1428934335708618,11.830909729003906
1635573600.0,1.1266283988952637,11.548194885253906
1635595200.0,1.1296782493591309,11.274757385253906
1635616800.0,1.105351448059082,11.074073791503906
1635638400.0,1.0800026655197144,10.868995666503906
1635660000.0,1.1000404357910156,10.511085510253906
1635681600.0,1.1404149532318115,10.069190979003906
1635703200.0,1.1561424732208252,9.826515197753906
1635724800.0,1.15422785282135,9.539405822753906
1635746400.0,1.1482384204864502,15.202491760253906
1635768000.0,1.1360503435134888,14.840187072753906
1635789600.0,1.124139666557312,14.636573791503906
1635811200.0,1.1719931364059448,14.386573791503906
1635832800.0,1.2411253452301025,13.835792541503906
1635854400.0,1.3438125848770142,13.538917541503906
1635876000.0,1.1824140548706055,13.381690979003906
1635897600.0,1.0708122253417969,13.246925354003906
1635919200.0,1.0048391819000244,13.059425354003906
1635940800.0,0.9947261214256287,12.692237854003906
1635962400.0,0.945079505443573,12.473487854003906
1635984000.0,0.9464293122291565,12.369483947753906
1636005600.0,0.9387909173965454,12.265968322753906
1636027200.0,0.9688003063201904,12.124855041503906
1636048800.0,0.9871413111686707,11.943214416503906
1636070400.0,1.0258101224899292,11.705909729003906
1636092000.0,1.0645356178283691,11.313331604003906
1636113600.0,1.1237339973449707,11.100440979003906
1636135200.0,1.1658825874328613,13.385597229003906
1636156800.0,1.1685197353363037,13.380226135253906
1636178400.0,1.1883580684661865,13.302589416503906
1636200000.0,1.243380069732666,13.219581604003906
1636221600.0,1.3537170886993408,13.181007385253906
1636243200.0,1.435133457183838,13.328468322753906
1636264800.0,1.7794122695922852,6.628273010253906
1636286400.0,1.5838110446929932,14.224952697753906
1636308000.0,1.42100191116333,13.725929260253906
1636329600.0,1.3739272356033325,13.471534729003906
1636351200.0,1.3501601219177246,13.378273010253906
1636372800.0,1.3180997371673584,13.355812072753906
1636394400.0,1.31876802444458,13.345069885253906
1636416000.0,1.350347876548767,13.267433166503906
1636437600.0,1.3515279293060303,13.126808166503906
1636459200.0,1.3761675357818604,12.922218322753906
1636480800.0,1.4427096843719482,12.513526916503906
1636502400.0,1.4633625745773315,12.258155822753906
1636524000.0,1.3450744152069092,12.091163635253906
1636545600.0,1.226527452468872,11.936378479003906
1636567200.0,1.3382587432861328,7.861671447753906
1636588800.0,1.290675401687622,8.060890197753906
1636610400.0,1.136730670928955,8.044776916503906
1636632000.0,1.037699580192566,10.980323791503906
1636653600.0,0.9667896628379822,10.866065979003906
1636675200.0,0.9099668264389038,10.625831604003906
1636696800.0,0.8660739660263062,10.086769104003906
1636718400.0,0.8479001522064209,9.963722229003906
1636740000.0,0.8402276635169983,14.472999572753906
1636761600.0,0.8394337296485901,14.214942932128906
1636783200.0,0.8428041338920593,13.520362854003906
1636804800.0,0.8567473292350769,13.460548400878906
1636826400.0,0.8909741640090942,13.516944885253906
1636848000.0,0.8913768529891968,13.621437072753906
1636869600.0,0.9677939414978027,13.681007385253906
1636891200.0,1.129118800163269,13.608253479003906
1636912800.0,1.0898990631103516,13.436866760253906
1636934400.0,1.068099021911621,13.264015197753906
1636956000.0,0.9726427793502808,13.096290588378906
1636977600.0,0.9980713725090027,12.927589416503906
1636999200.0,1.004615068435669,12.648536682128906
1637020800.0,1.023242712020874,12.429298400878906
1637042400.0,1.0073174238204956,12.277687072753906
1637064000.0,1.0655715465545654,12.159767150878906
1637085600.0,0.9727439880371094,12.058448791503906
1637107200.0,0.9037922024726868,11.960060119628906
1637128800.0,0.8578978180885315,11.870460510253906
1637150400.0,0.912455677986145,11.806251525878906
1637172000.0,0.8868542909622192,11.798194885253906
1637193600.0,0.8423460721969604,11.834571838378906
1637215200.0,0.872473955154419,14.350929260253906
1637236800.0,1.2463792562484741,4.924903869628906
1637258400.0,1.2589654922485352,5.408790588378906
1637280000.0,1.3424164056777954,5.773536682128906
1637301600.0,1.2791317701339722,6.154396057128906
1637323200.0,1.2396659851074219,6.335060119628906
1637344800.0,1.1153450012207031,6.468360900878906
1637366400.0,1.1766057014465332,6.217384338378906
1637388000.0,1.0797208547592163,9.738136291503906
1637409600.0,1.1950644254684448,9.821876525878906
1637431200.0,1.365138292312622,5.782814025878906
1637452800.0,1.3285574913024902,6.215919494628906
1637474400.0,1.2379887104034424,6.158790588378906
1637496000.0,1.168330192565918,6.014015197753906
1637517600.0,1.2460678815841675,9.839210510253906
1637539200.0,1.2759020328521729,9.688819885253906
1637560800.0,1.2573922872543335,9.476417541503906
1637582400.0,1.3165932893753052,9.408058166503906
1637604000.0,1.4973559379577637,9.364112854003906
1637625600.0,1.6272807121276855,5.896339416503906
1637647200.0,1.5046696662902832,6.148292541503906
1637668800.0,1.7721011638641357,6.250343322753906
1637690400.0,1.5404677391052246,6.355812072753906
1637712000.0,1.338249683380127,13.844581604003906
1637733600.0,1.2821961641311646,13.536476135253906
1637755200.0,1.270867109298706,13.333839416503906
1637776800.0,1.257091760635376,13.213233947753906
1637798400.0,1.2446767091751099,13.793312072753906
1637820000.0,1.2440681457519531,14.471046447753906
1637841600.0,1.2740819454193115,14.399757385253906
1637863200.0,1.2377309799194336,13.952980041503906
1637884800.0,1.1791884899139404,13.511573791503906
1637906400.0,1.1416385173797607,13.291358947753906
1637928000.0,1.2084691524505615,13.053565979003906
1637949600.0,1.166001319885254,12.543312072753906
1637971200.0,1.1515650749206543,12.261573791503906
1637992800.0,1.2465548515319824,12.111671447753906
1638014400.0,1.6115676164627075,5.684913635253906
1638036000.0,1.4514083862304688,6.314308166503906
1638057600.0,1.5264873504638672,6.452980041503906
1638079200.0,1.6059986352920532,13.200050354003906
1638100800.0,1.4333560466766357,13.182960510253906
1638122400.0,1.2838598489761353,13.044288635253906
1638144000.0,1.3815150260925293,12.796730041503906
1638165600.0,1.3096210956573486,12.462989807128906
1638187200.0,1.2757929563522339,12.271583557128906
1638208800.0,1.1687945127487183,12.138038635253906
1638230400.0,1.165701150894165,12.018409729003906
1638252000.0,1.0847194194793701,11.877296447753906
1638273600.0,1.0221188068389893,7.703468322753906
1638295200.0,1.340564489364624,7.898048400878906
1638316800.0,1.2216846942901611,8.014015197753906
1638338400.0,1.1524417400360107,7.614601135253906
1638360000.0,1.3717079162597656,6.560646057128906
1638381600.0,1.177609920501709,6.461769104003906
1638403200.0,1.045127511024475,6.381446838378906
1638424800.0,1.0008447170257568,6.497413635253906
1638446400.0,1.1340981721878052,6.101173400878906
1638468000.0,1.0122294425964355,6.299659729003906
1638489600.0,0.9861461520195007,16.339698791503906
1638511200.0,1.0191600322723389,16.073829650878906
1638532800.0,1.1190569400787354,15.761085510253906
1638554400.0,1.202880859375,15.133888244628906
1638576000.0,1.2800825834274292,14.738868713378906
1638597600.0,1.3024441003799438,14.393653869628906
1638619200.0,1.315305233001709,13.850196838378906
1638640800.0,1.3149443864822388,13.507911682128906
1638662400.0,1.3478833436965942,13.300636291503906
1638684000.0,1.457883596420288,13.110450744628906
1638705600.0,1.400554895401001,12.805763244628906
1638727200.0,1.3554210662841797,12.369728088378906
1638748800.0,1.4135713577270508,12.144386291503906
1638770400.0,1.51389479637146,7.596778869628906
1638792000.0,2.002922534942627,7.636573791503906
1638813600.0,1.9270224571228027,7.851173400878906
1638835200.0,1.5942916870117188,7.327735900878906
1638856800.0,1.3800885677337646,6.834571838378906
1638878400.0,1.3209341764450073,6.324562072753906
1638900000.0,1.0973880290985107,6.200538635253906
1638921600.0,0.9215416312217712,10.656593322753906
1638943200.0,0.851628839969635,10.498878479003906
1638964800.0,0.8514625430107117,10.328224182128906
1638986400.0,0.897291362285614,14.243507385253906
1639008000.0,0.9643924236297607,14.061866760253906
1639029600.0,1.0383902788162231,13.732032775878906
1639051200.0,1.0938260555267334,13.440528869628906
1639072800.0,1.1345129013061523,13.178321838378906
1639094400.0,1.164717435836792,12.869239807128906
1639116000.0,1.1835235357284546,12.416847229003906
1639137600.0,1.1642677783966064,12.174415588378906
1639159200.0,1.1337883472442627,11.977394104003906
1639180800.0,1.107243537902832,11.727882385253906
1639202400.0,1.1103991270065308,11.377784729003906
1639224000.0,1.137616515159607,14.858741760253906
1639245600.0,1.1726744174957275,14.661476135253906
1639267200.0,1.2198885679244995,14.451026916503906
1639288800.0,1.2824437618255615,14.261573791503906
1639310400.0,1.2968673706054688,14.104347229003906
1639332000.0,1.3119118213653564,13.986183166503906
1639353600.0,1.3245501518249512,13.947608947753906
1639375200.0,1.3322625160217285,14.023780822753906
1639396800.0,1.3550169467926025,14.272315979003906
1639418400.0,1.3299931287765503,14.440284729003906
1639440000.0,1.3060557842254639,14.423683166503906
1639461600.0,1.2869539260864258,14.300148010253906
1639483200.0,1.2835508584976196,13.988624572753906
1639504800.0,1.2757542133331299,13.678321838378906
1639526400.0,1.2672789096832275,13.496192932128906
1639548000.0,1.2477834224700928,13.363136291503906
1639569600.0,1.2418315410614014,13.252296447753906
1639591200.0,1.2296180725097656,13.137062072753906
1639612800.0,1.2161927223205566,12.991798400878906
1639634400.0,1.2406346797943115,12.653175354003906
1639656000.0,1.3295667171478271,16.038917541503906
1639677600.0,1.3567181825637817,15.319679260253906
1639699200.0,1.36030113697052,14.749610900878906
1639720800.0,1.3625847101211548,14.432716369628906
1639742400.0,1.3719971179962158,13.790138244628906
1639764000.0,1.3331379890441895,13.426124572753906
1639785600.0,1.3214493989944458,13.210304260253906
1639807200.0,1.289829969406128,12.965675354003906
1639828800.0,1.3264724016189575,12.556495666503906
1639850400.0,1.3962615728378296,12.395118713378906
1639872000.0,1.5020380020141602,16.227882385253906
1639893600.0,1.5732710361480713,15.941261291503906
1639915200.0,1.6058111190795898,15.422706604003906
1639936800.0,1.589616060256958,14.820655822753906
1639958400.0,1.5667741298675537,14.521827697753906
1639980000.0,1.5355377197265625,14.115089416503906
1640001600.0,1.535101294517517,13.596046447753906
1640023200.0,1.4382842779159546,13.381690979003906
1640044800.0,1.359955072402954,13.204933166503906
1640066400.0,1.2690634727478027,12.913917541503906
1640088000.0,1.1963438987731934,12.417579650878906
1640109600.0,1.1333565711975098,12.213722229003906
1640131200.0,1.0794093608856201,12.066749572753906
1640152800.0,1.035848617553711,11.883155822753906
1640174400.0,1.0491294860839844,11.558937072753906
1640196000.0,1.079118013381958,11.318702697753906
1640217600.0,1.0711486339569092,11.171241760253906
1640239200.0,1.1155447959899902,17.208839416503906
1640260800.0,1.3521406650543213,16.350440979003906
1640282400.0,1.30897855758667,15.926612854003906
1640304000.0,1.289327621459961,15.085304260253906
1640325600.0,1.2597072124481201,14.615089416503906
1640347200.0,1.212604284286499,14.181739807128906
1640368800.0,1.222322702407837,13.525733947753906
1640390400.0,1.1546432971954346,13.262062072753906
1640412000.0,1.0941822528839111,12.989601135253906
1640433600.0,1.0511245727539062,12.408546447753906
1640455200.0,0.9882203340530396,12.151710510253906
1640476800.0,0.9333289861679077,11.973976135253906
1640498400.0,0.8815152049064636,11.715187072753906
1640520000.0,0.829152524471283,11.289405822753906
1640541600.0,0.7855925559997559,11.112648010253906
1640563200.0,0.7590920925140381,10.989601135253906
1640584800.0,0.7504295110702515,10.867042541503906
1640606400.0,0.7426261901855469,10.738624572753906
1640628000.0,0.7529929280281067,10.675636291503906
1640649600.0,0.766380786895752,10.769874572753906
1640671200.0,0.798500120639801,10.855812072753906
1640692800.0,0.8371536135673523,10.874366760253906
1640714400.0,0.8786407113075256,10.874855041503906
1640736000.0,0.9111402034759521,10.851905822753906
1640757600.0,0.9326052069664001,10.776222229003906
1640779200.0,0.9197638630867004,10.589210510253906
1640800800.0,0.9012601375579834,10.422218322753906
1640822400.0,0.8829070925712585,10.312355041503906
1640844000.0,0.8639549016952515,14.367042541503906
1640865600.0,0.8525393009185791,13.820899963378906
1640887200.0,0.8373953104019165,13.507911682128906
1640908800.0,0.8271401524543762,13.308204650878906
1640930400.0,0.8415073156356812,13.099708557128906
1640952000.0,1.0841546058654785,12.732032775878906
1640973600.0,0.9931823015213013,12.384132385253906
1640995200.0,0.898074746131897,12.192726135253906
1641016800.0,0.8695605993270874,12.049659729003906
1641038400.0,1.0155035257339478,11.902687072753906
1641060000.0,0.9385730624198914,11.665870666503906
1641081600.0,0.9043685793876648,11.300880432128906
1641103200.0,0.9095125198364258,11.094825744628906
1641124800.0,0.96098393201828,10.946632385253906
1641146400.0,0.9202191829681396,10.799415588378906
1641168000.0,0.8009531497955322,10.622413635253906
1641189600.0,0.7542251348495483,10.316505432128906
1641211200.0,0.7742584347724915,10.041114807128906
1641232800.0,0.7573718428611755,9.347023010253906
1641254400.0,0.7349706292152405,9.261573791503906
1641276000.0,0.7394253611564636,9.285499572753906
1641297600.0,0.754033088684082,9.304542541503906
1641319200.0,0.778133749961853,9.396827697753906
1641340800.0,0.7997591495513916,12.071632385253906
1641362400.0,0.8239569067955017,12.064796447753906
1641384000.0,0.8407774567604065,11.984718322753906
1641405600.0,0.861992597579956,11.865089416503906
1641427200.0,0.8733080625534058,11.748878479003906
1641448800.0,0.8918883800506592,11.544776916503906
1641470400.0,0.9119914770126343,11.367530822753906
1641492000.0,0.9428504109382629,11.286964416503906
1641513600.0,1.0122909545898438,11.362159729003906
1641535200.0,0.9844083189964294,12.913429260253906
1641556800.0,0.9826890230178833,12.347023010253906
1641578400.0,0.9306582808494568,12.156105041503906
1641600000.0,0.893696129322052,12.049659729003906
1641621600.0,0.864713728427887,11.949073791503906
1641643200.0,0.8448187112808228,11.776710510253906
1641664800.0,0.8240346312522888,13.098976135253906
1641686400.0,0.8233704566955566,13.229347229003906
1641708000.0,0.8431180119514465,13.118995666503906
1641729600.0,0.9136177897453308,12.683937072753906
1641751200.0,0.9579129815101624,12.320655822753906
1641772800.0,1.0243256092071533,12.105812072753906
1641794400.0,1.0013024806976318,11.844581604003906
1641816000.0,1.033792495727539,11.450050354003906
1641837600.0,1.0470023155212402,11.242042541503906
1641859200.0,1.092674732208252,11.121437072753906
1641880800.0,1.1527440547943115,11.021339416503906
1641902400.0,1.2676024436950684,10.908546447753906
1641924000.0,1.1329386234283447,10.692237854003906
1641945600.0,1.0731887817382812,10.347999572753906
1641967200.0,1.0322831869125366,10.200538635253906
1641988800.0,1.0161112546920776,13.064308166503906
1642010400.0,0.9874172806739807,12.700050354003906
1642032000.0,0.9464142918586731,12.307960510253906
1642053600.0,0.9126455187797546,12.137062072753906
1642075200.0,0.8793242573738098,12.016456604003906
1642096800.0,0.8468561172485352,11.916847229003906
1642118400.0,0.8160228133201599,11.812843322753906
1642140000.0,0.7968612313270569,11.658546447753906
1642161600.0,0.7914251089096069,11.379737854003906
1642183200.0,0.7735911011695862,13.021339416503906
1642204800.0,0.7523505091667175,13.101905822753906
1642226400.0,0.7479609251022339,12.989356994628906
1642248000.0,0.7526185512542725,12.650733947753906
1642269600.0,0.7722550630569458,12.452980041503906
1642291200.0,0.8005624413490295,12.326026916503906
1642312800.0,0.8455909490585327,12.202491760253906
1642334400.0,0.8785169124603271,12.055030822753906
1642356000.0,0.9215593338012695,11.847999572753906
1642377600.0,0.9629799127578735,11.580421447753906
1642399200.0,0.9965916275978088,11.469093322753906
1642420800.0,1.0771872997283936,11.431495666503906
1642442400.0,1.082208275794983,11.385597229003906
1642464000.0,1.0526161193847656,11.309669494628906
1642485600.0,1.0366281270980835,11.227394104003906
1642507200.0,1.0357842445373535,11.160987854003906
1642528800.0,1.0351159572601318,11.123878479003906
1642550400.0,1.068558692932129,11.164649963378906
1642572000.0,1.1083953380584717,12.954200744628906
1642593600.0,1.346346378326416,12.586769104003906
1642615200.0,1.394934892654419,12.195655822753906
1642636800.0,1.6503206491470337,6.235694885253906
1642658400.0,1.4539799690246582,11.795753479003906
1642680000.0,1.4780712127685547,11.530616760253906
1642701600.0,1.3903528451919556,11.309913635253906
1642723200.0,1.3774704933166504,11.244483947753906
1642744800.0,1.2817902565002441,16.279640197753906
1642766400.0,1.23484468460083,15.676124572753906
1642788000.0,1.2030335664749146,14.924659729003906
1642809600.0,1.2364897727966309,14.639503479003906
1642831200.0,1.2113685607910156,14.367042541503906
1642852800.0,1.222795844078064,13.870460510253906
1642874400.0,1.2487328052520752,13.556495666503906
1642896000.0,1.2762755155563354,13.354835510253906
1642917600.0,1.2814416885375977,13.179542541503906
1642939200.0,1.2357919216156006,12.568214416503906
1642960800.0,1.2567174434661865,12.434425354003906
1642982400.0,1.2954181432724,12.386573791503906
1643004000.0,1.3017507791519165,12.361183166503906
1643025600.0,1.3640553951263428,12.282569885253906
1643047200.0,1.368262767791748,12.159034729003906
1643068800.0,1.4464092254638672,12.067726135253906
1643090400.0,1.3498613834381104,15.599464416503906
1643112000.0,1.50186288356781,14.834815979003906
1643133600.0,1.4759838581085205,14.471534729003906
1643155200.0,1.4357640743255615,13.950050354003906
1643176800.0,1.4536309242248535,13.528175354003906
1643198400.0,1.4016484022140503,12.961769104003906
1643220000.0,1.4472665786743164,13.024757385253906
1643241600.0,1.455615520477295,12.887062072753906
1643263200.0,1.4384188652038574,12.121437072753906
1643284800.0,1.4035425186157227,11.723976135253906
1643306400.0,1.3584003448486328,11.007667541503906
1643328000.0,1.3220758438110352,15.697608947753906
1643349600.0,1.291725516319275,15.032081604003906
1643371200.0,1.2657232284545898,14.891944885253906
1643392800.0,1.2576360702514648,14.957374572753906
1643414400.0,1.2658474445343018,15.550636291503906
1643436000.0,1.2778754234313965,15.713722229003906
1643457600.0,1.3011434078216553,15.221534729003906
1643479200.0,1.335320234298706,14.768409729003906
1643500800.0,1.3612537384033203,14.524269104003906
1643522400.0,1.3882114887237549,14.347999572753906
1643544000.0,1.4167702198028564,14.283058166503906
1643565600.0,1.454413890838623,14.710304260253906
1643587200.0,1.4850478172302246,14.854347229003906
1643608800.0,1.4925038814544678,14.677101135253906
1643630400.0,1.4586985111236572,14.453956604003906
1643652000.0,1.4106076955795288,14.143898010253906
1643673600.0,1.3547804355621338,13.709327697753906
1643695200.0,1.302522897720337,13.471534729003906
1643716800.0,1.3085191249847412,13.357276916503906
1643738400.0,1.3098781108856201,13.247901916503906
1643760000.0,1.3246523141860962,13.136573791503906
1643781600.0,1.3524303436279297,13.313331604003906
1643803200.0,1.3610119819641113,13.537940979003906
1643824800.0,1.3913320302963257,13.846046447753906
1643846400.0,1.701490044593811,14.975929260253906
1643868000.0,1.657264232635498,14.598976135253906
1643889600.0,1.6015836000442505,14.229835510253906
1643911200.0,1.5115283727645874,13.639991760253906
1643932800.0,1.40785813331604,13.271827697753906
1643954400.0,1.3000397682189941,12.897315979003906
1643976000.0,1.2526051998138428,12.256202697753906
1643997600.0,1.2040915489196777,11.922706604003906
1644019200.0,1.1692161560058594,11.472023010253906
1644040800.0,1.128495454788208,11.235694885253906
1644062400.0,1.2988829612731934,14.468605041503906
1644084000.0,1.7823505401611328,6.374366760253906
1644105600.0,2.090207576751709,7.547950744628906
1644127200.0,2.0749330520629883,8.420021057128906
1644148800.0,2.005955219268799,8.693946838378906
1644170400.0,1.8793892860412598,8.445411682128906
1644192000.0,1.7820336818695068,8.093849182128906
1644213600.0,1.7309389114379883,7.799659729003906
1644235200.0,1.8534008264541626,7.501319885253906
1644256800.0,1.630415439605713,7.827980041503906
1644278400.0,1.4945788383483887,8.066261291503906
1644300000.0,1.4186670780181885,8.087745666503906
1644321600.0,1.456337809562683,8.222999572753906
1644343200.0,1.413933277130127,8.306495666503906
1644364800.0,1.5439071655273438,8.239112854003906
1644386400.0,1.659719705581665,13.275245666503906
1644408000.0,1.9872703552246094,7.420753479003906
1644429600.0,1.8314286470413208,12.582862854003906
1644451200.0,2.0171828269958496,12.105812072753906
1644472800.0,1.6128193140029907,11.806495666503906
1644494400.0,1.429224967956543,11.416358947753906
1644516000.0,1.356459379196167,11.214210510253906
1644537600.0,1.3650729656219482,11.047706604003906
1644559200.0,1.3781565427780151,8.520851135253906
1644580800.0,1.6780086755752563,9.250831604003906
1644602400.0,1.6788785457611084,9.384620666503906
1644624000.0,1.5298830270767212,8.978858947753906
1644645600.0,1.4570362567901611,15.083351135253906
1644667200.0,1.471064805984497,14.769874572753906
1644688800.0,1.4787216186523438,14.502784729003906
1644710400.0,1.4757765531539917,14.218605041503906
1644732000.0,1.42366623878479,13.771339416503906
1644753600.0,1.3988978862762451,13.523780822753906
1644775200.0,1.3707116842269897,13.348487854003906
1644796800.0,1.4567477703094482,13.209327697753906
1644818400.0,1.4110774993896484,13.075050354003906
1644840000.0,1.5279995203018188,13.617042541503906
1644861600.0,1.5460851192474365,13.464210510253906
1644883200.0,1.577224850654602,13.313331604003906
1644904800.0,1.6019906997680664,13.623390197753906
1644926400.0,1.6127357482910156,13.376808166503906
1644948000.0,1.6883670091629028,12.218605041503906
1644969600.0,1.6229175329208374,11.249855041503906
1644991200.0,1.4855353832244873,10.558937072753906
1645012800.0,1.3667864799499512,10.224952697753906
1645034400.0,1.2639585733413696,9.794776916503906
1645056000.0,1.170474648475647,9.467140197753906
1645077600.0,1.1073284149169922,9.567237854003906
1645099200.0,1.2031641006469727,10.123390197753906
1645120800.0,1.2208106517791748,10.453468322753906
1645142400.0,1.238617181777954,10.550148010253906
1645164000.0,1.2260327339172363,10.472511291503906
1645185600.0,1.227892518043518,10.371925354003906
1645207200.0,1.2272902727127075,10.207374572753906
1645228800.0,1.2400310039520264,10.069190979003906
1645250400.0,1.2185581922531128,15.680030822753906
1645272000.0,1.220058798789978,15.190284729003906
1645293600.0,1.2074611186981201,14.811378479003906
1645315200.0,1.1958532333374023,14.512550354003906
1645336800.0,1.1732394695281982,14.161476135253906
1645358400.0,1.1733155250549316,13.812355041503906
1645380000.0,1.1514976024627686,13.633155822753906
1645401600.0,1.1272176504135132,13.522804260253906
1645423200.0,1.1027662754058838,13.416358947753906
1645444800.0,1.147265911102295,13.571632385253906
1645466400.0,1.1143689155578613,13.432472229003906
1645488000.0,1.004465937614441,12.855812072753906
1645509600.0,0.9533864855766296,12.273780822753906
1645531200.0,0.9317334890365601,11.991554260253906
1645552800.0,0.9386947751045227,11.895851135253906
1645574400.0,0.9537454843521118,11.873390197753906
1645596000.0,0.9688717126846313,11.794288635253906
1645617600.0,1.0728564262390137,11.595558166503906
1645639200.0,1.138437271118164,11.378761291503906
1645660800.0,1.0945147275924683,11.233741760253906
1645682400.0,1.0019056797027588,11.125831604003906
1645704000.0,1.0901246070861816,11.192726135253906
1645725600.0,1.1372840404510498,11.138526916503906
1645747200.0,1.1940995454788208,11.293312072753906
1645768800.0,1.1596746444702148,11.326026916503906
1645790400.0,1.1657283306121826,11.384620666503906
1645812000.0,1.2235639095306396,11.315284729003906
1645833600.0,1.270430564880371,11.179054260253906
1645855200.0,1.3363614082336426,11.069679260253906
1645876800.0,1.3758211135864258,6.864601135253906
1645898400.0,1.3268178701400757,10.903663635253906
1645920000.0,1.3008511066436768,10.827003479003906
1645941600.0,1.2505109310150146,13.609718322753906
1645963200.0,1.3130943775177002,13.482765197753906
1645984800.0,1.3661831617355347,13.168312072753906
1646006400.0,1.4460986852645874,12.325538635253906
1646028000.0,1.4224750995635986,11.631202697753906
1646049600.0,1.4518496990203857,11.179054260253906
1646071200.0,1.434906244277954,10.729347229003906
1646092800.0,1.4106523990631104,10.368995666503906
1646114400.0,1.3507745265960693,10.220558166503906
1646136000.0,1.3886358737945557,10.240577697753906
1646157600.0,1.3494148254394531,10.235694885253906
1646179200.0,1.3721178770065308,10.104347229003906
1646200800.0,1.3637949228286743,9.941749572753906
1646222400.0,1.576897144317627,17.726905822753906
1646244000.0,1.529060959815979,17.160987854003906
1646265600.0,1.4982513189315796,16.382179260253906
1646287200.0,1.4775326251983643,15.837257385253906
1646308800.0,1.472961664199829,14.972023010253906
1646330400.0,1.5019919872283936,14.539405822753906
1646352000.0,1.6612861156463623,14.366554260253906
1646373600.0,1.6171281337738037,13.866554260253906
1646395200.0,1.5362565517425537,13.423683166503906
1646416800.0,1.4747099876403809,13.103858947753906
1646438400.0,1.5600218772888184,12.878273010253906
1646460000.0,1.5202946662902832,12.554054260253906
1646481600.0,1.5500924587249756,12.517921447753906
1646503200.0,1.459496259689331,12.590675354003906
1646524800.0,1.4813647270202637,12.705909729003906
1646546400.0,1.4633220434188843,12.665870666503906
1646568000.0,1.5564606189727783,12.489601135253906
1646589600.0,1.5273005962371826,12.402198791503906
1646611200.0,1.4761073589324951,12.497901916503906
1646632800.0,1.441193699836731,15.154151916503906
1646654400.0,1.3871054649353027,14.749855041503906
1646676000.0,1.2993618249893188,14.468116760253906
1646697600.0,1.277518391609192,14.057472229003906
1646719200.0,1.2112417221069336,13.606788635253906
1646740800.0,1.2777295112609863,13.446144104003906
1646762400.0,1.2413971424102783,13.342384338378906
1646784000.0,1.1551330089569092,13.268409729003906
1646805600.0,1.0923442840576172,13.125343322753906
1646827200.0,1.080531120300293,13.054542541503906
1646848800.0,1.0640461444854736,12.968849182128906
1646870400.0,1.0379595756530762,12.778175354003906
1646892000.0,1.0226012468338013,12.907814025878906
1646913600.0,0.9876012802124023,12.925392150878906
1646935200.0,0.9861008524894714,13.036720275878906
1646956800.0,0.9975230693817139,13.055763244628906
1646978400.0,1.014824390411377,12.898292541503906
1647000000.0,1.2129223346710205,12.495460510253906
1647021600.0,1.1740156412124634,12.236671447753906
1647043200.0,1.1445938348770142,12.043312072753906
1647064800.0,1.1688530445098877,11.848487854003906
1647086400.0,1.2541370391845703,11.593116760253906
1647108000.0,1.1960365772247314,11.380226135253906
1647129600.0,1.1319459676742554,11.244483947753906
1647151200.0,1.0729615688323975,11.123390197753906
1647172800.0,1.0792856216430664,11.068214416503906
1647194400.0,1.047238826751709,11.114601135253906
1647216000.0,0.9904179573059082,11.091651916503906
1647237600.0,0.9337095022201538,10.953468322753906
1647259200.0,0.8992996215820312,10.707862854003906
1647280800.0,0.9011750817298889,10.421730041503906
1647302400.0,0.9365596771240234,14.420753479003906
1647324000.0,0.9086748957633972,13.856788635253906
1647345600.0,0.9256270527839661,13.435401916503906
1647367200.0,0.9187791347503662,13.310401916503906
1647388800.0,0.9332224726676941,13.293800354003906
1647410400.0,0.9496785402297974,13.342628479003906
1647432000.0,0.9539145827293396,13.366554260253906
1647453600.0,0.9438363313674927,13.295265197753906
1647475200.0,0.9184500575065613,13.094093322753906
1647496800.0,0.8847201466560364,13.032081604003906
1647518400.0,0.8571040630340576,12.985206604003906
1647540000.0,0.8495419025421143,12.831886291503906
1647561600.0,0.9177238941192627,12.060401916503906
1647583200.0,0.9604403376579285,11.232765197753906
1647604800.0,1.2201544046401978,11.312355041503906
1647626400.0,1.2475385665893555,10.721046447753906
1647648000.0,1.3197369575500488,7.191749572753906
1647669600.0,1.2166969776153564,7.962745666503906
1647691200.0,1.3182621002197266,13.546241760253906
1647712800.0,1.3540477752685547,13.440284729003906
1647734400.0,1.2860560417175293,13.241554260253906
1647756000.0,1.5763723850250244,13.474952697753906
1647777600.0,1.6995627880096436,13.279640197753906
1647799200.0,1.7566015720367432,12.989112854003906
1647820800.0,1.621267318725586,12.586280822753906
1647842400.0,1.5363895893096924,12.483253479003906
1647864000.0,1.7351164817810059,13.013038635253906
1647885600.0,1.7341537475585938,13.153663635253906
1647907200.0,1.7154359817504883,13.196144104003906
1647928800.0,1.5897929668426514,12.986183166503906
1647950400.0,1.5905287265777588,12.357276916503906
1647972000.0,1.4653265476226807,11.955909729003906
1647993600.0,1.503739595413208,11.635597229003906
1648015200.0,1.6073050498962402,11.421730041503906
1648036800.0,1.7913331985473633,11.670265197753906
1648058400.0,1.6317217350006104,11.636573791503906
1648080000.0,1.521268606185913,11.560401916503906
1648101600.0,1.441023588180542,13.245948791503906
1648123200.0,1.390013337135315,13.235694885253906
1648144800.0,1.3390576839447021,13.107276916503906
1648166400.0,1.2902672290802002,12.875831604003906
1648188000.0,1.2410027980804443,12.359230041503906
1648209600.0,1.240717887878418,12.222023010253906
1648231200.0,1.2205264568328857,12.076515197753906
1648252800.0,1.2228636741638184,11.948097229003906
1648274400.0,1.1847472190856934,11.599952697753906
1648296000.0,1.1466922760009766,11.285499572753906
1648317600.0,1.17012619972229,15.071632385253906
1648339200.0,1.2997239828109741,15.130714416503906
1648360800.0,1.300661325454712,14.968605041503906
1648382400.0,1.3349347114562988,14.766456604003906
1648404000.0,1.3091367483139038,14.569679260253906
1648425600.0,1.2691121101379395,14.460304260253906
1648447200.0,1.2305879592895508,14.324562072753906
1648468800.0,1.3063287734985352,13.878761291503906
1648490400.0,1.4007208347320557,13.751075744628906
1648512000.0,1.4030263423919678,13.495216369628906
1648533600.0,1.325072169303894,13.302589416503906
1648555200.0,1.3678760528564453,13.150489807128906
1648576800.0,1.3942570686340332,13.010108947753906
1648598400.0,1.3950004577636719,12.893898010253906
1648620000.0,1.3682262897491455,12.834327697753906
1648641600.0,1.4108412265777588,12.897804260253906
1648663200.0,1.4593453407287598,12.863136291503906
1648684800.0,1.4572949409484863,12.650245666503906
1648706400.0,1.404280662536621,12.440040588378906
1648728000.0,1.7187049388885498,12.891944885253906
1648749600.0,1.440467119216919,12.339942932128906
1648771200.0,1.2906466722488403,12.072120666503906
1648792800.0,1.1890984773635864,11.913429260253906
1648814400.0,1.1542742252349854,11.681983947753906
1648836000.0,1.1740045547485352,13.605323791503906
1648857600.0,1.1759703159332275,13.275733947753906
1648879200.0,1.1370646953582764,13.021339416503906
1648900800.0,1.1872150897979736,12.418800354003906
1648922400.0,1.0877954959869385,12.134132385253906
1648944000.0,1.1090359687805176,11.949562072753906
1648965600.0,1.179076075553894,11.743019104003906
1648987200.0,1.167290449142456,11.380226135253906
1649008800.0,1.1370840072631836,11.286476135253906
1649030400.0,1.090489387512207,16.050880432128906
1649052000.0,1.137822151184082,15.802101135253906
1649073600.0,1.314570426940918,15.525245666503906
1649095200.0,1.357458472251892,14.959327697753906
1649116800.0,1.3543007373809814,14.601905822753906
1649138400.0,1.3807379007339478,14.392921447753906
1649160000.0,1.3310835361480713,13.782081604003906
1649181600.0,1.2705738544464111,13.475929260253906
1649203200.0,1.2433910369873047,13.313819885253906
1649224800.0,1.2461304664611816,13.140480041503906
1649246400.0,1.2205015420913696,12.436378479003906
1649268000.0,1.2104240655899048,12.169776916503906
1649289600.0,1.23587965965271,12.090187072753906
1649311200.0,1.2305552959442139,11.981300354003906
1649332800.0,1.3730816841125488,16.814308166503906
1649354400.0,1.3054701089859009,16.389503479003906
1649376000.0,1.4065916538238525,16.484230041503906
1649397600.0,1.3149280548095703,15.985694885253906
1649419200.0,1.2874144315719604,15.149269104003906
1649440800.0,1.2166407108306885,14.781105041503906
1649462400.0,1.1557319164276123,14.554054260253906
1649484000.0,1.1343107223510742,14.271339416503906
1649505600.0,1.1316332817077637,13.636085510253906
1649527200.0,1.120577096939087,13.357765197753906
1649548800.0,1.1191737651824951,13.125343322753906
1649570400.0,1.1329339742660522,12.911476135253906
1649592000.0,1.2249387502670288,12.769386291503906
1649613600.0,1.2768160104751587,12.635108947753906
1649635200.0,1.3097929954528809,17.322608947753906
1649656800.0,1.3784265518188477,16.447120666503906
1649678400.0,1.4721723794937134,15.993507385253906
1649700000.0,1.493251085281372,15.278663635253906
1649721600.0,1.4665770530700684,14.469581604003906
1649743200.0,1.4049358367919922,14.272804260253906
1649764800.0,1.3555879592895508,12.951515197753906
1649786400.0,1.2751624584197998,13.075538635253906
1649808000.0,1.1979812383651733,13.091651916503906
1649829600.0,1.1444900035858154,13.071144104003906
1649851200.0,1.2038543224334717,13.159034729003906
1649872800.0,1.170941948890686,12.963722229003906
1649894400.0,1.1619067192077637,12.477882385253906
1649916000.0,1.1065192222595215,12.077003479003906
1649937600.0,1.0402064323425293,11.767433166503906
1649959200.0,0.9881781935691833,11.380958557128906
1649980800.0,0.9444679617881775,11.132423400878906
1650002400.0,0.9294439554214478,10.951271057128906
1650024000.0,0.9172824025154114,14.351905822753906
1650045600.0,0.9077139496803284,14.174659729003906
1650067200.0,0.9156384468078613,13.978858947753906
1650088800.0,0.9526883363723755,13.901710510253906
1650110400.0,0.8418595194816589,12.947120666503906
1650132000.0,0.9881003499031067,13.647804260253906
1650153600.0,1.0439155101776123,13.732765197753906
1650175200.0,1.0710229873657227,13.708839416503906
1650196800.0,1.09043288230896,13.659523010253906
1650218400.0,1.125671625137329,13.633644104003906
1650240000.0,1.1816608905792236,13.934913635253906
1650261600.0,1.233910083770752,14.408546447753906
1650283200.0,1.2697577476501465,14.436866760253906
1650304800.0,1.2785911560058594,14.283058166503906
1650326400.0,1.28180992603302,13.985694885253906
1650348000.0,1.2930514812469482,13.853370666503906
1650369600.0,1.4730470180511475,14.410987854003906
1650391200.0,1.4367027282714844,14.556983947753906
1650412800.0,1.4193096160888672,14.379737854003906
1650434400.0,1.4325401782989502,14.270362854003906
1650456000.0,1.644797682762146,13.936378479003906
1650477600.0,1.695458173751831,13.554542541503906
1650499200.0,1.6159144639968872,13.358741760253906
1650520800.0,1.4460816383361816,13.239112854003906
1650542400.0,1.3352688550949097,13.063331604003906
1650564000.0,1.2263927459716797,12.838233947753906
1650585600.0,1.1584547758102417,12.678077697753906
1650607200.0,1.1209547519683838,12.597023010253906
1650628800.0,1.0674210786819458,12.744972229003906
1650650400.0,1.031103253364563,12.873390197753906
1650672000.0,1.0343353748321533,13.390480041503906
1650693600.0,1.0056188106536865,15.951026916503906
1650715200.0,0.9169135093688965,15.577491760253906
1650736800.0,0.8799099326133728,14.895362854003906
1650758400.0,0.966402530670166,15.567726135253906
1650780000.0,0.9347425699234009,14.820167541503906
1650801600.0,0.8791034817695618,14.051124572753906
1650823200.0,0.8466484546661377,13.487159729003906
1650844800.0,0.8237535953521729,13.170265197753906
1650866400.0,0.8248405456542969,12.794288635253906
1650888000.0,0.948826789855957,12.670753479003906
1650909600.0,1.0570971965789795,15.920753479003906
1650931200.0,1.2314164638519287,15.702980041503906
1650952800.0,1.3855347633361816,15.237159729003906
1650974400.0,1.4744517803192139,14.736671447753906
1650996000.0,1.5791594982147217,14.318702697753906
1651017600.0,1.5710477828979492,13.903663635253906
1651039200.0,1.5208255052566528,13.767433166503906
1651060800.0,1.4626249074935913,13.623390197753906
1651082400.0,1.511998176574707,13.458839416503906
1651104000.0,1.4879281520843506,13.137062072753906
1651125600.0,1.6172857284545898,12.242042541503906
1651147200.0,1.8129278421401978,11.555030822753906
1651168800.0,1.838129997253418,11.508644104003906
1651190400.0,1.8621406555175781,12.076026916503906
1651212000.0,1.8268500566482544,12.396339416503906
1651233600.0,1.9891140460968018,12.982276916503906
1651255200.0,1.8802229166030884,12.921241760253906
1651276800.0,1.8079750537872314,12.568214416503906
1651298400.0,1.648075819015503,12.172218322753906
1651320000.0,1.543912410736084,11.876808166503906
1651341600.0,1.4755637645721436,11.332374572753906
1651363200.0,1.4379594326019287,11.030128479003906
1651384800.0,1.4414918422698975,11.010597229003906
1651406400.0,1.4237244129180908,14.569679260253906
1651428000.0,1.4026281833648682,14.389015197753906
1651449600.0,1.3653141260147095,13.978858947753906
1651471200.0,1.3229084014892578,13.551612854003906
1651492800.0,1.2889044284820557,13.318702697753906
1651514400.0,1.1965713500976562,13.007667541503906
1651536000.0,1.1716043949127197,12.944190979003906
1651557600.0,1.1218271255493164,12.691261291503906
1651579200.0,1.0634139776229858,12.478370666503906
1651600800.0,1.0289390087127686,12.389015197753906
1651622400.0,1.0595567226409912,20.126808166503906
1651644000.0,1.1252224445343018,19.541358947753906
1651665600.0,1.2020149230957031,18.591163635253906
1651687200.0,1.303666591644287,17.839210510253906
1651708800.0,1.4040236473083496,17.274269104003906
1651730400.0,1.4866619110107422,16.407081604003906
1651752000.0,1.5161510705947876,15.949562072753906
1651773600.0,1.5382497310638428,15.295753479003906
1651795200.0,1.5024073123931885,14.797218322753906
1651816800.0,1.4195160865783691,14.414894104003906
1651838400.0,1.335611343383789,13.821632385253906
1651860000.0,1.2568864822387695,13.425636291503906
1651881600.0,1.2341437339782715,13.258155822753906
1651903200.0,1.218693494796753,12.935890197753906
1651924800.0,1.2060279846191406,12.313819885253906
1651946400.0,1.2740892171859741,12.021339416503906
1651968000.0,1.2586619853973389,11.739601135253906
1651989600.0,1.1656891107559204,15.535987854003906
1652011200.0,1.27157461643219,15.909523010253906
1652032800.0,1.3154106140136719,15.864112854003906
1652054400.0,1.310713529586792,15.332862854003906
1652076000.0,1.3061368465423584,14.866065979003906
1652097600.0,1.3071043491363525,14.616065979003906
1652119200.0,1.3374919891357422,14.307472229003906
1652140800.0,1.2417606115341187,13.585304260253906
1652162400.0,1.21384859085083,13.278663635253906
1652184000.0,1.2098159790039062,13.037452697753906
1652205600.0,1.2485864162445068,15.823585510253906
1652227200.0,1.3048018217086792,15.647804260253906
1652248800.0,1.3558473587036133,15.059181213378906
1652270400.0,1.3735299110412598,14.675636291503906
1652292000.0,1.4824929237365723,14.481788635253906
1652313600.0,1.5460283756256104,14.342628479003906
1652335200.0,1.5748367309570312,14.261085510253906
1652356800.0,1.678755283355713,14.232276916503906
1652378400.0,1.857537031173706,14.435401916503906
1652400000.0,1.7887630462646484,14.581398010253906
1652421600.0,1.7290252447128296,14.374855041503906
1652443200.0,1.672262191772461,13.745460510253906
1652464800.0,1.6228415966033936,13.314308166503906
1652486400.0,1.6512435674667358,13.061866760253906
1652508000.0,1.75796639919281,12.952980041503906
1652529600.0,1.8696030378341675,12.911964416503906
1652551200.0,1.9209272861480713,12.889991760253906
1652572800.0,1.901770830154419,12.820655822753906
1652594400.0,1.8231043815612793,12.767433166503906
1652616000.0,1.8164491653442383,13.088722229003906
1652637600.0,1.7206971645355225,13.100440979003906
1652659200.0,1.6513440608978271,13.044288635253906
1652680800.0,1.5167332887649536,12.658058166503906
1652702400.0,1.4064379930496216,12.288429260253906
1652724000.0,1.2940587997436523,12.043312072753906
1652745600.0,1.2182457447052002,11.818702697753906
1652767200.0,1.1755162477493286,14.697608947753906
1652788800.0,1.1508967876434326,14.563331604003906
1652810400.0,1.1449495553970337,14.236671447753906
1652832000.0,1.1415441036224365,13.659523010253906
1652853600.0,1.1504981517791748,13.429054260253906
1652875200.0,1.1286895275115967,13.373390197753906
1652896800.0,1.1749954223632812,14.038917541503906
1652918400.0,1.2549328804016113,13.875831604003906
1652940000.0,1.2844784259796143,13.527687072753906
1652961600.0,1.2979310750961304,13.320655822753906
1652983200.0,1.3049440383911133,13.096534729003906
1653004800.0,1.319152593612671,12.873390197753906
1653026400.0,1.3152763843536377,12.605323791503906
1653048000.0,1.2855473756790161,12.356300354003906
1653069600.0,1.2527252435684204,12.164405822753906
1653091200.0,1.2103793621063232,11.975440979003906
1653112800.0,1.174915075302124,11.766944885253906
1653134400.0,1.1907066106796265,16.576271057128906
1653156000.0,1.229925513267517,16.185890197753906
1653177600.0,1.2676575183868408,15.600929260253906
1653199200.0,1.2803658246994019,14.997901916503906
1653220800.0,1.300943374633789,14.781593322753906
1653242400.0,1.3335959911346436,14.556495666503906
1653264000.0,1.4746328592300415,14.665870666503906
1653285600.0,1.4572296142578125,14.185401916503906
1653307200.0,1.5669167041778564,13.959327697753906
1653328800.0,1.8096263408660889,17.228858947753906
1653350400.0,2.0983598232269287,16.330909729003906
1653372000.0,2.2334489822387695,15.989601135253906
1653393600.0,2.366905689239502,15.929054260253906
1653415200.0,2.3117873668670654,15.712745666503906
1653436800.0,2.1778476238250732,15.047218322753906
1653458400.0,1.9985260963439941,14.598976135253906
1653480000.0,1.8517169952392578,14.221534729003906
1653501600.0,1.9079337120056152,13.670265197753906
1653523200.0,1.7287843227386475,13.451026916503906
1653544800.0,1.5619006156921387,13.224464416503906
1653566400.0,1.4994832277297974,13.109718322753906
1653588000.0,1.4431860446929932,12.918312072753906
1653609600.0,1.3855054378509521,12.582862854003906
1653631200.0,1.3490864038467407,12.350929260253906
1653652800.0,1.3290982246398926,12.140480041503906
1653674400.0,1.3260552883148193,15.172218322753906
1653696000.0,1.3659390211105347,14.904640197753906
1653717600.0,1.437027931213379,14.734718322753906
1653739200.0,1.588799238204956,14.433448791503906
1653760800.0,1.598764181137085,14.039405822753906
1653782400.0,1.6230354309082031,13.924659729003906
1653804000.0,1.5354952812194824,13.712745666503906
1653825600.0,1.553810954093933,13.413917541503906
1653847200.0,1.5967133045196533,13.175636291503906
1653868800.0,1.6167840957641602,12.955421447753906
1653890400.0,1.5259480476379395,12.561866760253906
1653912000.0,1.4707157611846924,12.326515197753906
1653933600.0,1.4242602586746216,12.149757385253906
1653955200.0,1.3551592826843262,11.978370666503906
1653976800.0,1.303930640220642,11.815773010253906
1653998400.0,1.493668556213379,12.192726135253906
1654020000.0,1.5290980339050293,12.176612854003906
1654041600.0,1.5751912593841553,12.094093322753906
1654063200.0,1.5675320625305176,11.952980041503906
1654084800.0,1.5851372480392456,12.091163635253906
1654106400.0,1.5278267860412598,14.481300354003906
1654128000.0,1.44549560546875,14.649269104003906
1654149600.0,1.3878772258758545,14.664894104003906
1654171200.0,1.390140414237976,14.672706604003906
1654192800.0,1.34923255443573,14.611183166503906
1654214400.0,1.3436532020568848,14.529151916503906
1654236000.0,1.3194067478179932,14.475929260253906
1654257600.0,1.2425819635391235,14.032569885253906
1654279200.0,1.2299420833587646,13.834815979003906
1654300800.0,1.2850782871246338,14.066261291503906
1654322400.0,1.3141965866088867,13.908058166503906
1654344000.0,1.302257776260376,13.639015197753906
1654365600.0,1.2825376987457275,13.403175354003906
1654387200.0,1.2191270589828491,13.153175354003906
1654408800.0,1.158177137374878,12.923683166503906
1654430400.0,1.1199650764465332,12.608253479003906
1654452000.0,1.1083159446716309,12.378273010253906
1654473600.0,1.1113145351409912,12.219581604003906
1654495200.0,1.1474043130874634,19.062355041503906
1654516800.0,1.0906553268432617,17.464698791503906
1654538400.0,1.1947290897369385,17.304054260253906
1654560000.0,1.2867735624313354,17.137062072753906
1654581600.0,1.3227570056915283,16.722023010253906
1654603200.0,1.3250352144241333,16.370948791503906
1654624800.0,1.3304455280303955,16.273292541503906
1654646400.0,1.3353850841522217,16.517433166503906
1654668000.0,1.4399797916412354,17.065773010253906
1654689600.0,1.5084083080291748,17.346534729003906
1654711200.0,1.5802521705627441,17.275733947753906
1654732800.0,1.6605726480484009,16.793800354003906
1654754400.0,1.730088233947754,16.477882385253906
1654776000.0,1.7633140087127686,16.308448791503906
1654797600.0,1.8066508769989014,16.203956604003906
1654819200.0,1.7773833274841309,15.770362854003906
1654840800.0,1.7567485570907593,15.249855041503906
1654862400.0,1.7346482276916504,14.862159729003906
1654884000.0,1.6984196901321411,14.533546447753906
1654905600.0,1.5806939601898193,13.871437072753906
1654927200.0,1.5190829038619995,13.543312072753906
1654948800.0,1.5345063209533691,13.771339416503906
1654970400.0,1.557464838027954,15.207374572753906
1654992000.0,1.6011073589324951,17.551612854003906
1655013600.0,1.6610382795333862,17.445167541503906
1655035200.0,1.7176622152328491,16.869483947753906
1655056800.0,1.7396605014801025,16.359718322753906
1655078400.0,1.7207984924316406,16.068702697753906
1655100000.0,1.6491930484771729,15.581398010253906
1655121600.0,1.595780372619629,14.919288635253906
1655143200.0,1.545034408569336,14.663917541503906
1655164800.0,1.4729034900665283,14.381690979003906
1655186400.0,1.4797074794769287,14.402198791503906
1655208000.0,1.514156460762024,14.536476135253906
1655229600.0,1.5494470596313477,14.477882385253906
1655251200.0,1.5559051036834717,14.328956604003906
1655272800.0,1.532339096069336,14.017921447753906
1655294400.0,1.5177199840545654,13.769386291503906
1655316000.0,1.4820351600646973,13.575538635253906
1655337600.0,1.4315295219421387,13.423194885253906
1655359200.0,1.38601815700531,13.285987854003906
1655380800.0,1.3911871910095215,13.293800354003906
1655402400.0,1.3916289806365967,13.458351135253906
1655424000.0,1.3677765130996704,13.647315979003906
1655445600.0,1.3799513578414917,13.928077697753906
1655467200.0,1.4161303043365479,14.264503479003906
1655488800.0,1.4000070095062256,14.223976135253906
1655510400.0,1.3655855655670166,13.931007385253906
1655532000.0,1.3274128437042236,13.621925354003906
1655553600.0,1.2782340049743652,13.387062072753906
1655575200.0,1.218228816986084,13.223487854003906
1655596800.0,1.1856377124786377,13.126319885253906
1655618400.0,1.213740348815918,13.166358947753906
1655640000.0,1.260634422302246,13.194679260253906
1655661600.0,1.5032868385314941,13.854347229003906
1655683200.0,1.6280940771102905,13.678565979003906
1655704800.0,1.6963917016983032,13.684425354003906
1655726400.0,1.7347326278686523,13.770362854003906
1655748000.0,1.7242405414581299,13.696632385253906
1655769600.0,1.6649589538574219,13.542823791503906
1655791200.0,1.6031341552734375,13.431007385253906
1655812800.0,1.5392892360687256,13.336769104003906
1655834400.0,1.4736242294311523,13.216163635253906
1655856000.0,1.4067623615264893,13.042823791503906
1655877600.0,1.3556478023529053,12.722999572753906
1655899200.0,1.3107397556304932,12.495460510253906
1655920800.0,1.2302789688110352,12.243995666503906
1655942400.0,1.1331849098205566,12.000343322753906
1655964000.0,1.058240532875061,11.749366760253906
1655985600.0,1.046205997467041,11.361671447753906
1656007200.0,1.1584386825561523,17.660987854003906
1656028800.0,1.4264394044876099,17.514991760253906
1656050400.0,1.6452630758285522,16.653663635253906
1656072000.0,1.7975877523422241,16.078956604003906
1656093600.0,1.83782958984375,15.631202697753906
1656115200.0,1.7689998149871826,15.069679260253906
1656136800.0,1.6882930994033813,14.826515197753906
1656158400.0,1.628227949142456,14.679542541503906
1656180000.0,1.5977987051010132,14.628273010253906
1656201600.0,1.5517628192901611,14.532569885253906
1656223200.0,1.49741792678833,14.327980041503906
1656244800.0,1.4214200973510742,13.931007385253906
1656266400.0,1.3607282638549805,13.668800354003906
1656288000.0,1.456693172454834,14.331398010253906
1656309600.0,1.359035849571228,13.960792541503906
1656331200.0,1.2787840366363525,13.660011291503906
1656352800.0,1.2340025901794434,13.391944885253906
1656374400.0,1.2237714529037476,13.288429260253906
1656396000.0,1.2407515048980713,13.347023010253906
1656417600.0,1.2447905540466309,14.170265197753906
1656439200.0,1.3801820278167725,15.778175354003906
1656460800.0,1.5767297744750977,15.366554260253906
1656482400.0,1.4405726194381714,14.846046447753906
1656504000.0,1.3784469366073608,14.517433166503906
1656525600.0,1.4180158376693726,13.955421447753906
1656547200.0,1.5885286331176758,14.016456604003906
1656568800.0,1.5192710161209106,14.051612854003906
1656590400.0,1.4223434925079346,13.845558166503906
1656612000.0,1.3909876346588135,13.656593322753906
1656633600.0,1.4121549129486084,13.546241760253906
1656655200.0,1.417251706123352,13.507179260253906
1656676800.0,1.4531669616699219,17.394386291503906
1656698400.0,1.563315987586975,16.411964416503906
1656720000.0,1.7113511562347412,16.112648010253906
1656741600.0,1.8784120082855225,20.420753479003906
1656763200.0,2.090590000152588,19.517921447753906
1656784800.0,2.203021287918091,18.475929260253906
1656806400.0,2.184669017791748,17.667335510253906
1656828000.0,2.1203017234802246,17.146827697753906
1656849600.0,2.0094218254089355,16.329444885253906
1656871200.0,1.9180011749267578,16.024757385253906
1656892800.0,1.8593599796295166,15.842140197753906
1656914400.0,1.806296944618225,15.502784729003906
1656936000.0,1.7593669891357422,15.057960510253906
1656957600.0,1.7147271633148193,14.854835510253906
1656979200.0,1.6843894720077515,14.721534729003906
1657000800.0,1.6730902194976807,14.608741760253906
1657022400.0,1.7661619186401367,14.901222229003906
1657044000.0,1.6161868572235107,14.363624572753906
1657065600.0,1.5689442157745361,14.263038635253906
1657087200.0,1.5390090942382812,14.917335510253906
1657108800.0,1.4774632453918457,14.868995666503906
1657130400.0,1.4443106651306152,14.685890197753906
1657152000.0,1.4741606712341309,14.584815979003906
1657173600.0,1.5426679849624634,14.416847229003906
1657195200.0,1.6138848066329956,14.245948791503906
1657216800.0,1.7696974277496338,13.922218322753906
1657238400.0,1.8832290172576904,13.601905822753906
1657260000.0,1.7830532789230347,13.380226135253906
1657281600.0,1.7105488777160645,13.190284729003906
1657303200.0,1.6642817258834839,12.831398010253906
1657324800.0,1.559004306793213,12.366554260253906
1657346400.0,1.468738079071045,12.103858947753906
1657368000.0,1.595146656036377,14.738136291503906
1657389600.0,1.774785041809082,14.823097229003906
1657411200.0,1.6681666374206543,14.556495666503906
1657432800.0,1.5537467002868652,14.165382385253906
1657454400.0,1.5109307765960693,13.743019104003906
1657476000.0,1.4828509092330933,13.447608947753906
1657497600.0,1.3670122623443604,13.257179260253906
1657519200.0,1.2330405712127686,13.327003479003906
1657540800.0,1.2070701122283936,13.994483947753906
1657562400.0,1.3286032676696777,14.255714416503906
1657584000.0,1.5336408615112305,14.353370666503906
1657605600.0,1.7104907035827637,14.586769104003906
1657627200.0,1.84175443649292,15.272315979003906
1657648800.0,1.8940234184265137,15.047706604003906
1657670400.0,1.928001880645752,14.855323791503906
1657692000.0,1.8201091289520264,14.466651916503906
1657713600.0,1.69903564453125,14.003761291503906
1657735200.0,1.5988202095031738,13.597999572753906
1657756800.0,1.5093278884887695,13.383644104003906
1657778400.0,1.4180936813354492,13.153663635253906
1657800000.0,1.3903131484985352,13.038429260253906
1657821600.0,1.3993065357208252,13.184425354003906
1657843200.0,1.4837884902954102,13.708351135253906
1657864800.0,1.579145908355713,17.218605041503906
1657886400.0,1.8616375923156738,16.514503479003906
1657908000.0,1.9046897888183594,16.142921447753906
1657929600.0,1.9329891204833984,15.696144104003906
1657951200.0,1.9511611461639404,15.097023010253906
1657972800.0,1.9287350177764893,14.857276916503906
1657994400.0,1.8854761123657227,14.635108947753906
1658016000.0,1.8248567581176758,14.343605041503906
1658037600.0,1.6921297311782837,13.831886291503906
1658059200.0,1.5581047534942627,13.541358947753906
1658080800.0,1.4592901468276978,13.337745666503906
1658102400.0,1.350111961364746,13.126808166503906
1658124000.0,1.312620759010315,12.911476135253906
1658145600.0,1.2198209762573242,12.985206604003906
1658167200.0,1.2246129512786865,13.442726135253906
1658188800.0,1.193004846572876,13.457862854003906
1658210400.0,1.1820144653320312,13.404151916503906
1658232000.0,1.2043724060058594,13.266456604003906
1658253600.0,1.272071361541748,13.070655822753906
1658275200.0,1.3087897300720215,12.758644104003906
1658296800.0,1.31585693359375,17.796730041503906
1658318400.0,1.3415416479110718,17.386573791503906
1658340000.0,1.4399677515029907,16.680030822753906
1658361600.0,1.5428129434585571,16.297706604003906
1658383200.0,1.6220202445983887,15.962745666503906
1658404800.0,1.6470370292663574,15.436866760253906
1658426400.0,1.77286696434021,15.192237854003906
1658448000.0,1.6434954404830933,15.033546447753906
1658469600.0,1.5475027561187744,14.898780822753906
1658491200.0,1.525170087814331,14.617530822753906
1658512800.0,1.5222182273864746,14.240333557128906
1658534400.0,1.6246867179870605,13.968116760253906
1658556000.0,1.5804685354232788,13.633399963378906
1658577600.0,1.6169209480285645,13.463966369628906
1658599200.0,1.6605935096740723,13.280616760253906
1658620800.0,1.5637166500091553,13.183204650878906
1658642400.0,1.451244831085205,13.191261291503906
1658664000.0,1.5651330947875977,13.457862854003906
1658685600.0,1.6178021430969238,15.002784729003906
1658707200.0,1.5296562910079956,14.659523010253906
1658728800.0,1.4860036373138428,14.545265197753906
1658750400.0,1.4910798072814941,14.449073791503906
1658772000.0,1.590793490409851,14.703956604003906
1658793600.0,1.869516372680664,16.094093322753906
1658815200.0,1.9218403100967407,16.138526916503906
1658836800.0,2.058893918991089,16.027687072753906
1658858400.0,2.0794129371643066,15.647315979003906
1658880000.0,2.0106992721557617,15.080421447753906
1658901600.0,1.8997056484222412,14.795265197753906
1658923200.0,1.7784907817840576,14.575538635253906
1658944800.0,1.6734609603881836,14.329933166503906
1658966400.0,1.6462173461914062,13.887550354003906
1658988000.0,1.6137351989746094,13.698097229003906
1659009600.0,1.6290894746780396,14.017921447753906
1659031200.0,1.7067737579345703,15.775245666503906
1659052800.0,1.7667670249938965,15.461769104003906
1659074400.0,1.7721583843231201,14.771339416503906
1659096000.0,1.7564442157745361,14.497413635253906
1659117600.0,1.7384625673294067,14.360206604003906
1659139200.0,1.6916518211364746,14.160987854003906
1659160800.0,1.5950413942337036,13.765968322753906
1659182400.0,1.47346830368042,13.511085510253906
1659204000.0,1.374928593635559,13.323097229003906
1659225600.0,1.3197108507156372,13.202003479003906
1659247200.0,1.3537530899047852,13.286476135253906
1659268800.0,1.428952932357788,14.183937072753906
1659290400.0,1.6403698921203613,15.590675354003906
1659312000.0,1.6871824264526367,15.023292541503906
1659333600.0,1.6931689977645874,14.629737854003906
1659355200.0,1.6251871585845947,14.265968322753906
1659376800.0,1.6619714498519897,13.896827697753906
1659398400.0,1.637526035308838,13.641944885253906
1659420000.0,1.5226192474365234,13.451026916503906
1659441600.0,1.409128189086914,13.218605041503906
1659463200.0,1.321770191192627,12.882667541503906
1659484800.0,1.326465368270874,12.401710510253906
1659506400.0,1.5113623142242432,16.414405822753906
1659528000.0,1.7748451232910156,15.929054260253906
1659549600.0,1.9445953369140625,15.110206604003906
1659571200.0,2.1430530548095703,14.910987854003906
1659592800.0,2.156590223312378,14.767921447753906
1659614400.0,2.1245388984680176,14.669288635253906
1659636000.0,2.0480527877807617,14.467140197753906
1659657600.0,2.0033955574035645,14.207374572753906
1659679200.0,1.9205448627471924,13.878273010253906
1659700800.0,1.8595706224441528,13.763526916503906
1659722400.0,1.804266333580017,13.688331604003906
1659744000.0,1.7205787897109985,13.578956604003906
1659765600.0,1.637478232383728,13.424171447753906
1659787200.0,1.5786867141723633,13.275245666503906
1659808800.0,1.612512469291687,13.021827697753906
1659830400.0,1.6301331520080566,12.681007385253906
1659852000.0,1.6352839469909668,12.477882385253906
1659873600.0,1.5857582092285156,12.454444885253906
1659895200.0,1.583547592163086,12.571144104003906
1659916800.0,1.5408788919448853,13.220558166503906
1659938400.0,1.6730930805206299,14.416358947753906
1659960000.0,1.6910995244979858,14.606300354003906
1659981600.0,1.7596430778503418,14.571144104003906
1660003200.0,1.7122334241867065,14.427589416503906
1660024800.0,1.5847959518432617,14.110206604003906
1660046400.0,1.5117177963256836,13.647804260253906
1660068000.0,1.6395819187164307,13.433937072753906
1660089600.0,1.5611419677734375,13.252296447753906
1660111200.0,1.5104272365570068,13.048683166503906
1660132800.0,1.588429570198059,12.821632385253906
1660154400.0,1.7334339618682861,14.328468322753906
1660176000.0,1.739551305770874,14.624855041503906
1660197600.0,1.6362333297729492,14.291847229003906
1660219200.0,1.7109043598175049,13.715675354003906
1660240800.0,1.8577269315719604,13.392921447753906
1660262400.0,1.682746171951294,13.179542541503906
1660284000.0,1.530579924583435,12.935890197753906
1660305600.0,1.4662766456604004,12.642921447753906
1660327200.0,1.4160597324371338,12.452003479003906
1660348800.0,1.3156490325927734,12.221046447753906
1660370400.0,1.2166681289672852,11.946632385253906
1660392000.0,1.1471071243286133,11.522315979003906
1660413600.0,1.069894790649414,11.181007385253906
1660435200.0,0.9836435317993164,10.872413635253906
1660456800.0,0.9823784828186035,10.525733947753906
1660478400.0,1.090498447418213,15.836769104003906
1660500000.0,1.35256028175354,15.585304260253906
1660521600.0,1.6768016815185547,15.217628479003906
1660543200.0,1.9384472370147705,15.022315979003906
1660564800.0,2.089470386505127,14.985206604003906
1660586400.0,2.1014597415924072,14.841651916503906
1660608000.0,2.024745464324951,14.618507385253906
1660629600.0,1.8760604858398438,14.263038635253906
1660651200.0,1.6828572750091553,13.616798400878906
1660672800.0,1.6100789308547974,13.273292541503906
1660694400.0,1.5806884765625,13.013526916503906
1660716000.0,1.5441443920135498,13.007179260253906
1660737600.0,1.6388317346572876,13.267433166503906
1660759200.0,1.8266215324401855,13.740089416503906
1660780800.0,2.030463695526123,13.738624572753906
1660802400.0,1.9860646724700928,13.495948791503906
1660824000.0,1.9330339431762695,13.375831604003906
1660845600.0,1.8665834665298462,13.212745666503906
1660867200.0,1.6889593601226807,12.947608947753906
1660888800.0,1.6068873405456543,12.470558166503906
1660910400.0,1.754074215888977,12.383155822753906
1660932000.0,1.7428967952728271,12.075538635253906
1660953600.0,1.6706366539001465,12.133155822753906
1660975200.0,1.6029024124145508,14.244972229003906
1660996800.0,1.5921127796173096,14.392433166503906
1661018400.0,1.6944077014923096,14.271339416503906
1661040000.0,1.599147081375122,13.940773010253906
1661061600.0,1.483199119567871,13.592140197753906
1661083200.0,1.3747859001159668,13.336769104003906
1661104800.0,1.2981750965118408,13.149269104003906
1661126400.0,1.2127406597137451,13.000831604003906
1661148000.0,1.161607027053833,12.928077697753906
1661169600.0,1.2226598262786865,13.267921447753906
1661191200.0,1.16254460811615,13.383644104003906
1661212800.0,1.10933518409729,13.702491760253906
1661234400.0,1.042055606842041,13.946144104003906
1661256000.0,1.1300623416900635,14.339210510253906
1661277600.0,1.267038345336914,15.701026916503906
1661299200.0,1.2293182611465454,15.704444885253906
1661320800.0,1.1601061820983887,15.054054260253906
1661342400.0,1.3079721927642822,14.637550354003906
1661364000.0,1.6226646900177002,14.313331604003906
1661385600.0,1.5849008560180664,13.788429260253906
1661407200.0,1.3902499675750732,13.424171447753906
1661428800.0,1.431666374206543,13.348487854003906
1661450400.0,1.3055552244186401,13.057472229003906
1661472000.0,1.197304368019104,12.545753479003906
1661493600.0,1.1211881637573242,12.309913635253906
1661515200.0,1.1149637699127197,12.193214416503906
1661536800.0,1.1782963275909424,12.120460510253906
1661558400.0,1.1936061382293701,17.730812072753906
1661580000.0,1.1033594608306885,17.252784729003906
1661601600.0,1.0789214372634888,17.255714416503906
1661623200.0,1.1609320640563965,16.997413635253906
1661644800.0,1.175905466079712,16.502784729003906
1661666400.0,1.1921608448028564,16.274757385253906
1661688000.0,1.3786695003509521,16.106788635253906
1661709600.0,1.6517428159713745,15.952980041503906
1661731200.0,1.528775691986084,15.634620666503906
1661752800.0,1.5186653137207031,15.330421447753906
1661774400.0,1.9356017112731934,19.245460510253906
1661796000.0,2.2719345092773438,18.999855041503906
1661817600.0,2.474902391433716,18.610694885253906
1661839200.0,2.486302137374878,17.971046447753906
1661860800.0,2.393656015396118,17.419776916503906
1661882400.0,2.321925640106201,16.752784729003906
1661904000.0,2.2078452110290527,16.267433166503906
1661925600.0,2.0785906314849854,15.954933166503906
1661947200.0,1.9228432178497314,15.630226135253906
1661968800.0,1.7860093116760254,15.013526916503906
1661990400.0,1.6754302978515625,14.700538635253906
1662012000.0,1.5630872249603271,14.488136291503906
1662033600.0,1.4900425672531128,14.314796447753906
1662055200.0,1.444305658340454,14.187355041503906
1662076800.0,1.4421586990356445,14.360939025878906
1662098400.0,1.4016108512878418,14.334815979003906
1662120000.0,1.3876395225524902,14.173194885253906
1662141600.0,1.4140851497650146,16.304298400878906
1662163200.0,1.4804694652557373,16.330909729003906
1662184800.0,1.4845694303512573,16.002052307128906
1662206400.0,1.7224340438842773,15.699806213378906
1662228000.0,1.6407568454742432,15.108985900878906
1662249600.0,1.5649089813232422,14.764015197753906
1662271200.0,1.4708290100097656,14.480812072753906
1662292800.0,1.4272918701171875,14.175880432128906
1662314400.0,1.3557137250900269,13.753761291503906
1662336000.0,1.2842696905136108,13.496925354003906
1662357600.0,1.1875975131988525,13.239601135253906
1662379200.0,1.122083306312561,12.933448791503906
1662400800.0,1.08245849609375,12.446144104003906
1662422400.0,1.0809566974639893,12.181495666503906
1662444000.0,1.0550203323364258,17.574073791503906
1662465600.0,1.079115390777588,16.924171447753906
1662487200.0,1.1592586040496826,16.408302307128906
1662508800.0,1.2618597745895386,16.063087463378906
1662530400.0,1.3865413665771484,15.568214416503906
1662552000.0,1.6440067291259766,15.023536682128906
1662573600.0,1.656287431716919,14.554786682128906
1662595200.0,1.6159908771514893,13.986671447753906
1662616800.0,1.5517644882202148,13.707374572753906
1662638400.0,1.5210092067718506,13.571632385253906
1662660000.0,1.4908416271209717,13.481300354003906
1662681600.0,1.457185983657837,13.403419494628906
1662703200.0,1.4353094100952148,13.457374572753906
1662724800.0,1.4404597282409668,14.040382385253906
1662746400.0,1.4306752681732178,14.285987854003906
1662768000.0,1.4092392921447754,14.238624572753906
1662789600.0,1.3618212938308716,13.969093322753906
1662811200.0,1.4184669256210327,14.041847229003906
1662832800.0,1.406611680984497,14.034523010253906
1662854400.0,1.386765480041504,14.144874572753906
1662876000.0,1.3343788385391235,13.756202697753906
1662897600.0,1.2817811965942383,13.431983947753906
1662919200.0,1.2037146091461182,13.101905822753906
1662940800.0,1.1968770027160645,13.066261291503906
1662962400.0,1.1481726169586182,12.704444885253906
1662984000.0,1.0899872779846191,12.223487854003906
1663005600.0,1.0827547311782837,11.947608947753906
1663027200.0,1.0963581800460815,17.057960510253906
1663048800.0,1.117663025856018,16.032569885253906
1663070400.0,1.1681770086288452,15.488624572753906
1663092000.0,1.2208114862442017,14.786964416503906
1663113600.0,1.2832698822021484,14.390968322753906
1663135200.0,1.3231453895568848,13.949073791503906
1663156800.0,1.4040443897247314,13.693214416503906
1663178400.0,1.5479662418365479,13.552589416503906
1663200000.0,1.6380773782730103,13.264015197753906
1663221600.0,1.7411069869995117,13.294288635253906
1663243200.0,1.8219118118286133,13.367042541503906
1663264800.0,1.8615870475769043,13.233741760253906
1663286400.0,1.7825982570648193,13.067726135253906
1663308000.0,1.7351739406585693,12.830909729003906
1663329600.0,1.7629337310791016,12.468116760253906
1663351200.0,1.6911439895629883,16.247413635253906
1663372800.0,1.6276332139968872,15.985694885253906
1663394400.0,1.5286004543304443,15.621437072753906
1663416000.0,1.509275197982788,14.877296447753906
1663437600.0,1.532127857208252,14.540382385253906
1663459200.0,1.5622055530548096,14.388526916503906
1663480800.0,1.5330291986465454,14.323585510253906
1663502400.0,1.588235855102539,14.313331604003906
1663524000.0,1.464907169342041,14.198097229003906
1663545600.0,1.5011367797851562,14.176612854003906
1663567200.0,1.5772709846496582,14.202491760253906
1663588800.0,1.5760785341262817,15.088233947753906
1663610400.0,1.5340453386306763,16.095558166503906
1663632000.0,1.5763084888458252,15.809913635253906
1663653600.0,1.545767068862915,15.104835510253906
1663675200.0,1.6468510627746582,14.737159729003906
1663696800.0,1.6597366333007812,14.377296447753906
1663718400.0,1.5371806621551514,13.700538635253906
1663740000.0,1.5145151615142822,13.625343322753906
1663761600.0,1.6177715063095093,15.982276916503906
1663783200.0,1.8218574523925781,16.190284729003906
1663804800.0,1.9468636512756348,16.100929260253906
1663826400.0,2.0008559226989746,15.854835510253906
1663848000.0,2.0273399353027344,15.597023010253906
1663869600.0,1.9901130199432373,15.569190979003906
1663891200.0,1.9208076000213623,15.550636291503906
1663912800.0,1.8485305309295654,15.405128479003906
1663934400.0,1.875123143196106,15.694679260253906
1663956000.0,1.8842881917953491,16.147804260253906
1663977600.0,2.034308910369873,16.221534729003906
1663999200.0,2.147404432296753,16.048194885253906
1664020800.0,2.0914196968078613,15.664405822753906
1664042400.0,2.050535202026367,15.024757385253906
1664064000.0,1.9628254175186157,14.597511291503906
1664085600.0,1.860163927078247,14.289405822753906
1664107200.0,1.8773730993270874,13.724952697753906
1664128800.0,1.822522521018982,13.423194885253906
1664150400.0,1.7403028011322021,13.224464416503906
1664172000.0,1.8056575059890747,13.091163635253906
1664193600.0,1.9484672546386719,16.922218322753906
1664215200.0,2.223142147064209,16.427589416503906
1664236800.0,2.201920747756958,16.021339416503906
1664258400.0,2.1436047554016113,15.356300354003906
1664280000.0,2.1921558380126953,14.799659729003906
1664301600.0,2.0730011463165283,14.470558166503906
1664323200.0,1.991811752319336,13.995216369628906
1664344800.0,1.9763073921203613,13.603126525878906
1664366400.0,2.0293211936950684,13.640968322753906
1664388000.0,1.9853994846343994,14.035499572753906
1664409600.0,1.8298249244689941,14.711280822753906
1664431200.0,1.8006701469421387,14.499855041503906
1664452800.0,1.7558329105377197,14.441261291503906
1664474400.0,1.6831893920898438,14.319190979003906
1664496000.0,1.630258560180664,14.230323791503906
1664517600.0,1.4765172004699707,14.199562072753906
1664539200.0,1.452979564666748,14.076026916503906
1664560800.0,1.4376392364501953,13.765968322753906
1664582400.0,1.4585819244384766,13.689308166503906
1664604000.0,1.4114500284194946,13.394874572753906
1664625600.0,1.3597052097320557,13.056983947753906
1664647200.0,1.31314218044281,12.544776916503906
1664668800.0,1.2602330446243286,12.249855041503906
1664690400.0,1.238153100013733,12.084327697753906
1664712000.0,1.238548755645752,15.319679260253906
1664733600.0,1.2601945400238037,14.966163635253906
1664755200.0,1.2826101779937744,14.781105041503906
1664776800.0,1.3246302604675293,14.678565979003906
1664798400.0,1.3770999908447266,14.581886291503906
1664820000.0,1.4019125699996948,14.501319885253906
1664841600.0,1.4373509883880615,14.473976135253906
1664863200.0,1.4587315320968628,14.361183166503906
1664884800.0,1.4624652862548828,14.077980041503906
1664906400.0,1.3997598886489868,13.597023010253906
1664928000.0,1.3549602031707764,13.362159729003906
1664949600.0,1.3240563869476318,13.219581604003906
1664971200.0,1.3149497509002686,13.095558166503906
1664992800.0,1.2959139347076416,12.923683166503906
1665014400.0,1.2946372032165527,12.473487854003906
1665036000.0,1.2821409702301025,12.214698791503906
1665057600.0,1.3205320835113525,15.847511291503906
1665079200.0,1.299591064453125,15.106788635253906
1665100800.0,1.420241355895996,14.837257385253906
1665122400.0,1.5727179050445557,14.634132385253906
1665144000.0,1.6335811614990234,14.361183166503906
1665165600.0,1.5287957191467285,13.858253479003906
1665187200.0,1.5089237689971924,13.567726135253906
1665208800.0,1.521712303161621,13.781593322753906
1665230400.0,1.5257861614227295,15.087257385253906
1665252000.0,1.5345077514648438,14.741554260253906
1665273600.0,1.5345611572265625,14.457130432128906
1665295200.0,1.5229465961456299,13.981788635253906
1665316800.0,1.5133121013641357,13.509620666503906
1665338400.0,1.4084447622299194,13.181007385253906
1665360000.0,1.3305461406707764,12.944679260253906
1665381600.0,1.253591537475586,12.601417541503906
1665403200.0,1.1881909370422363,12.428565979003906
1665424800.0,1.1012670993804932,12.236183166503906
1665446400.0,1.1158180236816406,12.214698791503906
1665468000.0,1.0184531211853027,11.843605041503906
1665489600.0,0.968010663986206,8.590675354003906
1665511200.0,0.9083748459815979,8.444679260253906
1665532800.0,0.9055745005607605,8.327491760253906
1665554400.0,0.9781827330589294,15.003273010253906
1665576000.0,1.1637122631072998,14.473976135253906
1665597600.0,1.2422339916229248,14.232276916503906
1665619200.0,1.316259741783142,14.111671447753906
1665640800.0,1.3780364990234375,13.977394104003906
1665662400.0,1.4818682670593262,13.735694885253906
1665684000.0,1.524947166442871,13.490089416503906
1665705600.0,1.6058928966522217,13.727394104003906
1665727200.0,1.4217791557312012,13.338233947753906
1665748800.0,1.3190045356750488,13.120460510253906
1665770400.0,1.2392568588256836,13.082862854003906
1665792000.0,1.182138442993164,13.068214416503906
1665813600.0,1.1257832050323486,13.139015197753906
1665835200.0,1.1484794616699219,13.715187072753906
1665856800.0,1.1661680936813354,15.084815979003906
1665878400.0,1.164318561553955,15.045753479003906
1665900000.0,1.1783394813537598,14.888282775878906
1665921600.0,1.1642544269561768,14.599952697753906
1665943200.0,1.210383415222168,14.242530822753906
1665964800.0,1.2893633842468262,13.982765197753906
1665986400.0,1.2548789978027344,13.640968322753906
1666008000.0,1.2929072380065918,13.399024963378906
1666029600.0,1.4475750923156738,13.213233947753906
1666051200.0,1.359107494354248,13.000343322753906
1666072800.0,1.2166692018508911,12.571144104003906
1666094400.0,1.212327480316162,12.299659729003906
1666116000.0,1.1778391599655151,12.169288635253906
1666137600.0,1.1725940704345703,12.336769104003906
1666159200.0,1.1601195335388184,14.168800354003906
1666180800.0,1.2476677894592285,13.929542541503906
1666202400.0,1.2381887435913086,13.588722229003906
1666224000.0,1.1679108142852783,13.027687072753906
1666245600.0,1.2077282667160034,12.428077697753906
1666267200.0,1.3708429336547852,12.005714416503906
1666288800.0,1.3689846992492676,11.747901916503906
1666310400.0,1.3866256475448608,11.626808166503906
1666332000.0,1.1953233480453491,15.646827697753906
1666353600.0,1.2314891815185547,14.912452697753906
1666375200.0,1.2401145696640015,14.639015197753906
1666396800.0,1.2658941745758057,14.380714416503906
1666418400.0,1.2104582786560059,13.802101135253906
1666440000.0,1.1611915826797485,12.903175354003906
1666461600.0,1.184112548828125,13.205909729003906
1666483200.0,1.169204831123352,13.202003479003906
1666504800.0,1.1750327348709106,13.973487854003906
1666526400.0,1.2617051601409912,14.412208557128906
1666548000.0,1.3701221942901611,14.372901916503906
1666569600.0,1.4587657451629639,14.223487854003906
1666591200.0,1.544366717338562,13.944679260253906
1666612800.0,1.6143958568572998,13.600685119628906
1666634400.0,1.551781177520752,13.366798400878906
1666656000.0,1.4578537940979004,13.172218322753906
1666677600.0,1.3588619232177734,12.913917541503906
1666699200.0,1.7097632884979248,12.959815979003906
1666720800.0,1.7203328609466553,12.861183166503906
1666742400.0,1.5673099756240845,12.161476135253906
1666764000.0,1.4902403354644775,11.996925354003906
1666785600.0,1.4987428188323975,12.956398010253906
1666807200.0,1.5059349536895752,13.320655822753906
1666828800.0,1.5413023233413696,13.255226135253906
1666850400.0,1.4749720096588135,12.908546447753906
1666872000.0,1.4632720947265625,12.386085510253906
1666893600.0,1.5255670547485352,17.190284729003906
1666915200.0,1.5936083793640137,16.429054260253906
1666936800.0,1.6706527471542358,15.976905822753906
1666958400.0,1.73151695728302,15.247413635253906
1666980000.0,1.7384034395217896,14.831398010253906
1667001600.0,1.7441632747650146,14.621925354003906
1667023200.0,1.7198586463928223,14.377784729003906
1667044800.0,1.7814037799835205,13.973976135253906
1667066400.0,1.8462319374084473,13.692237854003906
1667088000.0,1.8542523384094238,13.618507385253906
1667109600.0,1.686288833618164,13.517921447753906
1667131200.0,1.6071999073028564,13.424171447753906
1667152800.0,1.63315749168396,13.425636291503906
1667174400.0,1.6285566091537476,13.594581604003906
1667196000.0,1.5811522006988525,13.804542541503906
1667217600.0,1.5343563556671143,14.110694885253906
1667239200.0,1.549025535583496,14.383155822753906
1667260800.0,1.4972188472747803,14.302589416503906
1667282400.0,1.443706750869751,13.819679260253906
1667304000.0,1.4842653274536133,12.798194885253906
1667325600.0,1.6119368076324463,12.180030822753906
1667347200.0,1.8954839706420898,13.315773010253906
1667368800.0,1.8119755983352661,15.892433166503906
1667390400.0,1.673475742340088,15.078468322753906
1667412000.0,1.5519461631774902,14.416358947753906
1667433600.0,1.4300312995910645,13.876319885253906
1667455200.0,1.3298189640045166,13.472511291503906
1667476800.0,1.2566304206848145,13.285499572753906
1667498400.0,1.1967735290527344,13.214210510253906
1667520000.0,1.1601049900054932,13.279151916503906
1667541600.0,1.1408464908599854,13.871192932128906
1667563200.0,1.1521154642105103,14.904151916503906
1667584800.0,1.1338328123092651,15.325050354003906
1667606400.0,1.177751064300537,15.495704650878906
1667628000.0,1.20359206199646,15.103126525878906
1667649600.0,1.2234824895858765,14.705421447753906
1667671200.0,1.1693921089172363,14.222023010253906
1667692800.0,1.140386939048767,13.652198791503906
1667714400.0,1.1161736249923706,13.281593322753906
1667736000.0,1.1101295948028564,12.956886291503906
1667757600.0,1.109323263168335,12.562355041503906
1667779200.0,1.0711143016815186,12.272804260253906
1667800800.0,1.0329983234405518,12.045753479003906
1667822400.0,1.078141212463379,11.952980041503906
1667844000.0,1.0359845161437988,11.294776916503906
1667865600.0,1.0204744338989258,15.812355041503906
1667887200.0,1.0159194469451904,15.794288635253906
1667908800.0,1.007439136505127,15.363624572753906
1667930400.0,1.0204098224639893,14.998878479003906
1667952000.0,1.0721601247787476,14.855812072753906
1667973600.0,1.1088858842849731,14.795265197753906
1667995200.0,1.2231125831604004,14.843116760253906
1668016800.0,1.3187909126281738,14.606300354003906
1668038400.0,1.3372787237167358,14.409034729003906
1668060000.0,1.3533694744110107,14.208839416503906
1668081600.0,1.4678466320037842,13.625831604003906
1668103200.0,1.5114808082580566,13.610206604003906
1668124800.0,1.5407495498657227,13.481300354003906
1668146400.0,1.5117146968841553,13.348487854003906
1668168000.0,1.634704828262329,13.641456604003906
1668189600.0,1.6172685623168945,14.960304260253906
1668211200.0,1.6157617568969727,15.014503479003906
1668232800.0,1.5692617893218994,14.676612854003906
1668254400.0,1.5217671394348145,14.414894104003906
1668276000.0,1.4218146800994873,14.281105041503906
1668297600.0,1.3594741821289062,14.119972229003906
1668319200.0,1.3117539882659912,13.697120666503906
1668340800.0,1.3634309768676758,13.654640197753906
1668362400.0,1.334398627281189,13.308448791503906
1668384000.0,1.3188509941101074,12.913917541503906
1668405600.0,1.3368463516235352,12.246437072753906
1668427200.0,1.4481652975082397,11.886085510253906
1668448800.0,1.4419960975646973,11.686866760253906
1668470400.0,1.3832106590270996,14.026222229003906
1668492000.0,1.4143311977386475,14.523780822753906
1668513600.0,1.4791244268417358,14.410987854003906
1668535200.0,1.417957067489624,14.034523010253906
1668556800.0,1.2889821529388428,13.664894104003906
1668578400.0,1.2260668277740479,13.464698791503906
1668600000.0,1.3791098594665527,14.054542541503906
1668621600.0,1.4121625423431396,8.435401916503906
1668643200.0,1.8223621845245361,8.163429260253906
1668664800.0,1.7223289012908936,7.915870666503906
1668686400.0,1.5791387557983398,7.527687072753906
1668708000.0,1.6460644006729126,7.047218322753906
1668729600.0,1.6612006425857544,7.402687072753906
1668751200.0,1.548797607421875,7.523292541503906
1668772800.0,1.6953091621398926,6.410499572753906
1668794400.0,1.5684696435928345,9.088722229003906
1668816000.0,1.5512073040008545,9.303077697753906
1668837600.0,1.677943468093872,9.489112854003906
1668859200.0,1.7502260208129883,9.590187072753906
1668880800.0,1.7944738864898682,9.792335510253906
1668902400.0,1.8024123907089233,14.365577697753906
1668924000.0,1.79393470287323,13.795753479003906
1668945600.0,1.8607162237167358,13.401710510253906
1668967200.0,1.747294306755066,13.243507385253906
1668988800.0,1.8523118495941162,13.253273010253906
1669010400.0,1.8727188110351562,13.387306213378906
1669032000.0,1.85377836227417,13.455909729003906
1669053600.0,1.7839744091033936,13.343116760253906
1669075200.0,1.69092857837677,13.432472229003906
1669096800.0,1.688767671585083,13.854591369628906
1669118400.0,1.7513303756713867,13.620704650878906
1669140000.0,1.6822693347930908,13.373878479003906
1669161600.0,1.590583324432373,13.219093322753906
1669183200.0,1.459233045578003,13.094825744628906
1669204800.0,1.7490339279174805,13.185890197753906
1669226400.0,1.7396059036254883,13.076515197753906
1669248000.0,1.8946983814239502,6.298194885253906
1669269600.0,1.5285449028015137,12.624855041503906
1669291200.0,1.4196853637695312,12.459815979003906
1669312800.0,1.2626326084136963,12.184913635253906
1669334400.0,1.1372640132904053,11.853858947753906
1669356000.0,1.044334053993225,11.323585510253906
1669377600.0,0.9821181297302246,10.995460510253906
1669399200.0,1.0575103759765625,10.723487854003906
1669420800.0,1.1101503372192383,10.329444885253906
1669442400.0,0.9415454268455505,10.052101135253906
1669464000.0,0.9120053052902222,14.661476135253906
1669485600.0,0.8658546209335327,14.297218322753906
1669507200.0,0.8559612035751343,13.819679260253906
1669528800.0,0.8822932243347168,13.525733947753906
1669550400.0,0.9090632796287537,13.289894104003906
1669572000.0,0.9242139458656311,12.985206604003906
1669593600.0,0.9593061208724976,12.505226135253906
1669615200.0,0.9703999161720276,12.197608947753906
1669636800.0,0.9746915698051453,11.963722229003906
1669658400.0,0.9986059665679932,11.589698791503906
1669680000.0,0.982093870639801,11.204444885253906
1669701600.0,0.9948937296867371,10.961280822753906
1669723200.0,0.9924207329750061,10.424659729003906
1669744800.0,0.9636706709861755,10.098976135253906
1669766400.0,1.008803129196167,14.588233947753906
1669788000.0,1.0007965564727783,14.461280822753906
1669809600.0,1.042989730834961,14.199073791503906
1669831200.0,1.0704147815704346,13.732276916503906
1669852800.0,1.0834977626800537,13.492042541503906
1669874400.0,1.0572407245635986,13.240577697753906
1669896000.0,1.076595425605774,13.095558166503906
1669917600.0,1.0751566886901855,13.039405822753906
1669939200.0,1.0572762489318848,12.941749572753906
1669960800.0,1.0854722261428833,12.855323791503906
1669982400.0,1.167677879333496,13.030128479003906
1670004000.0,1.1251661777496338,13.172218322753906
1670025600.0,1.074186086654663,13.214210510253906
1670047200.0,1.0364291667938232,13.198097229003906
1670068800.0,1.0344769954681396,13.087745666503906
1670090400.0,0.9981768727302551,12.823097229003906
1670112000.0,0.9511309266090393,12.380714416503906
1670133600.0,0.9159783720970154,12.087257385253906
1670155200.0,0.8968213200569153,11.842140197753906
1670176800.0,0.9113839268684387,11.862159729003906
1670198400.0,0.9640573859214783,14.524757385253906
1670220000.0,1.0159504413604736,14.222023010253906
1670241600.0,1.0808353424072266,13.669776916503906
1670263200.0,1.1074544191360474,13.337257385253906
1670284800.0,1.1277401447296143,13.042335510253906
1670306400.0,1.1378093957901,12.579933166503906
1670328000.0,1.1905850172042847,12.451515197753906
1670349600.0,1.1772286891937256,12.282081604003906
1670371200.0,1.175079107284546,12.245460510253906
1670392800.0,1.1127912998199463,12.087745666503906
1670414400.0,1.0645244121551514,11.809425354003906
1670436000.0,1.0191102027893066,11.323585510253906
1670457600.0,0.9958716034889221,11.003761291503906
1670479200.0,1.0217475891113281,10.759132385253906
1670500800.0,1.0559425354003906,14.715675354003906
1670522400.0,1.0679525136947632,14.413917541503906
1670544000.0,1.120002269744873,13.929542541503906
1670565600.0,1.1348565816879272,13.622901916503906
1670587200.0,1.5309789180755615,14.758644104003906
1670608800.0,1.5220584869384766,14.148536682128906
1670630400.0,1.4161638021469116,13.331398010253906
1670652000.0,1.3031055927276611,12.794776916503906
1670673600.0,1.3031715154647827,12.464698791503906
1670695200.0,1.2382700443267822,12.186866760253906
1670716800.0,1.2753217220306396,11.829200744628906
1670738400.0,1.2735977172851562,11.345558166503906
1670760000.0,1.4136955738067627,11.078956604003906
1670781600.0,1.3077561855316162,14.845069885253906
1670803200.0,1.2665841579437256,14.559913635253906
1670824800.0,1.3248345851898193,14.136573791503906
1670846400.0,1.5808184146881104,14.010108947753906
1670868000.0,1.4981963634490967,13.566749572753906
1670889600.0,1.5717287063598633,13.313331604003906
1670911200.0,1.5514804124832153,13.020851135253906
1670932800.0,1.5794296264648438,12.429054260253906
1670954400.0,1.4507124423980713,12.100440979003906
1670976000.0,1.4439632892608643,11.633399963378906
1670997600.0,1.4219459295272827,11.547950744628906
1671019200.0,1.386667013168335,11.043800354003906
1671040800.0,1.16215181350708,10.722755432128906
1671062400.0,1.0766828060150146,8.494483947753906
1671084000.0,1.0460984706878662,8.512306213378906
1671105600.0,1.176512360572815,9.072364807128906
1671127200.0,1.172532558441162,8.914894104003906
1671148800.0,1.1601588726043701,8.835060119628906
1671170400.0,1.1278600692749023,8.739601135253906
1671192000.0,1.1071975231170654,8.657081604003906
1671213600.0,1.1149132251739502,8.591651916503906
1671235200.0,1.2783164978027344,9.213233947753906
1671256800.0,1.3004580736160278,9.551124572753906
1671278400.0,1.3162751197814941,9.410987854003906
1671300000.0,1.345933437347412,16.223976135253906
1671321600.0,1.3844852447509766,15.972999572753906
1671343200.0,1.4075710773468018,15.699073791503906
1671364800.0,1.4545340538024902,15.191261291503906
1671386400.0,1.5087904930114746,14.943214416503906
1671408000.0,1.5563596487045288,14.793800354003906
1671429600.0,1.5846757888793945,14.650733947753906
1671451200.0,1.6099233627319336,14.535987854003906
1671472800.0,1.5558786392211914,14.254249572753906
1671494400.0,1.5434978008270264,14.299171447753906
1671516000.0,1.5021240711212158,14.368995666503906
1671537600.0,1.4404394626617432,14.225440979003906
1671559200.0,1.3900386095046997,13.961280822753906
1671580800.0,1.3541314601898193,13.701026916503906
1671602400.0,1.313113808631897,13.483253479003906
1671624000.0,1.3345515727996826,13.399269104003906
1671645600.0,1.4323043823242188,13.318702697753906
1671667200.0,1.5038686990737915,13.334815979003906
1671688800.0,1.702955961227417,19.292335510253906
1671710400.0,2.4150643348693848,8.095558166503906
1671732000.0,2.0687570571899414,8.345558166503906
1671753600.0,1.794921875,17.179542541503906
1671775200.0,1.6015214920043945,16.398780822753906
1671796800.0,1.5825718641281128,16.043312072753906
1671818400.0,1.5908178091049194,15.632667541503906
1671840000.0,1.6178512573242188,15.028663635253906
1671861600.0,1.5935955047607422,14.624855041503906
1671883200.0,1.6666240692138672,14.270362854003906
1671904800.0,1.7764058113098145,13.744483947753906
1671926400.0,1.7050193548202515,13.497413635253906
1671948000.0,1.5216965675354004,13.347023010253906
1671969600.0,1.5468525886535645,13.279640197753906
1671991200.0,1.4406154155731201,13.080909729003906
1672012800.0,1.440284013748169,12.974464416503906
1672034400.0,1.454862117767334,12.855812072753906
1672056000.0,1.5982213020324707,12.622901916503906
1672077600.0,1.5877056121826172,12.339698791503906
1672099200.0,1.4852392673492432,11.998878479003906
1672120800.0,1.3814164400100708,11.621437072753906
1672142400.0,1.3573341369628906,11.243995666503906
1672164000.0,1.409411907196045,11.131202697753906
1672185600.0,1.5135695934295654,14.267921447753906
1672207200.0,1.6713038682937622,13.851417541503906
1672228800.0,2.0402562618255615,13.662452697753906
1672250400.0,2.101071357727051,7.612648010253906
1672272000.0,2.0872175693511963,7.689796447753906
1672293600.0,2.133233070373535,7.586280822753906
1672315200.0,2.051938056945801,7.932472229003906
1672336800.0,2.0308585166931152,11.228370666503906
1672358400.0,1.7293072938919067,10.679542541503906
1672380000.0,1.652085542678833,11.098487854003906
1672401600.0,1.7795557975769043,11.355812072753906
1672423200.0,1.7738456726074219,7.248390197753906
1672444800.0,1.7877001762390137,7.524757385253906
1672466400.0,1.7981253862380981,7.675880432128906
1672488000.0,2.2871010303497314,7.712013244628906
1672509600.0,2.018341541290283,7.682716369628906
1672531200.0,1.7528444528579712,7.603858947753906
1672552800.0,1.5158090591430664,7.610694885253906
1672574400.0,1.555110216140747,6.837257385253906
1672596000.0,1.5903408527374268,6.251319885253906
1672617600.0,1.5000966787338257,15.167335510253906
1672639200.0,1.3803130388259888,14.983741760253906
1672660800.0,1.5278749465942383,14.735694885253906
1672682400.0,1.6639163494110107,14.580909729003906
1672704000.0,1.658703088760376,14.425148010253906
1672725600.0,1.6082549095153809,14.292823791503906
1672747200.0,1.603105068206787,14.158546447753906
1672768800.0,1.6311743259429932,13.981544494628906
1672790400.0,1.7067595720291138,13.671485900878906
1672812000.0,1.6676182746887207,13.433448791503906
1672833600.0,1.5868887901306152,13.222755432128906
1672855200.0,1.467076301574707,12.998390197753906
1672876800.0,1.391233205795288,12.641212463378906
1672898400.0,1.3946300745010376,12.472023010253906
1672920000.0,1.4916350841522217,12.488136291503906
1672941600.0,1.4341728687286377,12.365577697753906
1672963200.0,1.366487741470337,12.110939025878906
1672984800.0,1.3742830753326416,11.818214416503906
1673006400.0,1.4960516691207886,11.531593322753906
1673028000.0,1.4294281005859375,11.318214416503906
1673049600.0,1.3673670291900635,11.165382385253906
1673071200.0,1.4174084663391113,11.029640197753906
1673092800.0,1.489548921585083,15.066749572753906
1673114400.0,1.3968054056167603,14.931495666503906
1673136000.0,1.3759536743164062,14.696144104003906
1673157600.0,1.3435629606246948,14.416847229003906
1673179200.0,1.4241563081741333,13.814308166503906
1673200800.0,1.4012084007263184,13.199562072753906
1673222400.0,1.4660439491271973,12.947120666503906
1673244000.0,1.5004630088806152,12.839698791503906
1673265600.0,1.609076976776123,12.731788635253906
1673287200.0,1.608656406402588,12.576026916503906
1673308800.0,1.524507761001587,12.352394104003906
1673330400.0,1.426453948020935,12.147315979003906
1673352000.0,1.2858803272247314,11.363624572753906
1673373600.0,1.3360662460327148,11.844581604003906
1673395200.0,1.3119957447052002,12.198097229003906
1673416800.0,1.2697166204452515,12.350440979003906
1673438400.0,1.2434002161026,12.519874572753906
1673460000.0,1.1953716278076172,12.963233947753906
1673481600.0,1.1648820638656616,13.124855041503906
1673503200.0,1.1281836032867432,13.064308166503906
1673524800.0,1.086857795715332,12.684425354003906
1673546400.0,1.0889673233032227,12.296241760253906
1673568000.0,1.1014933586120605,12.143409729003906
1673589600.0,1.1084808111190796,12.226417541503906
1673611200.0,1.0935282707214355,12.883155822753906
1673632800.0,1.1004040241241455,12.944190979003906
1673654400.0,1.0777618885040283,12.807960510253906
1673676000.0,1.0521248579025269,12.568702697753906
1673697600.0,1.0550458431243896,12.516944885253906
1673719200.0,1.0882145166397095,12.849464416503906
1673740800.0,1.0645725727081299,12.924171447753906
1673762400.0,1.1742637157440186,13.209327697753906
1673784000.0,1.2325594425201416,13.007667541503906
1673805600.0,1.3131639957427979,12.448585510253906
1673827200.0,1.2952449321746826,11.970069885253906
1673848800.0,1.23379385471344,11.505226135253906
1673870400.0,1.2489266395568848,11.273292541503906
1673892000.0,1.2206079959869385,11.766944885253906
1673913600.0,1.2101572751998901,12.918800354003906
1673935200.0,1.21256422996521,12.697608947753906
1673956800.0,1.2667405605316162,12.495460510253906
1673978400.0,1.255509614944458,12.257667541503906
1674000000.0,1.2641561031341553,12.081398010253906
1674021600.0,1.2265509366989136,11.779151916503906
1674043200.0,1.2132455110549927,11.395851135253906
1674064800.0,1.2094734907150269,11.161476135253906
1674086400.0,1.2056626081466675,11.040870666503906
1674108000.0,1.225759744644165,15.180519104003906
1674129600.0,1.2692923545837402,14.656105041503906
1674151200.0,1.3460203409194946,14.260597229003906
1674172800.0,1.345011830329895,13.667823791503906
1674194400.0,1.3556909561157227,13.337257385253906
1674216000.0,1.478714942932129,13.024757385253906
1674237600.0,1.3545295000076294,12.524757385253906
1674259200.0,1.256712794303894,12.224952697753906
1674280800.0,1.1969918012619019,12.051124572753906
1674302400.0,1.2232022285461426,11.914405822753906
1674324000.0,1.2117230892181396,11.655128479003906
1674345600.0,1.1303247213363647,11.251808166503906
1674367200.0,1.1178123950958252,11.013526916503906
1674388800.0,1.3012081384658813,10.815284729003906
1674410400.0,1.245179533958435,10.447120666503906
1674432000.0,1.2593133449554443,10.140968322753906
1674453600.0,1.2553998231887817,5.606788635253906
1674475200.0,1.3756630420684814,5.596046447753906
1674496800.0,1.2776004076004028,5.653175354003906
1674518400.0,1.3784695863723755,5.386085510253906
1674540000.0,1.5552186965942383,5.693214416503906
1674561600.0,1.6313107013702393,5.898780822753906
1674583200.0,1.4461838006973267,16.686866760253906
1674604800.0,1.769578218460083,5.819679260253906
1674626400.0,1.7913203239440918,15.923194885253906
1674648000.0,1.6817727088928223,15.261085510253906
1674669600.0,1.540389060974121,14.747413635253906
1674691200.0,1.6142926216125488,14.439308166503906
1674712800.0,1.5556561946868896,13.983253479003906
1674734400.0,1.602102279663086,13.919288635253906
1674756000.0,1.5720155239105225,13.484230041503906
1674777600.0,1.6869115829467773,14.197120666503906
1674799200.0,1.7539951801300049,14.523780822753906
1674820800.0,1.8198060989379883,15.168312072753906
1674842400.0,1.8962924480438232,15.097023010253906
1674864000.0,1.7352627515792847,14.599464416503906
1674885600.0,1.522144079208374,13.930519104003906
1674907200.0,1.3869916200637817,13.493507385253906
1674928800.0,1.3804852962493896,13.101417541503906
1674950400.0,1.3598287105560303,8.041847229003906
1674972000.0,1.267267107963562,8.084327697753906
1674993600.0,1.3779478073120117,8.755714416503906
1675015200.0,1.284817099571228,8.459327697753906
1675036800.0,1.247962236404419,8.365577697753906
1675058400.0,1.1628174781799316,8.399269104003906
1675080000.0,1.1029529571533203,8.415382385253906
1675101600.0,1.0747346878051758,8.373878479003906
1675123200.0,1.074436902999878,8.335792541503906
1675144800.0,1.0976216793060303,8.349952697753906
1675166400.0,1.1295737028121948,13.317726135253906
1675188000.0,1.182112455368042,13.311866760253906
1675209600.0,1.2823505401611328,15.799659729003906
1675231200.0,1.3483219146728516,15.627784729003906
1675252800.0,1.4119701385498047,15.009132385253906
1675274400.0,1.408188819885254,14.653175354003906
1675296000.0,1.3803907632827759,14.269874572753906
1675317600.0,1.3468599319458008,13.807472229003906
1675339200.0,1.3535661697387695,13.618507385253906
1675360800.0,1.669737458229065,13.652198791503906
1675382400.0,1.705235481262207,16.449073791503906
1675404000.0,1.5916004180908203,16.116554260253906
1675425600.0,1.5323920249938965,15.870460510253906
1675447200.0,1.515526533126831,15.281105041503906
1675468800.0,1.5787687301635742,14.772804260253906
1675490400.0,1.551497220993042,14.493995666503906
1675512000.0,1.6181299686431885,14.136573791503906
1675533600.0,1.5680811405181885,13.579444885253906
1675555200.0,1.47825026512146,13.317726135253906
1675576800.0,1.4475715160369873,13.096534729003906
1675598400.0,1.6728134155273438,12.899269104003906
1675620000.0,1.5771458148956299,8.009132385253906
1675641600.0,1.5315700769424438,8.224464416503906
1675663200.0,1.4417908191680908,13.609718322753906
1675684800.0,1.5415657758712769,13.365089416503906
1675706400.0,1.627129077911377,13.092628479003906
1675728000.0,1.609215497970581,12.533546447753906
1675749600.0,1.5048949718475342,12.319190979003906
1675771200.0,1.4421007633209229,12.288429260253906
1675792800.0,1.3840432167053223,12.243507385253906
1675814400.0,1.2930488586425781,8.161476135253906
1675836000.0,1.2399282455444336,8.064308166503906
1675857600.0,1.2082849740982056,8.028663635253906
1675879200.0,1.2557759284973145,11.444679260253906
1675900800.0,1.245093584060669,11.220069885253906
1675922400.0,1.2205806970596313,11.077980041503906
1675944000.0,1.3715360164642334,10.973976135253906
1675965600.0,1.2315267324447632,10.867042541503906
1675987200.0,1.178776741027832,10.747413635253906
1676008800.0,1.2748976945877075,5.664405822753906
1676030400.0,1.5607880353927612,6.314796447753906
1676052000.0,1.547297477722168,6.440773010253906
1676073600.0,1.3740234375,6.769386291503906
1676095200.0,1.2466857433319092,6.867042541503906
1676116800.0,1.4162075519561768,7.235206604003906
1676138400.0,1.926208734512329,7.156593322753906
1676160000.0,2.1042556762695312,8.329444885253906
1676181600.0,1.748992919921875,8.375343322753906
1676203200.0,1.860036849975586,8.230323791503906
1676224800.0,1.650989294052124,8.514015197753906
1676246400.0,1.696708083152771,8.713722229003906
1676268000.0,1.78731369972229,17.349464416503906
1676289600.0,1.8272323608398438,16.296241760253906
1676311200.0,1.725440263748169,15.790382385253906
1676332800.0,1.7239879369735718,14.935890197753906
1676354400.0,1.7000653743743896,14.573585510253906
1676376000.0,1.8386656045913696,14.394386291503906
1676397600.0,1.9732807874679565,14.442237854003906
1676419200.0,1.9336165189743042,19.097999572753906
1676440800.0,1.8648061752319336,17.874855041503906
1676462400.0,1.9511492252349854,17.286476135253906
1676484000.0,1.8184103965759277,16.413429260253906
1676505600.0,1.7765381336212158,15.792823791503906
1676527200.0,1.795722484588623,15.267433166503906
1676548800.0,1.8222953081130981,14.756690979003906
1676570400.0,1.6758086681365967,14.404151916503906
1676592000.0,1.5214965343475342,13.829444885253906
1676613600.0,1.3964380025863647,13.474464416503906
1676635200.0,1.347015380859375,13.333839416503906
1676656800.0,1.3078551292419434,13.245460510253906
1676678400.0,1.3115915060043335,13.309913635253906
1676700000.0,1.3109347820281982,13.354347229003906
1676721600.0,1.276315689086914,13.215675354003906
1676743200.0,1.2387466430664062,12.995460510253906
1676764800.0,1.201427936553955,12.782081604003906
1676786400.0,1.1898645162582397,12.686378479003906
1676808000.0,1.1939468383789062,12.544288635253906
1676829600.0,1.2294156551361084,12.547218322753906
1676851200.0,1.2898035049438477,13.048194885253906
1676872800.0,1.3043327331542969,13.303077697753906
1676894400.0,1.4202983379364014,13.206398010253906
1676916000.0,1.3900046348571777,13.019874572753906
1676937600.0,1.3041110038757324,12.545265197753906
1676959200.0,1.2608848810195923,12.217628479003906
1676980800.0,1.4145042896270752,12.035499572753906
1677002400.0,1.4142279624938965,11.834327697753906
1677024000.0,1.3114614486694336,11.508644104003906
1677045600.0,1.1903088092803955,11.329444885253906
1677067200.0,1.2218728065490723,11.346534729003906
1677088800.0,1.1352821588516235,12.917335510253906
1677110400.0,1.0609148740768433,12.612648010253906
1677132000.0,1.0265111923217773,12.327491760253906
1677153600.0,1.0508304834365845,12.121925354003906
1677175200.0,1.0792698860168457,11.930030822753906
1677196800.0,1.0575897693634033,6.393898010253906
1677218400.0,1.038009762763977,6.357276916503906
1677240000.0,1.043588399887085,6.253761291503906
1677261600.0,1.1226880550384521,16.111183166503906
1677283200.0,1.1673588752746582,15.764991760253906
1677304800.0,1.2284969091415405,15.279151916503906
1677326400.0,1.32960844039917,14.909523010253906
1677348000.0,1.4073126316070557,14.676612854003906
1677369600.0,1.385300874710083,14.480812072753906
1677391200.0,1.3394756317138672,14.156593322753906
1677412800.0,1.3288640975952148,13.656593322753906
1677434400.0,1.477421760559082,13.372413635253906
1677456000.0,1.4935544729232788,13.136573791503906
1677477600.0,1.4655925035476685,12.813819885253906
1677499200.0,1.6470744609832764,13.092140197753906
1677520800.0,1.789374589920044,13.062843322753906
1677542400.0,1.7086302042007446,12.657081604003906
1677564000.0,1.8125903606414795,8.278663635253906
1677585600.0,1.7232468128204346,8.033058166503906
1677607200.0,1.514178991317749,7.960792541503906
1677628800.0,1.4354405403137207,13.560401916503906
1677650400.0,1.4719773530960083,14.041358947753906
1677672000.0,1.5770236253738403,14.451515197753906
1677693600.0,1.4638466835021973,14.412452697753906
1677715200.0,1.5519747734069824,14.221046447753906
1677736800.0,1.6335238218307495,6.328956604003906
1677758400.0,1.5883984565734863,13.607276916503906
1677780000.0,1.3882910013198853,13.216651916503906
1677801600.0,1.2933610677719116,12.827980041503906
1677823200.0,1.1985288858413696,12.354347229003906
1677844800.0,1.4162156581878662,12.160499572753906
1677866400.0,1.4063422679901123,12.034523010253906
1677888000.0,1.5443789958953857,6.294776916503906
1677909600.0,1.4245247840881348,6.479835510253906
1677931200.0,1.4439985752105713,6.528175354003906
1677952800.0,1.2325303554534912,6.463722229003906
1677974400.0,1.1108064651489258,10.981788635253906
1677996000.0,1.000042200088501,10.850440979003906
1678017600.0,0.9637527465820312,10.395851135253906
1678039200.0,0.9323251247406006,10.140968322753906
1678060800.0,0.8605408668518066,13.674659729003906
1678082400.0,0.8241524696350098,13.588233947753906
1678104000.0,0.9225651025772095,13.390968322753906
1678125600.0,0.8213440775871277,13.149269104003906
1678147200.0,0.7707207202911377,12.674659729003906
1678168800.0,0.7758280634880066,19.346046447753906
1678190400.0,0.8426065444946289,18.586769104003906
1678212000.0,0.9352315068244934,18.026710510253906
1678233600.0,1.0236965417861938,17.649269104003906
1678255200.0,1.1016535758972168,16.892921447753906
1678276800.0,1.129422664642334,16.264015197753906
1678298400.0,1.1548635959625244,15.911476135253906
1678320000.0,1.1822588443756104,15.438819885253906
1678341600.0,1.1795217990875244,14.918312072753906
1678363200.0,1.143813967704773,14.529640197753906
1678384800.0,1.1103546619415283,14.066993713378906
1678406400.0,1.0450999736785889,13.430519104003906
1678428000.0,1.040846824645996,13.224220275878906
1678449600.0,1.0629973411560059,13.124855041503906
1678471200.0,1.0977072715759277,13.061378479003906
1678492800.0,1.0800247192382812,12.924415588378906
1678514400.0,1.0717118978500366,12.610939025878906
1678536000.0,1.0637233257293701,12.312843322753906
1678557600.0,1.02849280834198,12.119483947753906
1678579200.0,0.9895501732826233,11.946144104003906
1678600800.0,0.9690902829170227,11.827003479003906
1678622400.0,0.9539846777915955,12.040870666503906
1678644000.0,0.9514002799987793,12.942237854003906
1678665600.0,0.9658074975013733,12.905616760253906
1678687200.0,0.977343738079071,12.703468322753906
1678708800.0,0.9792683124542236,12.509132385253906
1678730400.0,1.0000340938568115,12.846534729003906
1678752000.0,1.0258259773254395,13.080909729003906
1678773600.0,1.038691520690918,14.334815979003906
1678795200.0,1.0644097328186035,14.706886291503906
1678816800.0,1.121175765991211,14.598976135253906
1678838400.0,1.183264970779419,14.474464416503906
1678860000.0,1.2870769500732422,14.329444885253906
1678881600.0,1.498521089553833,14.545753479003906
1678903200.0,1.5644197463989258,14.386085510253906
1678924800.0,1.5508346557617188,13.866065979003906
1678946400.0,1.5230847597122192,13.499855041503906
1678968000.0,1.4150168895721436,13.298927307128906
1678989600.0,1.3764827251434326,13.095069885253906
1679011200.0,1.2453454732894897,12.685401916503906
1679032800.0,1.144531488418579,12.318702697753906
1679054400.0,1.0682930946350098,12.122413635253906
1679076000.0,1.049168586730957,11.986427307128906
1679097600.0,0.9819304347038269,11.862648010253906
1679119200.0,0.9454790949821472,11.665626525878906
1679140800.0,0.9592816829681396,14.476173400878906
1679162400.0,0.9959238767623901,14.444923400878906
1679184000.0,1.0103263854980469,14.225685119628906
1679205600.0,1.0070526599884033,13.730079650878906
1679227200.0,1.019577980041504,13.553077697753906
1679248800.0,1.039625644683838,13.331886291503906
1679270400.0,1.0976837873458862,12.933937072753906
1679292000.0,1.1057634353637695,11.131690979003906
1679313600.0,1.159548282623291,10.756202697753906
1679335200.0,1.1706713438034058,10.486183166503906
1679356800.0,1.1517751216888428,15.964210510253906
1679378400.0,1.1602646112442017,15.828468322753906
1679400000.0,1.1777019500732422,15.327980041503906
1679421600.0,1.214336633682251,14.973976135253906
1679443200.0,1.226879596710205,14.648536682128906
1679464800.0,1.2174339294433594,14.347511291503906
1679486400.0,1.21280837059021,14.015968322753906
1679508000.0,1.2357536554336548,15.246681213378906
1679529600.0,1.434063196182251,15.853858947753906
1679551200.0,1.322625756263733,14.665626525878906
1679572800.0,1.2448399066925049,14.131202697753906
1679594400.0,1.2105305194854736,13.553077697753906
1679616000.0,1.1960220336914062,13.325538635253906
1679637600.0,1.1947368383407593,13.141944885253906
1679659200.0,1.2234249114990234,12.843116760253906
1679680800.0,1.225548267364502,12.570167541503906
1679702400.0,1.2425503730773926,12.488624572753906
1679724000.0,1.2615046501159668,12.533058166503906
1679745600.0,1.2696936130523682,12.800636291503906
1679767200.0,1.2308292388916016,13.034034729003906
1679788800.0,1.2728534936904907,13.247901916503906
1679810400.0,1.2344975471496582,13.287940979003906
1679832000.0,1.2178394794464111,13.262062072753906
1679853600.0,1.2777440547943115,15.014015197753906
1679875200.0,1.201737642288208,14.752296447753906
1679896800.0,1.1367361545562744,14.547706604003906
1679918400.0,1.122721552848816,14.299659729003906
1679940000.0,1.100728988647461,13.742530822753906
1679961600.0,1.0939595699310303,13.501319885253906
1679983200.0,1.0947680473327637,13.373878479003906
1680004800.0,1.1283609867095947,13.443214416503906
1680026400.0,1.1468327045440674,15.985694885253906
1680048000.0,1.1266690492630005,15.563331604003906
1680069600.0,1.3307963609695435,14.952003479003906
1680091200.0,1.3984854221343994,15.026222229003906
1680112800.0,1.2928986549377441,16.107765197753906
1680134400.0,1.4158329963684082,16.112648010253906
1680156000.0,1.5008368492126465,15.854835510253906
1680177600.0,1.6499087810516357,15.259620666503906
1680199200.0,1.6645801067352295,14.906105041503906
1680220800.0,1.6958520412445068,14.707862854003906
1680242400.0,1.5905516147613525,14.499855041503906
1680264000.0,1.5925226211547852,13.964698791503906
1680285600.0,1.6404156684875488,13.740577697753906
1680307200.0,1.7426954507827759,13.661964416503906
1680328800.0,1.5990476608276367,13.520118713378906
1680350400.0,1.610779881477356,13.445411682128906
1680372000.0,1.4350332021713257,13.262306213378906
1680393600.0,1.3548330068588257,12.873878479003906
1680415200.0,1.317409634590149,12.332374572753906
1680436800.0,1.4051878452301025,12.172706604003906
1680458400.0,1.3750219345092773,14.368263244628906
1680480000.0,1.4070284366607666,14.256690979003906
1680501600.0,1.464432954788208,14.508155822753906
1680523200.0,1.4667346477508545,15.686866760253906
1680544800.0,1.4853672981262207,15.712013244628906
1680566400.0,1.5322096347808838,15.058204650878906
1680588000.0,1.414724588394165,14.650245666503906
1680609600.0,1.3825147151947021,14.262062072753906
1680631200.0,1.2919410467147827,13.636573791503906
1680652800.0,1.27809739112854,13.441993713378906
1680674400.0,1.2490513324737549,13.260841369628906
1680696000.0,1.2260911464691162,13.038917541503906
1680717600.0,1.177014708518982,12.579444885253906
1680739200.0,1.166139841079712,12.276222229003906
1680760800.0,1.092985987663269,12.130226135253906
1680782400.0,1.075845718383789,11.950538635253906
1680804000.0,1.0444469451904297,11.879005432128906
1680825600.0,1.0023155212402344,11.800392150878906
1680847200.0,0.9618059992790222,11.506690979003906
1680868800.0,0.9470123052597046,11.317726135253906
1680890400.0,0.9500675201416016,16.433937072753906
1680912000.0,0.9473496675491333,15.967384338378906
1680933600.0,1.0384516716003418,15.883399963378906
1680955200.0,1.11008882522583,15.382667541503906
1680976800.0,1.1246371269226074,14.896827697753906
1680998400.0,1.154099702835083,14.630226135253906
1681020000.0,1.2114297151565552,14.492530822753906
1681041600.0,1.337050199508667,14.327491760253906
1681063200.0,1.4749057292938232,14.225440979003906
1681084800.0,1.518512487411499,14.342628479003906
1681106400.0,1.5627261400222778,14.909523010253906
1681128000.0,1.6530447006225586,15.739112854003906
1681149600.0,1.5100467205047607,15.951026916503906
1681171200.0,1.3675220012664795,15.220069885253906
1681192800.0,1.2725675106048584,14.739112854003906
1681214400.0,1.275484561920166,14.396339416503906
1681236000.0,1.2179343700408936,13.862159729003906
1681257600.0,1.2423827648162842,17.209815979003906
1681279200.0,1.3175108432769775,16.543800354003906
1681300800.0,1.5958243608474731,16.161964416503906
1681322400.0,1.488046407699585,15.665382385253906
1681344000.0,1.522202968597412,14.977394104003906
1681365600.0,1.548102855682373,14.566749572753906
1681387200.0,1.6003432273864746,13.917823791503906
1681408800.0,1.577248215675354,13.459327697753906
1681430400.0,1.6024290323257446,13.329933166503906
1681452000.0,1.6138063669204712,13.403663635253906
1681473600.0,1.6587464809417725,15.702491760253906
1681495200.0,1.617194652557373,14.682960510253906
1681516800.0,1.5795248746871948,14.416847229003906
1681538400.0,1.6122134923934937,14.421730041503906
1681560000.0,1.6965091228485107,14.760108947753906
1681581600.0,1.792763590812683,15.063331604003906
1681603200.0,1.921480417251587,14.959815979003906
1681624800.0,1.9961130619049072,14.701515197753906
1681646400.0,2.1022071838378906,14.551124572753906
1681668000.0,2.079198122024536,14.360206604003906
1681689600.0,2.027135133743286,14.192237854003906
1681711200.0,1.8764748573303223,13.763038635253906
1681732800.0,1.764763593673706,13.518409729003906
1681754400.0,1.6100091934204102,13.290382385253906
1681776000.0,1.4788018465042114,13.022315979003906
1681797600.0,1.3879456520080566,12.571144104003906
1681819200.0,1.336904764175415,12.369483947753906
1681840800.0,1.301045298576355,12.279151916503906
1681862400.0,1.2635138034820557,12.241065979003906
1681884000.0,1.2305569648742676,15.597999572753906
1681905600.0,1.146444320678711,14.698585510253906
1681927200.0,1.1638917922973633,14.891456604003906
1681948800.0,1.2139840126037598,15.099952697753906
1681970400.0,1.290551781654358,15.408546447753906
1681992000.0,1.369558572769165,15.371192932128906
1682013600.0,1.4134056568145752,14.888526916503906
1682035200.0,1.4266777038574219,14.490577697753906
1682056800.0,1.420738935470581,14.046730041503906
1682078400.0,1.369552493095398,13.563331604003906
1682100000.0,1.3474981784820557,13.280128479003906
1682121600.0,1.358854055404663,13.042335510253906
1682143200.0,1.3866205215454102,17.265968322753906
1682164800.0,1.3568933010101318,16.438819885253906
1682186400.0,1.416210412979126,16.185401916503906
1682208000.0,1.469199776649475,15.960304260253906
1682229600.0,1.4692890644073486,15.589210510253906
1682251200.0,1.4533336162567139,15.116554260253906
1682272800.0,1.4419915676116943,14.886085510253906
1682294400.0,1.4332162141799927,14.709815979003906
1682316000.0,1.4007811546325684,14.517921447753906
1682337600.0,1.366872787475586,14.397315979003906
1682359200.0,1.337944746017456,14.248878479003906
1682380800.0,1.3006380796432495,13.963233947753906
1682402400.0,1.2965401411056519,13.718605041503906
1682424000.0,1.2318346500396729,13.665382385253906
1682445600.0,1.1684738397598267,13.583839416503906
1682467200.0,1.1346888542175293,13.558448791503906
1682488800.0,1.1311848163604736,13.634132385253906
1682510400.0,1.1436794996261597,13.809913635253906
1682532000.0,1.1779946088790894,13.835792541503906
1682553600.0,1.2232904434204102,13.446632385253906
1682575200.0,1.3313572406768799,13.260597229003906
1682596800.0,1.4038982391357422,13.016456604003906
1682618400.0,1.3989390134811401,12.621925354003906
1682640000.0,1.35748291015625,12.363624572753906
1682661600.0,1.3040823936462402,12.282081604003906
1682683200.0,1.369136095046997,12.752784729003906
1682704800.0,1.28592848777771,12.486183166503906
1682726400.0,1.229982614517212,12.247901916503906
1682748000.0,1.219287395477295,11.993019104003906
1682769600.0,1.2667584419250488,17.246925354003906
1682791200.0,1.2609052658081055,17.643409729003906
1682812800.0,1.1720821857452393,16.506202697753906
1682834400.0,1.165630578994751,15.907569885253906
1682856000.0,1.2002441883087158,15.507667541503906
1682877600.0,1.275521993637085,15.368995666503906
1682899200.0,1.3058240413665771,14.775733947753906
1682920800.0,1.276492714881897,14.368019104003906
1682942400.0,1.2374876737594604,13.821144104003906
1682964000.0,1.2076029777526855,13.446144104003906
1682985600.0,1.1323702335357666,13.160011291503906
1683007200.0,1.0879135131835938,12.666847229003906
1683028800.0,1.3012410402297974,13.301124572753906
1683050400.0,1.3044888973236084,13.185890197753906
1683072000.0,1.1268882751464844,12.516456604003906
1683093600.0,1.0584571361541748,16.002296447753906
1683115200.0,1.0151901245117188,16.096534729003906
1683136800.0,1.0503356456756592,16.290870666503906
1683158400.0,1.0595166683197021,15.753273010253906
1683180000.0,1.040441870689392,14.912452697753906
1683201600.0,1.0437456369400024,14.573097229003906
1683223200.0,1.0524518489837646,14.221046447753906
1683244800.0,1.045092225074768,13.696632385253906
1683266400.0,1.0431877374649048,13.411964416503906
1683288000.0,1.034665584564209,13.076026916503906
1683309600.0,1.0613633394241333,12.983253479003906
1683331200.0,1.0729801654815674,12.835304260253906
1683352800.0,1.05135977268219,12.626319885253906
1683374400.0,1.0333490371704102,12.463233947753906
1683396000.0,1.0166926383972168,12.362159729003906
1683417600.0,1.0219156742095947,17.138038635253906
1683439200.0,1.0373156070709229,16.310890197753906
1683460800.0,1.2184724807739258,16.054054260253906
1683482400.0,1.2691162824630737,15.810401916503906
1683504000.0,1.242023229598999,15.244483947753906
1683525600.0,1.2043530941009521,14.820167541503906
1683547200.0,1.22994863986969,14.569190979003906
1683568800.0,1.3059523105621338,14.293800354003906
1683590400.0,1.2729341983795166,13.857276916503906
1683612000.0,1.2474497556686401,13.662452697753906
1683633600.0,1.22503662109375,16.271339416503906
1683655200.0,1.197767734527588,16.107765197753906
1683676800.0,1.1681509017944336,15.800148010253906
1683698400.0,1.1572930812835693,15.043800354003906
1683720000.0,1.13290274143219,14.732276916503906
1683741600.0,1.1372666358947754,14.562843322753906
1683763200.0,1.1230186223983765,14.373878479003906
1683784800.0,1.1795952320098877,13.972511291503906
1683806400.0,1.2186639308929443,13.731788635253906
1683828000.0,1.2028279304504395,13.678565979003906
1683849600.0,1.1882277727127075,16.444190979003906
1683871200.0,1.2469866275787354,16.186378479003906
1683892800.0,1.2274010181427002,15.866065979003906
1683914400.0,1.2775299549102783,15.519874572753906
1683936000.0,1.4677201509475708,15.421241760253906
1683957600.0,1.543654203414917,14.879737854003906
1683979200.0,1.6498475074768066,14.529640197753906
1684000800.0,1.8743269443511963,14.300636291503906
1684022400.0,1.9017646312713623,13.985206604003906
1684044000.0,1.8106207847595215,13.609230041503906
1684065600.0,1.7524964809417725,13.340675354003906
1684087200.0,1.5832650661468506,13.159034729003906
1684108800.0,1.3731613159179688,13.106788635253906
1684130400.0,1.2873092889785767,13.910987854003906
1684152000.0,1.5105159282684326,14.143898010253906
1684173600.0,1.5397346019744873,13.701026916503906
1684195200.0,1.4437217712402344,13.505226135253906
1684216800.0,1.3147271871566772,13.365577697753906
1684238400.0,1.2635622024536133,13.140968322753906
1684260000.0,1.3536005020141602,12.753761291503906
1684281600.0,1.3315953016281128,12.405128479003906
1684303200.0,1.3695988655090332,17.319190979003906
1684324800.0,1.4448142051696777,16.498878479003906
1684346400.0,1.4984066486358643,15.987159729003906
1684368000.0,1.4790167808532715,15.346046447753906
1684389600.0,1.440039873123169,14.782081604003906
1684411200.0,1.4530484676361084,14.591163635253906
1684432800.0,1.448770523071289,14.183448791503906
1684454400.0,1.3847754001617432,13.658546447753906
1684476000.0,1.3027702569961548,13.388038635253906
1684497600.0,1.2236669063568115,13.154151916503906
1684519200.0,1.1911044120788574,12.821632385253906
1684540800.0,1.212836503982544,12.771827697753906
1684562400.0,1.2512543201446533,18.809425354003906
1684584000.0,1.292149543762207,17.809425354003906
1684605600.0,1.344484806060791,17.455909729003906
1684627200.0,1.4125511646270752,16.877296447753906
1684648800.0,1.4431251287460327,16.231300354003906
1684670400.0,1.396289348602295,15.743507385253906
1684692000.0,1.3706104755401611,15.109230041503906
1684713600.0,1.3196519613265991,14.624366760253906
1684735200.0,1.2748348712921143,14.243019104003906
1684756800.0,1.221935749053955,13.760597229003906
1684778400.0,1.2363979816436768,13.703956604003906
1684800000.0,1.2389642000198364,14.149757385253906
1684821600.0,1.206840991973877,14.539894104003906
1684843200.0,1.1707645654678345,14.640968322753906
1684864800.0,1.1891868114471436,14.574073791503906
1684886400.0,1.2321549654006958,14.452980041503906
1684908000.0,1.2493247985839844,14.253273010253906
1684929600.0,1.2198842763900757,15.803077697753906
1684951200.0,1.3429900407791138,15.707862854003906
1684972800.0,1.3729537725448608,15.116065979003906
1684994400.0,1.308835744857788,14.850440979003906
1685016000.0,1.2706646919250488,14.577491760253906
1685037600.0,1.3824944496154785,14.327491760253906
1685059200.0,1.2780483961105347,13.997901916503906
1685080800.0,1.1378260850906372,13.691749572753906
1685102400.0,1.0539690256118774,13.528175354003906
1685124000.0,0.9874098896980286,13.410499572753906
1685145600.0,0.9374958872795105,13.335792541503906
1685167200.0,0.9057352542877197,13.315773010253906
1685188800.0,1.0081779956817627,14.028175354003906
1685210400.0,1.1380562782287598,14.246437072753906
1685232000.0,1.2436046600341797,13.889503479003906
1685253600.0,1.2403411865234375,13.459327697753906
1685275200.0,1.1940418481826782,13.099464416503906
1685296800.0,1.1764695644378662,12.554542541503906
1685318400.0,1.0881640911102295,11.962257385253906
1685340000.0,1.140799641609192,16.474952697753906
1685361600.0,1.1622754335403442,16.184425354003906
1685383200.0,1.1755433082580566,15.868995666503906
1685404800.0,1.1879997253417969,15.401710510253906
1685426400.0,1.252821922302246,15.031593322753906
1685448000.0,1.2628600597381592,14.734230041503906
1685469600.0,1.3274202346801758,14.481300354003906
1685491200.0,1.3650707006454468,13.938819885253906
1685512800.0,1.3973135948181152,13.644874572753906
1685534400.0,1.3860722780227661,13.453468322753906
1685556000.0,1.5074830055236816,13.290870666503906
1685577600.0,1.3625496625900269,12.927589416503906
1685599200.0,1.2820076942443848,13.162452697753906
1685620800.0,1.259220004081726,13.224464416503906
1685642400.0,1.270508050918579,13.079444885253906
1685664000.0,1.234837532043457,12.790382385253906
1685685600.0,1.1489806175231934,12.442726135253906
1685707200.0,1.1049129962921143,12.285499572753906
1685728800.0,1.1821119785308838,12.174171447753906
1685750400.0,1.1474155187606812,12.186866760253906
1685772000.0,1.113339900970459,14.429542541503906
1685793600.0,1.1141598224639893,14.061378479003906
1685815200.0,1.1842238903045654,13.581886291503906
1685836800.0,1.3341671228408813,13.602882385253906
1685858400.0,1.359502911567688,13.306983947753906
1685880000.0,1.3329389095306396,13.014015197753906
1685901600.0,1.3662219047546387,12.558448791503906
1685923200.0,1.3352742195129395,15.883155822753906
1685944800.0,1.3443552255630493,15.139015197753906
1685966400.0,1.4783284664154053,14.775733947753906
1685988000.0,1.4571266174316406,14.569190979003906
1686009600.0,1.3254859447479248,14.294776916503906
1686031200.0,1.2802174091339111,13.834327697753906
1686052800.0,1.415868878364563,14.018898010253906
1686074400.0,1.443082571029663,16.041114807128906
1686096000.0,1.4905141592025757,15.800636291503906
1686117600.0,1.6284986734390259,15.429054260253906
1686139200.0,1.8501670360565186,15.012062072753906
1686160800.0,1.9408395290374756,14.688819885253906
1686182400.0,1.869384527206421,14.419776916503906
1686204000.0,1.794059157371521,14.183937072753906
1686225600.0,1.7017624378204346,13.865089416503906
1686247200.0,1.6318104267120361,13.684425354003906
1686268800.0,1.560925006866455,13.498390197753906
1686290400.0,1.4800703525543213,13.324562072753906
1686312000.0,1.4818146228790283,13.453468322753906
1686333600.0,1.5586552619934082,13.448097229003906
1686355200.0,1.5442495346069336,13.287452697753906
1686376800.0,1.5111405849456787,12.989112854003906
1686398400.0,1.5747326612472534,19.663429260253906
1686420000.0,1.7208354473114014,18.937355041503906
1686441600.0,1.7999078035354614,18.066261291503906
1686463200.0,1.8667066097259521,17.502296447753906
1686484800.0,1.9388865232467651,16.899269104003906
1686506400.0,2.0781404972076416,16.255714416503906
1686528000.0,1.981398582458496,15.898780822753906
1686549600.0,1.8410332202911377,15.516944885253906
1686571200.0,1.6548388004302979,14.777198791503906
1686592800.0,1.5718022584915161,14.428077697753906
1686614400.0,1.550881028175354,14.235694885253906
1686636000.0,1.5141260623931885,13.984718322753906
1686657600.0,1.4970107078552246,13.766944885253906
1686679200.0,1.463945984840393,13.548194885253906
1686700800.0,1.4253027439117432,13.357765197753906
1686722400.0,1.4036073684692383,13.207862854003906
1686744000.0,1.3751593828201294,12.990089416503906
1686765600.0,1.319899320602417,12.589210510253906
1686787200.0,1.2354416847229004,12.252296447753906
1686808800.0,1.2136824131011963,11.999366760253906
1686830400.0,1.2390949726104736,12.064308166503906
1686852000.0,1.1819559335708618,15.010597229003906
1686873600.0,1.120591640472412,14.737648010253906
1686895200.0,1.0943576097488403,14.583351135253906
1686916800.0,1.1092123985290527,14.377784729003906
1686938400.0,1.1133177280426025,14.169288635253906
1686960000.0,1.1869418621063232,15.015480041503906
1686981600.0,1.1590149402618408,14.886573791503906
1687003200.0,1.2183367013931274,14.915138244628906
1687024800.0,1.2794930934906006,14.768409729003906
1687046400.0,1.3434971570968628,14.489845275878906
1687068000.0,1.4170050621032715,14.132911682128906
1687089600.0,1.4521403312683105,13.731544494628906
1687111200.0,1.4722380638122559,13.651954650878906
1687132800.0,1.4696784019470215,13.849220275878906
1687154400.0,1.442443609237671,14.500343322753906
1687176000.0,1.4099758863449097,14.353858947753906
1687197600.0,1.3626163005828857,13.850440979003906
1687219200.0,1.3840800523757935,13.571144104003906
1687240800.0,1.3457493782043457,13.289405822753906
1687262400.0,1.2936339378356934,13.021827697753906
1687284000.0,1.2619407176971436,12.594581604003906
1687305600.0,1.214789628982544,12.257179260253906
1687327200.0,1.165358543395996,11.960304260253906
1687348800.0,1.1927214860916138,11.526222229003906
1687370400.0,1.261872410774231,14.721534729003906
1687392000.0,1.2404279708862305,14.686378479003906
1687413600.0,1.2080739736557007,14.717628479003906
1687435200.0,1.2097350358963013,15.306007385253906
1687456800.0,1.302107334136963,15.576515197753906
1687478400.0,1.3007664680480957,14.884620666503906
1687500000.0,1.2988004684448242,14.650245666503906
1687521600.0,1.262951135635376,14.387550354003906
1687543200.0,1.3295018672943115,14.006202697753906
1687564800.0,1.3586357831954956,13.710792541503906
1687586400.0,1.3289538621902466,13.449073791503906
1687608000.0,1.329533576965332,13.273292541503906
1687629600.0,1.4267520904541016,13.106300354003906
1687651200.0,1.4403812885284424,12.991065979003906
1687672800.0,1.4830143451690674,13.981788635253906
1687694400.0,1.4438029527664185,14.176124572753906
1687716000.0,1.5157086849212646,14.184425354003906
1687737600.0,1.407121181488037,13.998878479003906
1687759200.0,1.365380048751831,13.854347229003906
1687780800.0,1.3713524341583252,13.643898010253906
1687802400.0,1.5453894138336182,13.495460510253906
1687824000.0,1.5956377983093262,13.314308166503906
1687845600.0,1.6089107990264893,13.152198791503906
1687867200.0,1.8481755256652832,16.496925354003906
1687888800.0,1.917529582977295,16.213722229003906
1687910400.0,1.638819694519043,16.002784729003906
1687932000.0,1.5288300514221191,15.751808166503906
1687953600.0,1.5624513626098633,15.012062072753906
1687975200.0,1.9254120588302612,14.998878479003906
1687996800.0,2.045114517211914,15.016456604003906
1688018400.0,2.0296072959899902,14.816749572753906
1688040000.0,1.9110283851623535,14.632179260253906
1688061600.0,1.8731286525726318,14.494483947753906
1688083200.0,1.6955394744873047,14.473976135253906
1688104800.0,1.5414252281188965,14.332374572753906
1688126400.0,1.4865024089813232,14.091651916503906
1688148000.0,1.4725375175476074,13.691261291503906
1688169600.0,1.414057731628418,13.524269104003906
1688191200.0,1.3147857189178467,13.406593322753906
1688212800.0,1.3170664310455322,13.448097229003906
1688234400.0,1.22251296043396,13.230323791503906
1688256000.0,1.2110750675201416,13.001319885253906
1688277600.0,1.2030878067016602,12.825050354003906
1688299200.0,1.2259840965270996,12.469581604003906
1688320800.0,1.297567367553711,17.468116760253906
1688342400.0,1.4826381206512451,17.366065979003906
1688364000.0,1.4253685474395752,16.251319885253906
1688385600.0,1.4795489311218262,15.893898010253906
1688407200.0,1.4705004692077637,15.322608947753906
1688428800.0,1.2858917713165283,14.961280822753906
1688450400.0,1.271498441696167,14.842140197753906
1688472000.0,1.703615427017212,14.876319885253906
1688493600.0,1.9461030960083008,14.951026916503906
1688515200.0,1.984001874923706,14.988136291503906
1688536800.0,1.9200019836425781,14.803810119628906
1688558400.0,1.9132683277130127,14.584327697753906
1688580000.0,1.9754374027252197,14.519874572753906
1688601600.0,2.100123405456543,15.024757385253906
1688623200.0,2.143141269683838,16.685401916503906
1688644800.0,2.1897671222686768,16.040382385253906
1688666400.0,2.304450035095215,15.741554260253906
1688688000.0,2.333873987197876,15.391456604003906
1688709600.0,2.2480077743530273,15.054542541503906
1688731200.0,2.205871105194092,14.794288635253906
1688752800.0,2.114445209503174,14.537452697753906
1688774400.0,1.8649042844772339,14.184913635253906
1688796000.0,1.7091178894042969,13.594093322753906
1688817600.0,1.6860636472702026,13.297706604003906
1688839200.0,1.6844919919967651,19.367042541503906
1688860800.0,1.7140135765075684,18.788429260253906
1688882400.0,1.7450733184814453,17.908058166503906
1688904000.0,1.7454802989959717,17.429542541503906
1688925600.0,1.7467025518417358,16.667335510253906
1688947200.0,1.7484767436981201,16.215187072753906
1688968800.0,1.7119643688201904,15.899269104003906
1688990400.0,1.6605520248413086,15.571632385253906
1689012000.0,1.5947537422180176,15.006202697753906
1689033600.0,1.514899730682373,14.735694885253906
1689055200.0,1.4524595737457275,14.560401916503906
1689076800.0,1.4343056678771973,14.583351135253906
1689098400.0,1.4074480533599854,14.508644104003906
1689120000.0,1.4607311487197876,14.824562072753906
1689141600.0,1.567110538482666,16.105812072753906
1689163200.0,1.7790639400482178,16.339698791503906
1689184800.0,2.282458543777466,16.178565979003906
1689206400.0,2.31754207611084,15.943214416503906
1689228000.0,2.142583131790161,15.653663635253906
1689249600.0,2.015859365463257,15.317726135253906
1689271200.0,2.0887584686279297,14.987648010253906
1689292800.0,2.137730360031128,14.709327697753906
1689314400.0,2.260603427886963,14.468605041503906
1689336000.0,2.2990639209747314,13.792335510253906
1689357600.0,2.2914645671844482,13.744483947753906
1689379200.0,2.0194387435913086,13.625343322753906
1689400800.0,1.6925028562545776,13.588722229003906
1689422400.0,1.6333177089691162,13.574073791503906
1689444000.0,1.7659070491790771,13.507667541503906
1689465600.0,1.6692752838134766,13.356300354003906
1689487200.0,1.5919692516326904,13.258644104003906
1689508800.0,1.6625797748565674,13.999855041503906
1689530400.0,1.903087854385376,14.546730041503906
1689552000.0,1.6612849235534668,14.490089416503906
1689573600.0,1.5415581464767456,14.258644104003906
1689595200.0,1.6626975536346436,13.722511291503906
1689616800.0,1.5832970142364502,13.310890197753906
1689638400.0,1.4579322338104248,12.993507385253906
1689660000.0,1.4365626573562622,17.642921447753906
1689681600.0,1.4804290533065796,16.998878479003906
1689703200.0,1.7603175640106201,16.230812072753906
1689724800.0,1.6165356636047363,14.859718322753906
1689746400.0,1.7923848628997803,14.880714416503906
1689768000.0,1.9938262701034546,14.741310119628906
1689789600.0,2.0342254638671875,14.649757385253906
1689811200.0,2.0518922805786133,14.605567932128906
1689832800.0,1.9920705556869507,15.043800354003906
1689854400.0,2.1693549156188965,16.193702697753906
1689876000.0,2.3331432342529297,16.014503479003906
1689897600.0,2.3318917751312256,15.672218322753906
1689919200.0,2.397108793258667,15.144874572753906
1689940800.0,2.2823877334594727,14.826271057128906
1689962400.0,2.2007980346679688,14.564308166503906
1689984000.0,2.2235677242279053,14.783790588378906
1690005600.0,1.9257845878601074,13.894630432128906
1690027200.0,1.7805192470550537,13.490577697753906
1690048800.0,1.7352253198623657,13.278419494628906
1690070400.0,1.5562536716461182,13.086036682128906
1690092000.0,1.4072569608688354,12.792823791503906
1690113600.0,1.3705320358276367,12.539894104003906
1690135200.0,1.3971726894378662,12.609230041503906
1690156800.0,1.36976957321167,14.317726135253906
1690178400.0,1.3415279388427734,14.174659729003906
1690200000.0,1.348443865776062,13.748878479003906
1690221600.0,1.3254313468933105,13.419288635253906
1690243200.0,1.3891818523406982,13.368995666503906
1690264800.0,1.385575771331787,17.517921447753906
1690286400.0,1.4674112796783447,16.720558166503906
1690308000.0,1.6765401363372803,16.326515197753906
1690329600.0,1.8256890773773193,16.041358947753906
1690351200.0,1.8269271850585938,15.735206604003906
1690372800.0,1.7990779876708984,15.437355041503906
1690394400.0,1.9056453704833984,15.409523010253906
1690416000.0,1.9927763938903809,15.289894104003906
1690437600.0,1.8988522291183472,15.035987854003906
1690459200.0,1.9784671068191528,14.785987854003906
1690480800.0,2.156109094619751,14.518898010253906
1690502400.0,2.342095375061035,14.478858947753906
1690524000.0,2.025913715362549,14.294776916503906
1690545600.0,1.8163659572601318,13.610206604003906
1690567200.0,1.8834757804870605,12.979347229003906
1690588800.0,1.9087982177734375,12.971046447753906
1690610400.0,1.7336053848266602,12.995948791503906
1690632000.0,1.588702917098999,13.007179260253906
1690653600.0,1.5546176433563232,13.017921447753906
1690675200.0,1.5453617572784424,12.950538635253906
1690696800.0,1.5426602363586426,12.791358947753906
1690718400.0,1.5514068603515625,14.352394104003906
1690740000.0,1.6387004852294922,14.668312072753906
1690761600.0,1.506329894065857,14.682960510253906
1690783200.0,1.4585092067718506,14.590675354003906
1690804800.0,1.3569962978363037,14.537940979003906
1690826400.0,1.3238730430603027,14.741554260253906
1690848000.0,1.3476641178131104,15.436378479003906
1690869600.0,1.4367026090621948,16.499366760253906
1690891200.0,1.6130962371826172,16.528663635253906
1690912800.0,1.7862823009490967,16.349464416503906
1690934400.0,1.826512098312378,16.123878479003906
1690956000.0,1.8132517337799072,15.866554260253906
1690977600.0,1.8330507278442383,15.514503479003906
1690999200.0,1.8639001846313477,15.179542541503906
1691020800.0,1.7331278324127197,14.724952697753906
1691042400.0,1.6048294305801392,14.174171447753906
1691064000.0,1.6338169574737549,13.839698791503906
1691085600.0,1.804653286933899,17.504737854003906
1691107200.0,2.012453079223633,17.181983947753906
1691128800.0,2.4838037490844727,16.707862854003906
1691150400.0,2.6980459690093994,16.275245666503906
1691172000.0,2.6823763847351074,15.972999572753906
1691193600.0,2.4817168712615967,15.635108947753906
1691215200.0,2.271556854248047,15.034034729003906
1691236800.0,2.1887924671173096,14.783546447753906
1691258400.0,1.9895436763763428,14.547218322753906
1691280000.0,1.815332293510437,14.157569885253906
1691301600.0,1.7010924816131592,13.640480041503906
1691323200.0,1.7177859544754028,13.423194885253906
1691344800.0,1.6624460220336914,13.252784729003906
1691366400.0,1.5647761821746826,12.836280822753906
1691388000.0,1.5480542182922363,18.975929260253906
1691409600.0,1.5299873352050781,17.991065979003906
1691431200.0,1.5258407592773438,17.613624572753906
1691452800.0,1.523953914642334,17.006690979003906
1691474400.0,1.6063780784606934,16.399757385253906
1691496000.0,1.6637306213378906,15.967628479003906
1691517600.0,1.7608275413513184,15.638526916503906
1691539200.0,1.8526954650878906,15.215187072753906
1691560800.0,1.91233491897583,15.043800354003906
1691582400.0,1.8798701763153076,14.865577697753906
1691604000.0,1.8226454257965088,14.663429260253906
1691625600.0,1.6972405910491943,14.245460510253906
1691647200.0,1.706730604171753,14.127784729003906
1691668800.0,1.768097162246704,14.101417541503906
1691690400.0,2.0388970375061035,14.059913635253906
1691712000.0,1.9936702251434326,13.963233947753906
1691733600.0,1.9165244102478027,13.810890197753906
1691755200.0,1.8085825443267822,13.630226135253906
1691776800.0,1.8202025890350342,13.510597229003906
1691798400.0,1.6761928796768188,13.408058166503906
1691820000.0,1.6398142576217651,13.316749572753906
1691841600.0,1.6428732872009277,13.202491760253906
1691863200.0,1.643657922744751,13.127784729003906
1691884800.0,1.6037766933441162,13.368995666503906
1691906400.0,1.6326816082000732,13.560401916503906
1691928000.0,1.7887001037597656,13.702003479003906
1691949600.0,1.805375337600708,13.705909729003906
1691971200.0,1.7756547927856445,13.715187072753906
1691992800.0,1.6044743061065674,13.894874572753906
1692014400.0,1.5806314945220947,15.748390197753906
1692036000.0,1.6333311796188354,15.615089416503906
1692057600.0,1.657397985458374,14.994483947753906
1692079200.0,1.6707897186279297,14.605812072753906
1692100800.0,1.789023518562317,14.257667541503906
1692122400.0,1.7648859024047852,13.884132385253906
1692144000.0,1.7022900581359863,13.470558166503906
1692165600.0,1.5428214073181152,13.302101135253906
1692187200.0,1.6650331020355225,17.373390197753906
1692208800.0,2.043480634689331,17.359718322753906
1692230400.0,2.1037542819976807,16.950050354003906
1692252000.0,2.1485891342163086,16.390480041503906
1692273600.0,2.4048237800598145,16.157569885253906
1692295200.0,2.4793734550476074,15.993507385253906
1692316800.0,2.346437454223633,15.774757385253906
1692338400.0,2.1713762283325195,15.327491760253906
1692360000.0,2.215426445007324,14.925148010253906
1692381600.0,2.1510958671569824,14.602394104003906
1692403200.0,2.1399245262145996,14.380714416503906
1692424800.0,1.9292616844177246,14.256690979003906
1692446400.0,1.9150879383087158,14.371437072753906
1692468000.0,1.8962737321853638,14.535011291503906
1692489600.0,1.8040798902511597,14.440284729003906
1692511200.0,1.727865219116211,14.355323791503906
1692532800.0,1.7825863361358643,14.281105041503906
1692554400.0,1.7036077976226807,13.941749572753906
1692576000.0,1.5309152603149414,13.551124572753906
1692597600.0,1.3608089685440063,13.296730041503906
1692619200.0,1.3214573860168457,13.174659729003906
1692640800.0,1.260380506515503,12.843605041503906
1692662400.0,1.2686238288879395,12.673194885253906
1692684000.0,1.416332721710205,19.514991760253906
1692705600.0,1.7582957744598389,19.580909729003906
1692727200.0,2.059926986694336,19.076026916503906
1692748800.0,2.2757108211517334,18.482276916503906
1692770400.0,2.375483512878418,17.855323791503906
1692792000.0,2.447279453277588,17.168800354003906
1692813600.0,2.284432888031006,16.391944885253906
1692835200.0,2.0213871002197266,15.861671447753906
1692856800.0,1.8468108177185059,15.157081604003906
1692878400.0,1.914851427078247,14.702003479003906
1692900000.0,1.7863810062408447,14.293312072753906
1692921600.0,1.599076747894287,13.685890197753906
1692943200.0,1.636380672454834,13.570167541503906
1692964800.0,1.6923818588256836,13.740577697753906
1692986400.0,1.7236111164093018,14.141456604003906
1693008000.0,1.6463117599487305,14.452491760253906
1693029600.0,1.6079175472259521,14.493995666503906
1693051200.0,1.7105283737182617,15.328956604003906
1693072800.0,1.6757910251617432,16.129737854003906
1693094400.0,1.7209315299987793,15.609230041503906
1693116000.0,1.6402242183685303,14.667335510253906
1693137600.0,1.5688884258270264,14.063819885253906
1693159200.0,1.6343433856964111,13.578956604003906
1693180800.0,1.5210063457489014,13.323097229003906
1693202400.0,1.4616420269012451,13.102394104003906
1693224000.0,1.4548919200897217,12.794776916503906
1693245600.0,1.5386464595794678,12.548683166503906
1693267200.0,1.5276288986206055,12.644386291503906
1693288800.0,1.420526385307312,12.575538635253906
1693310400.0,1.4857990741729736,12.513038635253906
1693332000.0,1.4783174991607666,12.294288635253906
1693353600.0,1.4521067142486572,12.084815979003906
1693375200.0,1.3431897163391113,11.727394104003906
1693396800.0,1.3321408033370972,15.134620666503906
1693418400.0,1.5098156929016113,14.830909729003906
1693440000.0,1.4192450046539307,14.463233947753906
1693461600.0,1.4715447425842285,14.116065979003906
1693483200.0,1.6977152824401855,13.795753479003906
1693504800.0,1.9620463848114014,13.557472229003906
1693526400.0,1.9791781902313232,13.557960510253906
1693548000.0,1.7238879203796387,13.514991760253906
1693569600.0,1.7118175029754639,13.434913635253906
1693591200.0,1.7890938520431519,13.275245666503906
1693612800.0,1.639880895614624,13.066261291503906
1693634400.0,1.4043495655059814,12.658058166503906
1693656000.0,1.5110652446746826,12.571632385253906
1693677600.0,1.7583534717559814,6.058448791503906
1693699200.0,1.8194000720977783,6.202003479003906
1693720800.0,1.7700042724609375,6.256690979003906
1693742400.0,1.8716745376586914,6.319190979003906
1693764000.0,1.966663122177124,6.397804260253906
1693785600.0,1.726276159286499,14.904151916503906
1693807200.0,1.507657766342163,14.628273010253906
1693828800.0,1.617370367050171,14.362648010253906
1693850400.0,1.8825643062591553,17.303077697753906
1693872000.0,1.958885908126831,16.876808166503906
1693893600.0,1.9813119173049927,16.300636291503906
1693915200.0,2.151707887649536,15.866065979003906
1693936800.0,2.2662107944488525,15.204933166503906
1693958400.0,2.249386787414551,14.804542541503906
1693980000.0,2.1171696186065674,14.556495666503906
1694001600.0,2.090507984161377,13.851905822753906
1694023200.0,2.0066211223602295,13.562355041503906
1694044800.0,1.9405219554901123,13.657081604003906
1694066400.0,1.8404529094696045,13.822120666503906
1694088000.0,1.937366008758545,15.626319885253906
1694109600.0,2.030710458755493,15.839210510253906
1694131200.0,1.858344554901123,15.277687072753906
1694152800.0,1.6985182762145996,14.885597229003906
1694174400.0,1.8718863725662231,14.647560119628906
1694196000.0,1.9046216011047363,14.398536682128906
1694217600.0,1.8306323289871216,14.051124572753906
1694239200.0,1.6469409465789795,13.655128479003906
1694260800.0,1.8138234615325928,13.695655822753906
1694282400.0,1.814180612564087,13.624366760253906
1694304000.0,1.8072521686553955,13.529640197753906
1694325600.0,1.7340304851531982,13.222511291503906
1694347200.0,1.589892864227295,12.664405822753906
1694368800.0,1.4844657182693481,12.165870666503906
1694390400.0,1.4350030422210693,11.881202697753906
1694412000.0,1.3080694675445557,11.684425354003906
1694433600.0,1.3254146575927734,14.552101135253906
1694455200.0,1.520259141921997,14.290870666503906
1694476800.0,1.4452252388000488,13.651710510253906
1694498400.0,1.329637050628662,13.198097229003906
1694520000.0,1.4454305171966553,12.818214416503906
1694541600.0,1.4511933326721191,12.499855041503906
1694563200.0,1.4942231178283691,12.989601135253906
1694584800.0,1.3842501640319824,13.592628479003906
1694606400.0,1.548668622970581,15.392921447753906
1694628000.0,2.13270902633667,17.197608947753906
1694649600.0,2.4755218029022217,17.442726135253906
1694671200.0,2.641777515411377,16.861183166503906
1694692800.0,2.685831069946289,16.160499572753906
1694714400.0,2.501560688018799,15.696144104003906
1694736000.0,2.399646282196045,15.126319885253906
1694757600.0,2.419088840484619,14.987159729003906
1694779200.0,2.491462230682373,15.048439025878906
1694800800.0,2.396676540374756,14.973487854003906
1694822400.0,2.193688154220581,14.722999572753906
1694844000.0,2.0652477741241455,14.509620666503906
1694865600.0,2.0906407833099365,14.267433166503906
1694887200.0,2.11472749710083,13.869972229003906
1694908800.0,2.639465808868408,15.577003479003906
1694930400.0,2.4762558937072754,16.281593322753906
1694952000.0,2.4723875522613525,16.252296447753906
1694973600.0,2.3263919353485107,15.768409729003906
1694995200.0,2.2353320121765137,15.189796447753906
1695016800.0,2.077573299407959,14.747413635253906
1695038400.0,2.00120210647583,14.425636291503906
1695060000.0,1.9763109683990479,14.205421447753906
1695081600.0,1.81296968460083,14.223976135253906
1695103200.0,1.8070478439331055,14.751319885253906
1695124800.0,2.213782787322998,15.851417541503906
1695146400.0,2.0558972358703613,15.792335510253906
1695168000.0,1.9555115699768066,15.000343322753906
1695189600.0,1.8222179412841797,14.565284729003906
1695211200.0,1.8404035568237305,14.385108947753906
1695232800.0,1.8434860706329346,14.208839416503906
1695254400.0,1.9465992450714111,13.954933166503906
1695276000.0,1.891335129737854,14.321144104003906
1695297600.0,1.954962968826294,14.706886291503906
1695319200.0,1.947365403175354,14.833351135253906
1695340800.0,1.875352382659912,14.632667541503906
1695362400.0,1.794252872467041,14.369972229003906
1695384000.0,1.8140416145324707,13.831398010253906
1695405600.0,1.8915525674819946,20.153175354003906
1695427200.0,1.9424476623535156,19.667335510253906
1695448800.0,1.8855462074279785,19.193702697753906
1695470400.0,1.9871764183044434,18.273780822753906
1695492000.0,2.0659525394439697,17.805519104003906
1695513600.0,1.8757890462875366,17.375831604003906
1695535200.0,1.7430660724639893,16.649757385253906
1695556800.0,1.7110729217529297,16.304542541503906
1695578400.0,1.7269809246063232,16.058448791503906
1695600000.0,1.700119137763977,15.716163635253906
1695621600.0,1.7328832149505615,15.077003479003906
1695643200.0,1.8464665412902832,14.806983947753906
1695664800.0,2.0250120162963867,14.599464416503906
1695686400.0,1.9578341245651245,14.601417541503906
1695708000.0,1.882364273071289,14.825050354003906
1695729600.0,1.9678324460983276,14.984230041503906
1695751200.0,2.1390974521636963,14.835304260253906
1695772800.0,1.7740110158920288,13.710792541503906
1695794400.0,1.698952078819275,13.928077697753906
1695816000.0,1.7926301956176758,13.721046447753906
1695837600.0,1.828317403793335,13.511085510253906
1695859200.0,1.6355209350585938,13.431983947753906
1695880800.0,1.5918114185333252,13.687355041503906
1695902400.0,1.7319798469543457,15.645851135253906
1695924000.0,1.7966387271881104,15.968605041503906
1695945600.0,1.7977726459503174,15.935401916503906
1695967200.0,1.809607982635498,15.722023010253906
1695988800.0,1.8254477977752686,15.120460510253906
1696010400.0,1.7764678001403809,14.803077697753906
1696032000.0,1.941467046737671,14.654884338378906
1696053600.0,1.763526439666748,14.022804260253906
1696075200.0,1.6144120693206787,13.733985900878906
1696096800.0,1.6675395965576172,13.621192932128906
1696118400.0,1.8130459785461426,13.549171447753906
1696140000.0,1.744755506515503,13.477394104003906
1696161600.0,1.6481852531433105,13.409523010253906
1696183200.0,1.8048779964447021,13.423194885253906
1696204800.0,1.98468017578125,13.578712463378906
1696226400.0,2.011472702026367,13.825782775878906
1696248000.0,1.9286108016967773,14.013526916503906
1696269600.0,2.0630884170532227,14.063331604003906
1696291200.0,2.0812506675720215,14.142921447753906
1696312800.0,2.04127836227417,14.112159729003906
1696334400.0,2.006817579269409,14.056983947753906
1696356000.0,2.085513114929199,14.282081604003906
1696377600.0,2.0449533462524414,15.353370666503906
1696399200.0,2.108139991760254,16.845558166503906
1696420800.0,2.458359956741333,17.139015197753906
1696442400.0,2.693646192550659,16.886085510253906
1696464000.0,2.5755608081817627,16.584327697753906
1696485600.0,2.41843318939209,16.342628479003906
1696507200.0,2.4498581886291504,16.063819885253906
1696528800.0,2.2771530151367188,15.975929260253906
1696550400.0,2.134960889816284,15.362159729003906
1696572000.0,1.8772783279418945,14.669288635253906
1696593600.0,1.7162821292877197,14.156105041503906
1696615200.0,1.693533182144165,13.842628479003906
1696636800.0,1.732701063156128,13.857276916503906
1696658400.0,1.5811293125152588,13.971534729003906
1696680000.0,1.5215874910354614,16.072120666503906
1696701600.0,1.585937738418579,16.015968322753906
1696723200.0,1.6173125505447388,15.781105041503906
1696744800.0,1.447051763534546,15.206398010253906
1696766400.0,1.4492627382278442,14.688819885253906
1696788000.0,1.4932498931884766,14.419288635253906
1696809600.0,1.7022068500518799,15.415382385253906
1696831200.0,1.6141046285629272,15.462745666503906
1696852800.0,1.6826131343841553,15.735694885253906
1696874400.0,1.6796557903289795,18.986671447753906
1696896000.0,1.6187610626220703,17.507667541503906
1696917600.0,1.5317821502685547,16.070655822753906
1696939200.0,1.701934576034546,15.565773010253906
1696960800.0,1.622058629989624,14.902687072753906
1696982400.0,1.5318742990493774,14.513526916503906
1697004000.0,1.5259413719177246,14.058937072753906
1697025600.0,1.594191551208496,13.710792541503906
1697047200.0,1.5023537874221802,13.192726135253906
1697068800.0,1.4537906646728516,12.895362854003906
1697090400.0,1.4177296161651611,13.035987854003906
1697112000.0,1.375415325164795,13.615089416503906
1697133600.0,1.4058113098144531,14.322608947753906
1697155200.0,1.5005466938018799,14.232765197753906
1697176800.0,1.5389248132705688,13.800148010253906
1697198400.0,1.605715274810791,13.413917541503906
1697220000.0,1.5683658123016357,13.140480041503906
1697241600.0,1.5465893745422363,12.747413635253906
1697263200.0,1.560464859008789,12.269386291503906
1697284800.0,1.5612369775772095,12.181007385253906
1697306400.0,1.5402023792266846,11.824562072753906
1697328000.0,1.5015705823898315,16.742530822753906
1697349600.0,1.4598939418792725,16.711280822753906
1697371200.0,1.568613052368164,17.153175354003906
1697392800.0,1.7132498025894165,17.175636291503906
1697414400.0,1.6454720497131348,16.099464416503906
1697436000.0,1.7329672574996948,15.923194885253906
1697457600.0,1.715735673904419,15.298194885253906
1697479200.0,1.7050812244415283,14.828468322753906
1697500800.0,1.608072280883789,14.586280822753906
1697522400.0,1.5013270378112793,14.324073791503906
1697544000.0,1.4250073432922363,13.787940979003906
1697565600.0,1.4179761409759521,13.460792541503906
1697587200.0,1.4240734577178955,13.259132385253906
1697608800.0,1.2953412532806396,13.058448791503906
1697630400.0,1.2081663608551025,12.712745666503906
1697652000.0,1.0385050773620605,12.481300354003906
1697673600.0,0.953116774559021,12.494972229003906
1697695200.0,0.9809820055961609,12.660987854003906
1697716800.0,0.9471703171730042,12.707374572753906
1697738400.0,0.9221038818359375,12.628273010253906
1697760000.0,0.9059873819351196,12.538917541503906
1697781600.0,0.9219025373458862,12.489112854003906
1697803200.0,1.0676623582839966,12.517433166503906
1697824800.0,1.0312309265136719,12.874855041503906
1697846400.0,1.0500974655151367,14.179542541503906
1697868000.0,1.1323797702789307,14.279151916503906
1697889600.0,1.3289042711257935,13.785499572753906
1697911200.0,1.3487725257873535,13.400245666503906
1697932800.0,1.2533297538757324,13.139015197753906
1697954400.0,1.1997779607772827,12.699073791503906
1697976000.0,1.2440125942230225,12.268898010253906
1697997600.0,1.1655299663543701,12.048194885253906
1698019200.0,1.0403954982757568,11.820167541503906
1698040800.0,0.9862084984779358,11.420265197753906
1698062400.0,0.9980526566505432,11.219093322753906
1698084000.0,0.9339979290962219,11.164405822753906
1698105600.0,0.9133380651473999,11.160011291503906
1698127200.0,0.8979475498199463,11.118995666503906
1698148800.0,0.952566921710968,11.017433166503906
1698170400.0,1.0581088066101074,10.834327697753906
1698192000.0,1.0013009309768677,10.540382385253906
1698213600.0,0.9789057970046997,15.612159729003906
1698235200.0,1.1260861158370972,14.841651916503906
1698256800.0,1.2409368753433228,14.473487854003906
1698278400.0,1.2746357917785645,13.759132385253906
1698300000.0,1.225527286529541,13.398292541503906
1698321600.0,1.2445392608642578,13.152198791503906
1698343200.0,1.2112300395965576,12.667823791503906
1698364800.0,1.2849102020263672,12.286476135253906
1698386400.0,1.2589788436889648,12.125343322753906
1698408000.0,1.2334389686584473,11.996437072753906
1698429600.0,1.3174958229064941,6.039405822753906
1698451200.0,1.4015367031097412,5.678565979003906
1698472800.0,1.3192811012268066,9.035499572753906
1698494400.0,1.424787998199463,9.693214416503906
1698516000.0,1.4921371936798096,10.036964416503906
1698537600.0,1.446616291999817,10.337257385253906
1698559200.0,1.3775205612182617,10.643409729003906
1698580800.0,1.4690306186676025,10.901466369628906
1698602400.0,1.5561821460723877,13.164405822753906
1698624000.0,1.4829857349395752,12.910743713378906
1698645600.0,1.4299283027648926,12.460548400878906
1698667200.0,1.4260320663452148,12.196144104003906
1698688800.0,1.437513828277588,11.979103088378906
1698710400.0,1.3657841682434082,11.783790588378906
1698732000.0,1.2528328895568848,11.371681213378906
1698753600.0,1.3080933094024658,11.032569885253906
1698775200.0,1.344092607498169,10.770606994628906
1698796800.0,1.2199814319610596,16.005714416503906
1698818400.0,1.1570554971694946,15.400733947753906
1698840000.0,1.2403695583343506,14.818702697753906
1698861600.0,1.2953013181686401,14.547706604003906
1698883200.0,1.2525627613067627,14.165382385253906
1698904800.0,1.2194247245788574,13.626808166503906
1698926400.0,1.256883978843689,13.398292541503906
1698948000.0,1.2487375736236572,13.203224182128906
1698969600.0,1.17469322681427,12.884132385253906
1698991200.0,1.0883302688598633,12.356300354003906
1699012800.0,1.0571174621582031,12.111427307128906
1699034400.0,1.051820993423462,11.913185119628906
1699056000.0,0.986603319644928,11.564796447753906
1699077600.0,0.9307490587234497,11.177345275878906
1699099200.0,1.0965983867645264,10.972511291503906
1699120800.0,1.059140920639038,10.802589416503906
1699142400.0,0.9312863945960999,10.488136291503906
1699164000.0,0.8739793300628662,10.113136291503906
1699185600.0,0.8970625400543213,6.317237854003906
1699207200.0,0.9087139964103699,13.499855041503906
1699228800.0,0.9653417468070984,13.581886291503906
1699250400.0,1.0269038677215576,17.191261291503906
1699272000.0,1.1557612419128418,15.924659729003906
1699293600.0,1.2199349403381348,15.771827697753906
1699315200.0,1.3061641454696655,15.362159729003906
1699336800.0,1.2941441535949707,14.687355041503906
1699358400.0,1.3542091846466064,14.424171447753906
1699380000.0,1.3491156101226807,14.239112854003906
1699401600.0,1.2416245937347412,13.834327697753906
1699423200.0,1.198491096496582,13.510597229003906
1699444800.0,1.1693707704544067,13.378028869628906
1699466400.0,1.168623447418213,13.466163635253906
1699488000.0,1.1823656558990479,13.789649963378906
1699509600.0,1.2042133808135986,14.147560119628906
1699531200.0,1.2234611511230469,14.164894104003906
1699552800.0,1.2227296829223633,13.951026916503906
1699574400.0,1.2496230602264404,13.694679260253906
1699596000.0,1.2579758167266846,13.485206604003906
1699617600.0,1.2347822189331055,13.333351135253906
1699639200.0,1.2584285736083984,13.206886291503906
1699660800.0,1.2500923871994019,13.080421447753906
1699682400.0,1.1821080446243286,12.903663635253906
1699704000.0,1.180668592453003,12.577980041503906
1699725600.0,1.1946744918823242,12.519874572753906
1699747200.0,1.1910899877548218,13.235694885253906
1699768800.0,1.2649848461151123,14.216651916503906
1699790400.0,1.4550368785858154,13.980812072753906
1699812000.0,1.5696682929992676,13.633888244628906
1699833600.0,1.5948641300201416,13.398292541503906
1699855200.0,1.5550241470336914,13.220069885253906
1699876800.0,1.578888177871704,13.038917541503906
1699898400.0,1.577916145324707,12.751319885253906
1699920000.0,1.4898734092712402,12.435890197753906
1699941600.0,1.405805230140686,12.245460510253906
1699963200.0,1.4075274467468262,12.097023010253906
1699984800.0,1.3386027812957764,11.930519104003906
1700006400.0,1.2570960521697998,11.610206604003906
1700028000.0,1.2036805152893066,11.264991760253906
1700049600.0,1.3618249893188477,11.117042541503906
1700071200.0,1.3097647428512573,11.015968322753906
1700092800.0,1.2715656757354736,16.190284729003906
1700114400.0,1.239654541015625,15.920753479003906
1700136000.0,1.2822949886322021,15.258644104003906
1700157600.0,1.2633790969848633,14.885108947753906
1700179200.0,1.1918509006500244,14.705421447753906
1700200800.0,1.0767371654510498,14.516456604003906
1700222400.0,1.062570571899414,14.107276916503906
1700244000.0,1.0591058731079102,13.620948791503906
1700265600.0,0.9994134306907654,13.428077697753906
1700287200.0,0.9453069567680359,13.284034729003906
1700308800.0,1.1236798763275146,13.085304260253906
1700330400.0,1.2894314527511597,12.481788635253906
1700352000.0,1.1621124744415283,12.098487854003906
1700373600.0,1.10660982131958,11.892433166503906
1700395200.0,1.1361169815063477,11.486183166503906
1700416800.0,1.2282350063323975,5.300636291503906
1700438400.0,1.2824581861495972,5.394874572753906
1700460000.0,1.168738842010498,5.672218322753906
1700481600.0,1.1637670993804932,5.598976135253906
1700503200.0,1.0702756643295288,5.583351135253906
1700524800.0,1.0930485725402832,5.303565979003906
1700546400.0,1.0546979904174805,5.653175354003906
1700568000.0,1.0083281993865967,5.972511291503906
1700589600.0,1.030552864074707,5.760108947753906
1700611200.0,1.0252712965011597,5.823097229003906
1700632800.0,0.9795350432395935,6.077003479003906
1700654400.0,0.9601843357086182,11.245948791503906
1700676000.0,0.9564223289489746,13.690284729003906
1700697600.0,0.9455348253250122,13.541358947753906
1700719200.0,1.0088045597076416,13.345069885253906
1700740800.0,1.0183250904083252,13.110694885253906
1700762400.0,1.004565954208374,12.838722229003906
1700784000.0,1.0009393692016602,12.509620666503906
1700805600.0,1.0209442377090454,12.296730041503906
1700827200.0,1.0760247707366943,12.116065979003906
1700848800.0,1.1010704040527344,11.969093322753906
1700870400.0,1.127795696258545,11.836769104003906
1700892000.0,1.0379142761230469,11.677101135253906
1700913600.0,0.9449288845062256,11.375343322753906
1700935200.0,0.8885650038719177,11.159034729003906
1700956800.0,0.8884291648864746,11.007667541503906
1700978400.0,0.8807283639907837,10.892921447753906
1701000000.0,0.8654000163078308,10.791358947753906
1701021600.0,0.8900474309921265,10.678077697753906
1701043200.0,0.8538934588432312,10.766944885253906
1701064800.0,0.8221994042396545,12.447608947753906
1701086400.0,0.8147271871566772,12.809913635253906
1701108000.0,0.8208954334259033,12.431983947753906
1701129600.0,0.8511662483215332,12.042335510253906
1701151200.0,0.9158065915107727,11.555519104003906
1701172800.0,1.0196998119354248,11.259620666503906
1701194400.0,1.0499286651611328,11.083839416503906
1701216000.0,0.9997896552085876,10.918800354003906
1701237600.0,0.9746495485305786,10.762062072753906
1701259200.0,1.009204626083374,10.709327697753906
1701280800.0,1.0659294128417969,6.185401916503906
1701302400.0,1.0101163387298584,6.193214416503906
1701324000.0,0.9396071434020996,15.651222229003906
1701345600.0,0.9376813173294067,15.040870666503906
1701367200.0,0.9633095264434814,14.809425354003906
1701388800.0,0.9780146479606628,14.684425354003906
1701410400.0,0.9589146971702576,14.577003479003906
1701432000.0,1.0031063556671143,14.434913635253906
1701453600.0,1.0601813793182373,14.215675354003906
1701475200.0,1.1019296646118164,14.012550354003906
1701496800.0,1.2098314762115479,13.850929260253906
1701518400.0,1.2498574256896973,13.674171447753906
1701540000.0,1.4099370241165161,13.493019104003906
1701561600.0,1.306086778640747,13.334815979003906
1701583200.0,1.2005438804626465,13.182960510253906
1701604800.0,1.1865816116333008,12.985694885253906
1701626400.0,1.1851065158843994,12.591163635253906
1701648000.0,1.1104179620742798,12.352394104003906
1701669600.0,1.083651065826416,12.316261291503906
1701691200.0,1.1510721445083618,15.472511291503906
1701712800.0,1.268202781677246,14.828468322753906
1701734400.0,1.3881175518035889,14.514503479003906
1701756000.0,1.5102102756500244,14.153663635253906
1701777600.0,1.6360968351364136,13.888526916503906
1701799200.0,1.6557971239089966,13.858009338378906
1701820800.0,1.609514832496643,13.846290588378906
1701842400.0,1.559289574623108,13.719581604003906
1701864000.0,1.5752453804016113,13.547218322753906
1701885600.0,1.5085115432739258,13.409034729003906
1701907200.0,1.4405429363250732,13.299659729003906
1701928800.0,1.4285848140716553,13.191749572753906
1701950400.0,1.4136278629302979,13.042823791503906
1701972000.0,1.3518255949020386,12.791358947753906
1701993600.0,1.3095335960388184,12.539894104003906
1702015200.0,1.2911272048950195,12.391944885253906
1702036800.0,1.3094292879104614,12.277687072753906
1702058400.0,1.3266832828521729,12.178077697753906
1702080000.0,1.2770512104034424,12.069190979003906
1702101600.0,1.2180382013320923,11.915382385253906
1702123200.0,1.20361328125,11.658058166503906
1702144800.0,1.222198724746704,16.244483947753906
1702166400.0,1.2450149059295654,15.955909729003906
1702188000.0,1.2776048183441162,15.251319885253906
1702209600.0,1.3199710845947266,14.815773010253906
1702231200.0,1.3846943378448486,14.562355041503906
1702252800.0,1.4796457290649414,14.214698791503906
1702274400.0,1.4252790212631226,13.621437072753906
1702296000.0,1.390204668045044,13.357276916503906
1702317600.0,1.404585599899292,13.148780822753906
1702339200.0,1.317173957824707,12.825538635253906
1702360800.0,1.2785429954528809,12.308937072753906
1702382400.0,1.2399170398712158,12.108741760253906
1702404000.0,1.166697382926941,12.032081604003906
1702425600.0,1.1268784999847412,12.149269104003906
1702447200.0,1.0998077392578125,12.461280822753906
1702468800.0,1.1526237726211548,14.215187072753906
1702490400.0,1.2143917083740234,13.985694885253906
1702512000.0,1.2188470363616943,13.569190979003906
1702533600.0,1.2284574508666992,13.396339416503906
1702555200.0,1.2735227346420288,13.280128479003906
1702576800.0,1.283231496810913,13.149269104003906
1702598400.0,1.254741907119751,12.937843322753906
1702620000.0,1.1816308498382568,12.549171447753906
1702641600.0,1.0941572189331055,12.362159729003906
1702663200.0,1.0631648302078247,12.264015197753906
1702684800.0,1.0028517246246338,12.194190979003906
1702706400.0,0.9358149170875549,12.122901916503906
1702728000.0,0.9498900175094604,12.030128479003906
1702749600.0,0.9409427642822266,11.881202697753906
1702771200.0,0.9160825610160828,11.587257385253906
1702792800.0,0.9218313694000244,11.345069885253906
1702814400.0,0.9516953229904175,11.209815979003906
1702836000.0,0.9413042664527893,11.111671447753906
1702857600.0,0.9437641501426697,11.009620666503906
1702879200.0,0.9370293617248535,10.880226135253906
1702900800.0,0.9542633891105652,10.662940979003906
1702922400.0,0.9602422118186951,10.428565979003906
1702944000.0,0.9937870502471924,16.291358947753906
1702965600.0,1.075323462486267,16.447120666503906
1702987200.0,1.1959412097930908,17.187843322753906
1703008800.0,1.2444602251052856,16.890480041503906
1703030400.0,1.2832398414611816,16.036964416503906
1703052000.0,1.3156201839447021,15.313819885253906
1703073600.0,1.3510699272155762,14.847023010253906
1703095200.0,1.3430756330490112,14.481300354003906
1703116800.0,1.3075079917907715,13.915870666503906
1703138400.0,1.2719082832336426,13.549659729003906
1703160000.0,1.23941969871521,13.329444885253906
1703181600.0,1.206190824508667,13.094093322753906
1703203200.0,1.176966905593872,12.733741760253906
1703224800.0,1.1477227210998535,12.447608947753906
1703246400.0,1.1306180953979492,12.275245666503906
1703268000.0,1.099052906036377,12.111183166503906
1703289600.0,1.0721098184585571,11.982521057128906
1703311200.0,1.0535935163497925,12.078468322753906
1703332800.0,1.0435981750488281,12.651710510253906
1703354400.0,1.0553898811340332,13.355323791503906
1703376000.0,1.0556378364562988,13.271339416503906
1703397600.0,1.0279405117034912,13.157569885253906
1703419200.0,1.005508303642273,12.962257385253906
1703440800.0,0.9925422072410583,12.545753479003906
1703462400.0,0.9911713600158691,12.306007385253906
1703484000.0,1.0040132999420166,12.173194885253906
1703505600.0,1.0111217498779297,12.096534729003906
1703527200.0,1.0235018730163574,14.892921447753906
1703548800.0,1.0357966423034668,14.696632385253906
1703570400.0,1.0529413223266602,14.502296447753906
1703592000.0,1.0626018047332764,14.227394104003906
1703613600.0,1.0681877136230469,13.761085510253906
1703635200.0,1.0617520809173584,13.515480041503906
1703656800.0,1.0532052516937256,13.329933166503906
1703678400.0,1.0454323291778564,13.118019104003906
1703700000.0,1.0238947868347168,12.753761291503906
1703721600.0,1.0009889602661133,12.469093322753906
1703743200.0,0.9655604958534241,12.350440979003906
1703764800.0,0.9567809700965881,12.308937072753906
1703786400.0,0.9714428782463074,12.333839416503906
1703808000.0,0.9906900525093079,12.452980041503906
1703829600.0,0.9980612397193909,12.736671447753906
1703851200.0,1.0404345989227295,13.519874572753906
1703872800.0,1.04570734500885,13.597999572753906
1703894400.0,1.055635929107666,13.477882385253906
1703916000.0,1.0797334909439087,13.402687072753906
1703937600.0,1.1140100955963135,13.402687072753906
1703959200.0,1.145639181137085,16.192237854003906
1703980800.0,1.1419132947921753,15.965675354003906
1704002400.0,1.163773775100708,15.613136291503906
1704024000.0,1.2239224910736084,14.781593322753906
1704045600.0,1.1820014715194702,14.580421447753906
1704067200.0,1.1444575786590576,14.428565979003906
1704088800.0,1.1055070161819458,14.225440979003906
1704110400.0,1.1060371398925781,13.711280822753906
1704132000.0,1.067523717880249,13.459327697753906
1704153600.0,1.037270426750183,13.336280822753906
1704175200.0,0.999769389629364,13.266944885253906
1704196800.0,0.9729912281036377,13.259132385253906
1704218400.0,0.9672168493270874,13.391456604003906
1704240000.0,0.9712749719619751,13.777687072753906
1704261600.0,0.9829738736152649,13.774269104003906
1704283200.0,1.0044480562210083,13.517921447753906
1704304800.0,1.0653126239776611,13.322608947753906
1704326400.0,1.0822864770889282,13.086280822753906
1704348000.0,1.104585886001587,12.572608947753906
1704369600.0,1.0676774978637695,12.281105041503906
1704391200.0,1.0648655891418457,12.110206604003906
1704412800.0,1.054610013961792,11.931007385253906
1704434400.0,1.0706896781921387,11.559425354003906
1704456000.0,1.108863115310669,14.967628479003906
1704477600.0,1.1518974304199219,14.757179260253906
1704499200.0,1.1844477653503418,14.580421447753906
1704520800.0,1.2257435321807861,14.408546447753906
1704542400.0,1.3094983100891113,14.189308166503906
1704564000.0,1.2876921892166138,13.848487854003906
1704585600.0,1.2773653268814087,13.674171447753906
1704607200.0,1.2781985998153687,13.579444885253906
1704628800.0,1.2536534070968628,13.534523010253906
1704650400.0,1.1960289478302002,13.540382385253906
1704672000.0,1.1691173315048218,13.667335510253906
1704693600.0,1.1663851737976074,14.065284729003906
1704715200.0,1.1840980052947998,14.253273010253906
1704736800.0,1.213994026184082,14.188819885253906
1704758400.0,1.2338051795959473,13.868507385253906
1704780000.0,1.2574098110198975,13.656593322753906
1704801600.0,1.294480800628662,13.519386291503906
1704823200.0,1.2804017066955566,13.428565979003906
1704844800.0,1.2563003301620483,13.358253479003906
1704866400.0,1.2318190336227417,13.292823791503906
1704888000.0,1.246190071105957,13.230812072753906
1704909600.0,1.2588763236999512,13.166847229003906
1704931200.0,1.2118394374847412,13.111671447753906
1704952800.0,1.1656849384307861,13.060890197753906
1704974400.0,1.2563421726226807,13.078956604003906
1704996000.0,1.4361369609832764,13.207374572753906
1705017600.0,1.3918229341506958,13.308448791503906
1705039200.0,1.2614564895629883,13.282081604003906
1705060800.0,1.1884136199951172,13.196144104003906
1705082400.0,1.2033915519714355,13.056983947753906
1705104000.0,1.1797643899917603,12.793312072753906
1705125600.0,1.1475199460983276,12.454444885253906
1705147200.0,1.16609525680542,12.271339416503906
1705168800.0,1.1389679908752441,12.144386291503906
1705190400.0,1.1077234745025635,12.044776916503906
1705212000.0,1.0902585983276367,11.971046447753906
1705233600.0,1.0877841711044312,11.941749572753906
1705255200.0,1.1044154167175293,11.955421447753906
1705276800.0,1.1022429466247559,12.134132385253906
1705298400.0,1.1119790077209473,14.552589416503906
1705320000.0,1.1281521320343018,14.369483947753906
1705341600.0,1.2441658973693848,13.908058166503906
1705363200.0,1.2011959552764893,13.504249572753906
1705384800.0,1.1567645072937012,13.306983947753906
1705406400.0,1.1540964841842651,13.120216369628906
1705428000.0,1.1777660846710205,12.781105041503906
1705449600.0,1.2009491920471191,12.292823791503906
1705471200.0,1.219355583190918,12.103858947753906
1705492800.0,1.2202885150909424,11.992042541503906
1705514400.0,1.1708931922912598,11.863136291503906
1705536000.0,1.196155071258545,10.766944885253906
1705557600.0,1.1638569831848145,10.080421447753906
1705579200.0,1.1744276285171509,9.891944885253906
1705600800.0,1.2160009145736694,9.761085510253906
1705622400.0,1.1948285102844238,9.725929260253906
1705644000.0,1.1791954040527344,9.891944885253906
1705665600.0,1.227327823638916,10.306007385253906
1705687200.0,1.2618829011917114,10.751808166503906
1705708800.0,1.4201741218566895,10.827980041503906
1705730400.0,1.3642948865890503,10.814796447753906
1705752000.0,1.37132728099823,15.115089416503906
1705773600.0,1.2512152194976807,14.783546447753906
1705795200.0,1.3239226341247559,14.574562072753906
1705816800.0,1.2323930263519287,14.270362854003906
1705838400.0,1.314060926437378,13.693214416503906
1705860000.0,1.2836074829101562,13.413917541503906
1705881600.0,1.305760383605957,13.176612854003906
1705903200.0,1.31618070602417,12.734230041503906
1705924800.0,1.3771336078643799,12.230812072753906
1705946400.0,1.4407901763916016,12.018409729003906
1705968000.0,1.4264092445373535,11.855323791503906
1705989600.0,1.3164803981781006,11.623390197753906
1706011200.0,1.2248680591583252,11.302101135253906
1706032800.0,1.186865210533142,11.101417541503906
1706054400.0,1.2520002126693726,10.942237854003906
1706076000.0,1.2031000852584839,10.777198791503906
1706097600.0,1.2177155017852783,10.460792541503906
1706119200.0,1.1422444581985474,10.173683166503906
1706140800.0,1.0849298238754272,10.019386291503906
1706162400.0,1.0316028594970703,9.889015197753906
1706184000.0,1.0291061401367188,9.737159729003906
1706205600.0,1.004570484161377,9.422706604003906
1706227200.0,0.9837943315505981,9.235694885253906
1706248800.0,0.9736645221710205,9.151222229003906
1706270400.0,0.9892860054969788,9.107276916503906
1706292000.0,1.0442941188812256,15.096046447753906
1706313600.0,1.132690668106079,15.035987854003906
1706335200.0,1.2381095886230469,14.573585510253906
1706356800.0,1.3195143938064575,13.964210510253906
1706378400.0,1.3515808582305908,13.493019104003906
1706400000.0,1.3594924211502075,13.186378479003906
1706421600.0,1.3517227172851562,12.761573791503906
1706443200.0,1.3543059825897217,12.308937072753906
1706464800.0,1.334006667137146,12.091163635253906
1706486400.0,1.293015956878662,11.881202697753906
1706508000.0,1.2372866868972778,11.495948791503906
1706529600.0,1.2279572486877441,11.209327697753906
1706551200.0,1.1936180591583252,11.042823791503906
1706572800.0,1.1545989513397217,10.885597229003906
1706594400.0,1.1094233989715576,10.640480041503906
1706616000.0,1.0952932834625244,10.336280822753906
1706637600.0,1.1133509874343872,10.234718322753906
1706659200.0,1.091224193572998,13.676124572753906
1706680800.0,1.095936894416809,17.622413635253906
1706702400.0,1.1197738647460938,13.562843322753906
1706724000.0,1.15571928024292,16.109718322753906
1706745600.0,1.189643144607544,15.957374572753906
1706767200.0,1.2223037481307983,15.779151916503906
1706788800.0,1.2494198083877563,13.976173400878906
1706810400.0,1.269423007965088,14.343116760253906
1706832000.0,1.2816977500915527,14.306007385253906
1706853600.0,1.2837550640106201,14.172218322753906
1706875200.0,1.2973239421844482,13.385841369628906
1706896800.0,1.2985610961914062,13.119728088378906
1706918400.0,1.2389569282531738,12.974708557128906
1706940000.0,1.2211472988128662,12.965187072753906
1706961600.0,1.2484012842178345,13.028663635253906
1706983200.0,1.2371056079864502,13.104835510253906
1707004800.0,1.2062232494354248,13.188819885253906
1707026400.0,1.2099101543426514,13.298683166503906
1707048000.0,1.2144438028335571,13.341651916503906
1707069600.0,1.2596628665924072,13.270851135253906
1707091200.0,1.2592456340789795,13.115089416503906
1707112800.0,1.2542173862457275,12.901710510253906
1707134400.0,1.2714340686798096,12.574562072753906
1707156000.0,1.3075942993164062,12.365089416503906
1707177600.0,1.3098018169403076,12.219581604003906
1707199200.0,1.4274258613586426,12.093605041503906
1707220800.0,1.3117058277130127,11.958351135253906
1707242400.0,1.1884311437606812,11.791847229003906
1707264000.0,1.097699761390686,11.365577697753906
1707285600.0,1.055558443069458,11.104347229003906
1707307200.0,1.0417885780334473,10.939308166503906
1707328800.0,0.9824743270874023,10.785499572753906
1707350400.0,0.9294908046722412,10.624366760253906
1707372000.0,0.8906691074371338,10.391456604003906
1707393600.0,0.875788152217865,10.254737854003906
1707415200.0,0.8490521907806396,10.175636291503906
1707436800.0,0.8293163776397705,10.072120666503906
1707458400.0,0.8048850297927856,9.917335510253906
1707480000.0,0.7889242172241211,9.740577697753906
1707501600.0,0.7718945145606995,9.403175354003906
1707523200.0,0.7589524984359741,9.159034729003906
1707544800.0,0.7523235082626343,14.273292541503906
1707566400.0,0.7545735836029053,13.678565979003906
1707588000.0,0.7550815939903259,13.428077697753906
1707609600.0,0.7423756718635559,13.253761291503906
1707631200.0,0.7438334822654724,13.060890197753906
1707652800.0,0.753247082233429,12.803077697753906
1707674400.0,0.7510929703712463,12.479835510253906
1707696000.0,0.7495421767234802,12.291358947753906
1707717600.0,0.7545620799064636,12.129249572753906
1707739200.0,0.7524270415306091,11.955909729003906
1707760800.0,0.7669978737831116,11.730812072753906
1707782400.0,0.7553654909133911,11.484718322753906
1707804000.0,0.7553476691246033,11.421730041503906
1707825600.0,0.7618797421455383,12.118507385253906
1707847200.0,0.7673254013061523,12.626564025878906
1707868800.0,0.7812131643295288,12.484230041503906
1707890400.0,0.8113110661506653,12.356300354003906
1707912000.0,0.8236244320869446,12.195655822753906
1707933600.0,0.8736271858215332,12.025733947753906
1707955200.0,0.9207294583320618,11.739356994628906
1707976800.0,0.9577485918998718,11.226661682128906
1707998400.0,0.9721395373344421,10.978370666503906
1708020000.0,0.9829755425453186,10.798194885253906
1708041600.0,0.9864515662193298,10.571144104003906
1708063200.0,1.0026674270629883,10.359230041503906
1708084800.0,1.0077359676361084,10.235694885253906
1708106400.0,0.9933037161827087,13.832374572753906
1708128000.0,0.95285564661026,13.224952697753906
1708149600.0,0.9227021336555481,12.425636291503906
1708171200.0,0.8967795372009277,12.039894104003906
1708192800.0,0.8726462721824646,11.873878479003906
1708214400.0,0.8618776798248291,11.731788635253906
1708236000.0,0.8557253479957581,11.323097229003906
1708257600.0,0.85260409116745,16.137062072753906
1708279200.0,0.851887047290802,15.703468322753906
1708300800.0,0.8396942615509033,14.911964416503906
1708322400.0,0.8519307971000671,14.572120666503906
1708344000.0,0.8709672093391418,14.148780822753906
1708365600.0,0.8740777969360352,13.518409729003906
1708387200.0,0.854155957698822,13.218605041503906
1708408800.0,0.8451949954032898,12.910987854003906
1708430400.0,0.8228263854980469,12.397804260253906
1708452000.0,0.7991569638252258,12.027198791503906
1708473600.0,0.7961080074310303,11.660987854003906
1708495200.0,0.8404516577720642,11.371925354003906
1708516800.0,0.946953296661377,14.583351135253906
1708538400.0,1.1200330257415771,13.895362854003906
1708560000.0,1.1749331951141357,13.383644104003906
1708581600.0,1.2042229175567627,13.069190979003906
1708603200.0,1.182279109954834,12.508644104003906
1708624800.0,1.1226246356964111,12.091163635253906
1708646400.0,1.1617423295974731,11.712745666503906
1708668000.0,1.1222972869873047,11.257179260253906
1708689600.0,1.1477068662643433,11.005226135253906
1708711200.0,1.1565048694610596,10.781593322753906
1708732800.0,1.2346229553222656,10.786964416503906
1708754400.0,1.2925246953964233,10.500343322753906
1708776000.0,1.356764316558838,12.395851135253906
1708797600.0,1.3736331462860107,12.175148010253906
1708819200.0,1.3117121458053589,12.053565979003906
1708840800.0,1.2479708194732666,11.936866760253906
1708862400.0,1.193114995956421,11.731788635253906
1708884000.0,1.1405494213104248,11.212257385253906
1708905600.0,1.1280722618103027,10.911964416503906
1708927200.0,1.0585787296295166,10.668800354003906
1708948800.0,0.9911987781524658,10.260597229003906
1708970400.0,1.0403540134429932,10.172218322753906
1708992000.0,1.0824329853057861,10.255714416503906
1709013600.0,1.0577629804611206,10.388038635253906
1709035200.0,1.0357742309570312,13.505226135253906
1709056800.0,1.055608868598938,13.302101135253906
1709078400.0,1.0443546772003174,13.003273010253906
1709100000.0,1.0445101261138916,12.452980041503906
1709121600.0,1.0303174257278442,12.129737854003906
1709143200.0,1.0163359642028809,11.958351135253906
1709164800.0,1.0057463645935059,11.742042541503906
1709186400.0,1.0263237953186035,11.473487854003906
1709208000.0,1.008563756942749,11.353858947753906
1709229600.0,0.9970887899398804,11.313819885253906
1709251200.0,0.9960207343101501,13.569190979003906
1709272800.0,1.0355792045593262,13.796241760253906
1709294400.0,1.1349492073059082,13.520362854003906
1709316000.0,1.1430301666259766,13.261085510253906
1709337600.0,1.1370563507080078,12.928565979003906
1709359200.0,1.149201512336731,12.400733947753906
1709380800.0,1.2034765481948853,16.294288635253906
1709402400.0,1.2946522235870361,16.009132385253906
1709424000.0,1.3692950010299683,15.565284729003906
1709445600.0,1.3997266292572021,14.828224182128906
1709467200.0,1.4442466497421265,14.324317932128906
1709488800.0,1.440298318862915,13.638771057128906
1709510400.0,1.4238020181655884,13.314796447753906
1709532000.0,1.4099558591842651,13.092628479003906
1709553600.0,1.496512770652771,12.799659729003906
1709575200.0,1.4371813535690308,12.581398010253906
1709596800.0,1.5180320739746094,12.669776916503906
1709618400.0,1.574289083480835,12.760597229003906
1709640000.0,1.4972302913665771,12.560401916503906
1709661600.0,1.3222259283065796,12.240577697753906
1709683200.0,1.3080241680145264,12.069679260253906
1709704800.0,1.2194583415985107,12.190773010253906
1709726400.0,1.261810541152954,13.552589416503906
1709748000.0,1.197295069694519,13.725440979003906
1709769600.0,1.2468492984771729,13.613624572753906
1709791200.0,1.3216967582702637,13.514991760253906
1709812800.0,1.6040574312210083,13.484718322753906
1709834400.0,1.6493337154388428,13.447120666503906
1709856000.0,1.7305381298065186,13.852882385253906
1709877600.0,1.913037657737732,14.498390197753906
1709899200.0,2.105523109436035,14.392433166503906
1709920800.0,1.9847872257232666,14.194679260253906
1709942400.0,2.0470430850982666,13.805030822753906
1709964000.0,1.929306983947754,13.557472229003906
1709985600.0,1.7373842000961304,13.337257385253906
1710007200.0,1.6723681688308716,10.136085510253906
1710028800.0,1.641620397567749,10.246437072753906
1710050400.0,1.6324462890625,10.178565979003906
1710072000.0,1.6123765707015991,10.030128479003906
1710093600.0,1.5930949449539185,10.108253479003906
1710115200.0,1.6024752855300903,10.336280822753906
1710136800.0,1.8472628593444824,10.865089416503906
1710158400.0,2.0085816383361816,11.194679260253906
1710180000.0,2.3256747722625732,11.285499572753906
1710201600.0,2.450181722640991,11.249855041503906
1710223200.0,2.3294241428375244,10.825538635253906
1710244800.0,2.1434695720672607,10.209327697753906
1710266400.0,1.877023458480835,9.901710510253906
1710288000.0,1.6902748346328735,8.933937072753906
1710309600.0,1.7632085084915161,8.327491760253906
1710331200.0,1.8772227764129639,8.279151916503906
1710352800.0,1.9522830247879028,8.290870666503906
1710374400.0,1.9352561235427856,16.614112854003906
1710396000.0,2.221013069152832,16.071632385253906
1710417600.0,2.01576828956604,15.521827697753906
1710439200.0,2.019529104232788,14.745948791503906
1710460800.0,1.9209529161453247,13.967628479003906
1710482400.0,1.8613145351409912,13.325050354003906
1710504000.0,1.7069141864776611,13.064308166503906
1710525600.0,1.6822799444198608,12.553077697753906
1710547200.0,1.5767937898635864,12.102394104003906
1710568800.0,1.4918580055236816,11.842140197753906
1710590400.0,1.7540898323059082,6.266944885253906
1710612000.0,1.4780182838439941,6.248878479003906
1710633600.0,1.3296765089035034,11.079933166503906
1710655200.0,1.2622766494750977,10.889503479003906
1710676800.0,1.3525848388671875,10.660499572753906
1710698400.0,1.3033232688903809,10.287452697753906
1710720000.0,1.2115100622177124,15.987159729003906
1710741600.0,1.1625391244888306,15.607276916503906
1710763200.0,1.3120660781860352,15.227394104003906
1710784800.0,1.3601086139678955,14.954933166503906
1710806400.0,1.382189393043518,14.710304260253906
1710828000.0,1.3645774126052856,14.326026916503906
1710849600.0,1.394446611404419,13.768898010253906
1710871200.0,1.332849144935608,13.453468322753906
1710892800.0,1.2786675691604614,13.257667541503906
1710914400.0,1.222414255142212,13.104835510253906
1710936000.0,1.2701036930084229,12.943702697753906
1710957600.0,1.2552324533462524,12.776710510253906
1710979200.0,1.2328951358795166,12.642433166503906
1711000800.0,1.225326657295227,12.573097229003906
1711022400.0,1.2231829166412354,12.390480041503906
1711044000.0,1.2179310321807861,12.222023010253906
1711065600.0,1.2447659969329834,12.235694885253906
1711087200.0,1.2672486305236816,12.309913635253906
1711108800.0,1.261144757270813,12.361183166503906
1711130400.0,1.2215402126312256,12.177589416503906
1711152000.0,1.1806294918060303,12.111671447753906
1711173600.0,1.1697502136230469,12.081398010253906
1711195200.0,1.1905994415283203,11.953468322753906
1711216800.0,1.2135132551193237,11.772804260253906
1711238400.0,1.198277473449707,11.396339416503906
1711260000.0,1.1824989318847656,15.628273010253906
1711281600.0,1.1618677377700806,14.950538635253906
1711303200.0,1.1578850746154785,14.605323791503906
1711324800.0,1.1114451885223389,14.174659729003906
1711346400.0,1.0760293006896973,13.632179260253906
1711368000.0,1.0616979598999023,13.466163635253906
1711389600.0,1.0649000406265259,13.272804260253906
1711411200.0,1.0408416986465454,13.007667541503906
1711432800.0,1.0115740299224854,12.452003479003906
1711454400.0,0.9838627576828003,12.139503479003906
1711476000.0,0.9591485857963562,11.893898010253906
1711497600.0,0.9142799377441406,11.448585510253906
1711519200.0,0.8792080879211426,11.168800354003906
1711540800.0,0.8822430372238159,11.116065979003906
1711562400.0,0.9197068214416504,14.159523010253906
1711584000.0,0.8938720226287842,13.691261291503906
1711605600.0,0.8590081930160522,13.468116760253906
1711627200.0,0.8380786776542664,13.235694885253906
1711648800.0,0.8251097798347473,12.887550354003906
1711670400.0,0.8457005620002747,12.320167541503906
1711692000.0,0.8307545185089111,12.037940979003906
1711713600.0,0.8093950748443604,11.787452697753906
1711735200.0,0.7856318354606628,11.396827697753906
1711756800.0,0.7588035464286804,11.102394104003906
1711778400.0,0.8019673228263855,19.122413635253906
1711800000.0,0.9511739015579224,17.833839416503906
1711821600.0,1.2614856958389282,17.982765197753906
1711843200.0,1.641916275024414,17.736183166503906
1711864800.0,1.8929719924926758,17.161964416503906
1711886400.0,1.9793779850006104,16.168312072753906
1711908000.0,1.9601881504058838,15.797218322753906
1711929600.0,1.9397974014282227,15.285011291503906
1711951200.0,1.8790056705474854,14.891456604003906
1711972800.0,1.826773762702942,14.588722229003906
1711994400.0,1.6998552083969116,14.312843322753906
1712016000.0,1.542403221130371,13.936378479003906
1712037600.0,1.4373860359191895,13.673194885253906
1712059200.0,1.379284381866455,13.487648010253906
1712080800.0,1.333772897720337,13.326026916503906
1712102400.0,1.2602078914642334,13.173927307128906
1712124000.0,1.1981803178787231,13.013771057128906
1712145600.0,1.1813119649887085,12.777687072753906
1712167200.0,1.123866319656372,12.414649963378906
1712188800.0,1.0755243301391602,12.094581604003906
1712210400.0,1.0641851425170898,11.787452697753906
1712232000.0,1.0155360698699951,11.298194885253906
1712253600.0,0.9815177917480469,11.101905822753906
1712275200.0,0.9638273119926453,11.010597229003906
1712296800.0,0.9576529860496521,10.914405822753906
1712318400.0,0.9405696988105774,10.796730041503906
1712340000.0,0.9255080819129944,10.729591369628906
1712361600.0,0.9108361601829529,14.421974182128906
1712383200.0,0.8876984715461731,14.276222229003906
1712404800.0,0.8477843403816223,13.616065979003906
1712426400.0,0.8322165608406067,13.299659729003906
1712448000.0,0.853127658367157,13.140968322753906
1712469600.0,0.8620447516441345,12.916847229003906
1712491200.0,0.8604850769042969,12.586769104003906
1712512800.0,0.8616554141044617,15.518898010253906
1712534400.0,0.8557939529418945,14.946144104003906
1712556000.0,0.8552881479263306,14.729347229003906
1712577600.0,0.8541156649589539,14.410011291503906
1712599200.0,0.8523414134979248,13.845558166503906
1712620800.0,0.8755159378051758,13.611671447753906
1712642400.0,0.9071068167686462,13.467140197753906
1712664000.0,0.9213382601737976,13.365089416503906
1712685600.0,0.9511092305183411,13.279640197753906
1712707200.0,1.0029253959655762,13.217140197753906
1712728800.0,1.027226448059082,13.035987854003906
1712750400.0,1.0824241638183594,12.592628479003906
1712772000.0,1.1171374320983887,12.231788635253906
1712793600.0,1.1300063133239746,12.004493713378906
1712815200.0,1.1267130374908447,11.794288635253906
1712836800.0,1.1085896492004395,11.529640197753906
1712858400.0,1.1117045879364014,11.428565979003906
1712880000.0,1.0789012908935547,11.490089416503906
1712901600.0,1.0257644653320312,11.722511291503906
1712923200.0,1.0133516788482666,11.889991760253906
1712944800.0,0.9870180487632751,11.910011291503906
1712966400.0,0.9362573623657227,11.830909729003906
1712988000.0,0.8956064581871033,11.559425354003906
1713009600.0,0.8744029998779297,11.378273010253906
1713031200.0,0.8778786659240723,13.197608947753906
1713052800.0,0.8629211187362671,13.303077697753906
1713074400.0,0.8265125751495361,13.352394104003906
1713096000.0,0.8334212303161621,13.406593322753906
1713117600.0,0.8595258593559265,13.415870666503906
1713139200.0,0.8452413082122803,13.369972229003906
1713160800.0,0.8208711743354797,13.220558166503906
1713182400.0,0.81671142578125,13.089698791503906
1713204000.0,0.8355426788330078,13.083839416503906
1713225600.0,0.8503619432449341,13.336769104003906
1713247200.0,0.8629215359687805,13.324073791503906
1713268800.0,0.8849674463272095,13.188331604003906
1713290400.0,0.9100342392921448,13.084815979003906
1713312000.0,0.9124711155891418,13.058937072753906
1713333600.0,0.9187272191047668,12.933937072753906
1713355200.0,0.9978638887405396,12.558448791503906
1713376800.0,1.0761706829071045,17.728370666503906
1713398400.0,1.0549535751342773,17.014503479003906
1713420000.0,1.1795051097869873,16.331886291503906
1713441600.0,1.334062099456787,16.014015197753906
1713463200.0,1.346569299697876,15.672218322753906
1713484800.0,1.3002963066101074,15.115089416503906
1713506400.0,1.3561242818832397,14.741065979003906
1713528000.0,1.3412840366363525,14.484230041503906
1713549600.0,1.3585535287857056,14.319190979003906
1713571200.0,1.2959262132644653,13.899269104003906
1713592800.0,1.221643328666687,13.503761291503906
1713614400.0,1.1475834846496582,13.286476135253906
1713636000.0,1.0760276317596436,13.115821838378906
1713657600.0,1.0233557224273682,12.797462463378906
1713679200.0,0.9962283968925476,12.436866760253906
1713700800.0,1.012852668762207,12.487403869628906
1713722400.0,1.0822279453277588,15.410987854003906
1713744000.0,1.190861701965332,15.077980041503906
1713765600.0,1.2926065921783447,14.698341369628906
1713787200.0,1.3526833057403564,14.467384338378906
1713808800.0,1.3434360027313232,14.229103088378906
1713830400.0,1.2848405838012695,13.790626525878906
1713852000.0,1.2326027154922485,13.539894104003906
1713873600.0,1.1814119815826416,13.387306213378906
1713895200.0,1.1590912342071533,13.348976135253906
1713916800.0,1.1999939680099487,13.774513244628906
1713938400.0,1.236511468887329,15.174659729003906
1713960000.0,1.2652324438095093,14.844093322753906
1713981600.0,1.2997385263442993,14.485206604003906
1714003200.0,1.3486753702163696,13.913917541503906
1714024800.0,1.3676220178604126,13.377296447753906
1714046400.0,1.3316103219985962,13.025733947753906
1714068000.0,1.2533389329910278,12.518409729003906
1714089600.0,1.1696786880493164,12.211280822753906
1714111200.0,1.0797371864318848,12.007667541503906
1714132800.0,1.0007438659667969,11.828468322753906
1714154400.0,0.9591477513313293,11.526222229003906
1714176000.0,0.9061635732650757,11.245948791503906
1714197600.0,0.88862144947052,11.062355041503906
1714219200.0,0.8606573343276978,10.931007385253906
1714240800.0,0.8582140207290649,15.848976135253906
1714262400.0,0.8886988759040833,15.306007385253906
1714284000.0,0.9162937998771667,14.854347229003906
1714305600.0,0.9574527740478516,14.528175354003906
1714327200.0,1.03013277053833,18.032569885253906
1714348800.0,1.1094672679901123,17.697120666503906
1714370400.0,1.2150561809539795,17.276710510253906
1714392000.0,1.2661502361297607,16.265968322753906
1714413600.0,1.2883009910583496,15.848976135253906
1714435200.0,1.2503623962402344,15.090675354003906
1714456800.0,1.200962781906128,14.595069885253906
1714478400.0,1.1403441429138184,14.248390197753906
1714500000.0,1.1136045455932617,13.812355041503906
1714521600.0,1.1041275262832642,13.475929260253906
1714543200.0,1.0852961540222168,13.207862854003906
1714564800.0,1.00321626663208,12.631690979003906
1714586400.0,0.9549641013145447,12.238136291503906
1714608000.0,0.942428469657898,12.160499572753906
1714629600.0,0.946582019329071,12.134132385253906
1714651200.0,0.9382067322731018,12.066749572753906
1714672800.0,0.9497488737106323,11.936378479003906
1714694400.0,0.9296444058418274,11.730323791503906
1714716000.0,0.8794448375701904,11.344581604003906
1714737600.0,0.867716372013092,11.141456604003906
1714759200.0,0.879729688167572,10.933937072753906
1714780800.0,0.8813959360122681,21.490089416503906
1714802400.0,0.897132933139801,20.740577697753906
1714824000.0,1.0221138000488281,19.740577697753906
1714845600.0,1.1927014589309692,19.197608947753906
1714867200.0,1.353590726852417,18.155128479003906
1714888800.0,1.4801466464996338,17.620460510253906
1714910400.0,1.554612159729004,16.542335510253906
1714932000.0,1.7361087799072266,15.881690979003906
1714953600.0,1.7325142621994019,15.207374572753906
1714975200.0,1.6294329166412354,14.769386291503906
1714996800.0,1.4913164377212524,14.458351135253906
1715018400.0,1.4079914093017578,14.201026916503906
1715040000.0,1.3219391107559204,14.067726135253906
1715061600.0,1.2445378303527832,14.115089416503906
1715083200.0,1.218493938446045,13.868019104003906
1715104800.0,1.1883245706558228,13.561866760253906
1715126400.0,1.129559874534607,13.356300354003906
1715148000.0,1.0574276447296143,13.202980041503906
1715169600.0,1.0186247825622559,13.077003479003906
1715191200.0,1.008401870727539,13.067726135253906
1715212800.0,1.0259288549423218,15.310401916503906
1715234400.0,1.0539029836654663,14.834815979003906
1715256000.0,1.0730907917022705,14.543800354003906
1715277600.0,1.1006476879119873,14.216163635253906
1715299200.0,1.1300474405288696,13.710304260253906
1715320800.0,1.1602367162704468,13.392433166503906
1715342400.0,1.125807762145996,13.146827697753906
1715364000.0,1.086143136024475,12.961280822753906
1715385600.0,1.0353223085403442,12.607276916503906
1715407200.0,1.0104724168777466,12.380714416503906
1715428800.0,0.9729546308517456,12.187843322753906
1715450400.0,0.9371522665023804,12.119483947753906
1715472000.0,0.8793676495552063,12.026222229003906
1715493600.0,0.8325566649436951,11.907569885253906
1715515200.0,0.8296606540679932,11.763038635253906
1715536800.0,0.8680134415626526,11.451026916503906
1715558400.0,0.796917200088501,11.132667541503906
1715580000.0,0.758869469165802,10.958839416503906
1715601600.0,0.7648978233337402,15.700538635253906
1715623200.0,0.8394067883491516,15.014991760253906
1715644800.0,0.9484692811965942,14.743507385253906
1715666400.0,1.0711793899536133,14.426612854003906
1715688000.0,1.1698013544082642,13.831886291503906
1715709600.0,1.1994554996490479,13.438331604003906
1715731200.0,1.1613715887069702,12.997413635253906
1715752800.0,1.1397465467453003,12.428565979003906
1715774400.0,1.1297030448913574,12.127296447753906
1715796000.0,1.257344126701355,11.930030822753906
1715817600.0,1.2243369817733765,11.712257385253906
1715839200.0,1.1673359870910645,11.578468322753906
1715860800.0,1.1735169887542725,14.314308166503906
1715882400.0,1.2027077674865723,14.431983947753906
1715904000.0,1.1916779279708862,14.362648010253906
1715925600.0,1.1907143592834473,14.259132385253906
1715947200.0,1.1848046779632568,14.192237854003906
1715968800.0,1.1936261653900146,14.150245666503906
1715990400.0,1.2084357738494873,13.963233947753906
1716012000.0,1.1895785331726074,13.620948791503906
1716033600.0,1.1315157413482666,13.327491760253906
1716055200.0,1.0798901319503784,13.097511291503906
1716076800.0,1.0386302471160889,12.667823791503906
1716098400.0,1.0510351657867432,12.347023010253906
1716120000.0,1.1393866539001465,12.189308166503906
1716141600.0,1.1743414402008057,12.348487854003906
1716163200.0,1.0972042083740234,13.634620666503906
1716184800.0,1.064319133758545,13.990089416503906
1716206400.0,1.142690658569336,13.909034729003906
1716228000.0,1.1665387153625488,13.721046447753906
1716249600.0,1.1049195528030396,13.471046447753906
1716271200.0,1.0822045803070068,13.234718322753906
1716292800.0,1.0501608848571777,12.964698791503906
1716314400.0,1.0382275581359863,12.565284729003906
1716336000.0,1.074937105178833,12.326515197753906
1716357600.0,1.0621072053909302,12.181007385253906
1716379200.0,1.014190673828125,12.154640197753906
1716400800.0,0.9885842204093933,12.690773010253906
1716422400.0,0.992660641670227,13.335304260253906
1716444000.0,1.0178966522216797,13.287940979003906
1716465600.0,1.0534690618515015,13.132179260253906
1716487200.0,1.0950829982757568,12.741554260253906
1716508800.0,1.121363878250122,15.903663635253906
1716530400.0,1.1421815156936646,15.057960510253906
1716552000.0,1.0567935705184937,14.482765197753906
1716573600.0,1.20881986618042,14.250343322753906
1716595200.0,1.1465890407562256,14.527931213378906
1716616800.0,1.1248068809509277,15.230079650878906
1716638400.0,1.1894745826721191,15.135841369628906
1716660000.0,1.2323658466339111,14.814308166503906
1716681600.0,1.3105759620666504,14.392921447753906
1716703200.0,1.4755752086639404,13.931007385253906
1716724800.0,1.5073497295379639,13.385108947753906
1716746400.0,1.498270034790039,13.055030822753906
1716768000.0,1.4698035717010498,12.637062072753906
1716789600.0,1.5280680656433105,17.595558166503906
1716811200.0,1.7553048133850098,17.368507385253906
1716832800.0,1.9864767789840698,16.737159729003906
1716854400.0,2.059537410736084,16.134132385253906
1716876000.0,2.053915500640869,15.742042541503906
1716897600.0,1.9606637954711914,15.043800354003906
1716919200.0,1.8979382514953613,14.752296447753906
1716940800.0,1.9004135131835938,14.782569885253906
1716962400.0,1.9127392768859863,14.821632385253906
1716984000.0,1.891688346862793,14.710304260253906
1717005600.0,1.921343445777893,14.548683166503906
1717027200.0,1.7484281063079834,14.109230041503906
1717048800.0,1.652895212173462,13.720558166503906
1717070400.0,1.586558222770691,13.548194885253906
1717092000.0,1.692917823791504,13.499366760253906
1717113600.0,1.6486577987670898,13.470558166503906
1717135200.0,1.5693931579589844,13.357276916503906
1717156800.0,1.5151406526565552,13.209815979003906
1717178400.0,1.52170991897583,13.049659729003906
1717200000.0,1.452215552330017,12.650245666503906
1717221600.0,1.3597773313522339,12.298194885253906
1717243200.0,1.2760943174362183,12.048194885253906
1717264800.0,1.2173088788986206,11.810890197753906
1717286400.0,1.1956586837768555,11.463233947753906
1717308000.0,1.2138112783432007,11.241554260253906
1717329600.0,1.3000521659851074,16.560890197753906
1717351200.0,1.419990062713623,16.227882385253906
1717372800.0,1.5404138565063477,15.761573791503906
1717394400.0,1.7188169956207275,15.374855041503906
1717416000.0,1.8146147727966309,15.140480041503906
1717437600.0,1.924833059310913,15.112648010253906
1717459200.0,2.068359613418579,15.065284729003906
1717480800.0,2.2276430130004883,15.203956604003906
1717502400.0,2.308981418609619,15.569435119628906
1717524000.0,2.3149101734161377,15.743263244628906
1717545600.0,2.2474780082702637,15.488136291503906
1717567200.0,2.1298186779022217,15.028175354003906
1717588800.0,2.045067071914673,14.702980041503906
1717610400.0,2.1330950260162354,14.396339416503906
1717632000.0,1.8850330114364624,13.785011291503906
1717653600.0,1.6524221897125244,13.420753479003906
1717675200.0,1.5094964504241943,13.142921447753906
1717696800.0,1.4841114282608032,12.680030822753906
1717718400.0,1.5360838174819946,17.412452697753906
1717740000.0,1.613731861114502,17.117042541503906
1717761600.0,1.6608340740203857,16.426612854003906
1717783200.0,1.7153217792510986,16.055030822753906
1717804800.0,1.689642310142517,15.665870666503906
1717826400.0,1.650541067123413,15.146339416503906
1717848000.0,1.6362667083740234,14.889991760253906
1717869600.0,1.6730760335922241,14.761573791503906
1717891200.0,1.7115769386291504,14.559669494628906
1717912800.0,1.731963872909546,14.327491760253906
1717934400.0,1.7117763757705688,13.984718322753906
1717956000.0,1.6283507347106934,13.619483947753906
1717977600.0,1.4964858293533325,13.334815979003906
1717999200.0,1.396684169769287,13.035011291503906
1718020800.0,1.39524245262146,12.528663635253906
1718042400.0,1.5966150760650635,16.508155822753906
1718064000.0,1.8634297847747803,16.181007385253906
1718085600.0,2.054597854614258,15.878761291503906
1718107200.0,2.127655506134033,15.446632385253906
1718128800.0,2.1092963218688965,15.014015197753906
1718150400.0,2.0274977684020996,14.752784729003906
1718172000.0,1.907923936843872,14.499855041503906
1718193600.0,1.7697556018829346,13.994483947753906
1718215200.0,1.6411573886871338,13.526222229003906
1718236800.0,1.521931767463684,13.274269104003906
1718258400.0,1.4309635162353516,13.021339416503906
1718280000.0,1.3263459205627441,12.587745666503906
1718301600.0,1.2371203899383545,12.301612854003906
1718323200.0,1.176393985748291,12.121925354003906
1718344800.0,1.1431952714920044,11.958839416503906
1718366400.0,1.1137561798095703,11.647804260253906
1718388000.0,1.1157011985778809,16.195655822753906
1718409600.0,1.1336677074432373,15.933448791503906
1718431200.0,1.1755056381225586,15.527687072753906
1718452800.0,1.208875060081482,15.039405822753906
1718474400.0,1.2456879615783691,14.772804260253906
1718496000.0,1.267124891281128,14.570655822753906
1718517600.0,1.3171474933624268,17.457862854003906
1718539200.0,1.3637051582336426,16.439308166503906
1718560800.0,1.4534131288528442,16.100440979003906
1718582400.0,1.5371477603912354,15.815773010253906
1718604000.0,1.5976452827453613,15.381690979003906
1718625600.0,1.6250965595245361,14.916358947753906
1718647200.0,1.631913661956787,14.622413635253906
1718668800.0,1.625342607498169,14.357276916503906
1718690400.0,1.6158442497253418,14.064308166503906
1718712000.0,1.5405317544937134,13.587745666503906
1718733600.0,1.4978628158569336,13.389991760253906
1718755200.0,1.4577988386154175,13.301124572753906
1718776800.0,1.4481050968170166,13.308204650878906
1718798400.0,1.4498810768127441,13.278175354003906
1718820000.0,1.4129612445831299,13.182472229003906
1718841600.0,1.3365297317504883,13.019386291503906
1718863200.0,1.348123550415039,12.930519104003906
1718884800.0,1.3114428520202637,12.366554260253906
1718906400.0,1.3875987529754639,17.821632385253906
1718928000.0,1.4770907163619995,17.255226135253906
1718949600.0,1.5263571739196777,16.235694885253906
1718971200.0,1.5158123970031738,15.642433166503906
1718992800.0,1.4807647466659546,14.665870666503906
1719014400.0,1.434183120727539,14.185401916503906
1719036000.0,1.321199893951416,13.292823791503906
1719057600.0,1.388427734375,12.942237854003906
1719079200.0,1.3821156024932861,12.233741760253906
1719100800.0,1.1714520454406738,11.850929260253906
1719122400.0,1.1047019958496094,11.357765197753906
1719144000.0,1.0277740955352783,10.947120666503906
1719165600.0,1.0586488246917725,8.449073791503906
1719187200.0,1.024585247039795,15.603858947753906
1719208800.0,1.1129860877990723,14.983253479003906
1719230400.0,1.1431550979614258,14.752784729003906
1719252000.0,1.1352462768554688,14.484718322753906
1719273600.0,1.126929759979248,14.078956604003906
1719295200.0,1.1216967105865479,13.608009338378906
1719316800.0,1.158767819404602,13.309669494628906
1719338400.0,1.171733021736145,13.002052307128906
1719360000.0,1.2083325386047363,12.502784729003906
1719381600.0,1.2675329446792603,12.211280822753906
1719403200.0,1.233597993850708,11.991065979003906
1719424800.0,1.1921746730804443,11.675148010253906
1719446400.0,1.1880834102630615,11.256202697753906
1719468000.0,1.1865882873535156,16.007179260253906
1719489600.0,1.2312556505203247,15.335304260253906
1719511200.0,1.196082353591919,15.084327697753906
1719532800.0,1.197983741760254,14.918312072753906
1719554400.0,1.246480941772461,14.222999572753906
1719576000.0,1.270002841949463,13.763038635253906
1719597600.0,1.2710468769073486,13.393409729003906
1719619200.0,1.2904877662658691,13.187843322753906
1719640800.0,1.3398571014404297,13.207862854003906
1719662400.0,1.4930154085159302,13.479347229003906
1719684000.0,1.6700325012207031,13.899757385253906
1719705600.0,1.7049480676651,14.024757385253906
1719727200.0,1.6218478679656982,13.658302307128906
1719748800.0,1.5038673877716064,13.205665588378906
1719770400.0,1.4405834674835205,12.918067932128906
1719792000.0,1.3987524509429932,12.574073791503906
1719813600.0,1.3429585695266724,12.373878479003906
1719835200.0,1.2888944149017334,12.381690979003906
1719856800.0,1.3160583972930908,12.588722229003906
1719878400.0,1.324088215827942,12.579444885253906
1719900000.0,1.2967511415481567,12.351417541503906
1719921600.0,1.2013976573944092,11.899269104003906
1719943200.0,1.163923740386963,11.130714416503906
1719964800.0,1.1522239446640015,16.399269104003906
1719986400.0,1.1598151922225952,16.540870666503906
1720008000.0,1.3247435092926025,16.590431213378906
1720029600.0,1.4614708423614502,16.379737854003906
1720051200.0,1.5509169101715088,16.100929260253906
1720072800.0,1.6429893970489502,15.721046447753906
1720094400.0,1.734938383102417,15.056983947753906
1720116000.0,1.7731542587280273,14.742042541503906
1720137600.0,1.6810517311096191,14.537940979003906
1720159200.0,1.5766475200653076,14.194190979003906
1720180800.0,1.522679328918457,13.636573791503906
1720202400.0,1.4565098285675049,13.322120666503906
1720224000.0,1.4671943187713623,13.118995666503906
1720245600.0,1.3015680313110352,12.769874572753906
1720267200.0,1.2033836841583252,12.482765197753906
1720288800.0,1.154984951019287,12.560890197753906
1720310400.0,1.18623948097229,13.212745666503906
1720332000.0,1.110396385192871,13.274024963378906
1720353600.0,1.0500071048736572,13.143898010253906
1720375200.0,1.009531021118164,12.950538635253906
1720396800.0,0.9283596277236938,12.634620666503906
1720418400.0,0.8932905793190002,12.656349182128906
1720440000.0,0.891335129737854,13.124122619628906
1720461600.0,0.9339176416397095,13.274757385253906
1720483200.0,0.9914060235023499,13.165870666503906
1720504800.0,1.0480941534042358,12.869972229003906
1720526400.0,1.1377326250076294,12.595558166503906
1720548000.0,1.2022048234939575,12.436134338378906
1720569600.0,1.1858608722686768,12.255714416503906
1720591200.0,1.148930549621582,12.074317932128906
1720612800.0,1.0991742610931396,11.867286682128906
1720634400.0,1.0839473009109497,11.617530822753906
1720656000.0,1.1312377452850342,11.443214416503906
1720677600.0,1.1731250286102295,11.622413635253906
1720699200.0,1.4114387035369873,13.731788635253906
1720720800.0,1.6154487133026123,13.752784729003906
1720742400.0,1.5937294960021973,13.582862854003906
1720764000.0,1.4700889587402344,13.352882385253906
1720785600.0,1.3530316352844238,13.154151916503906
1720807200.0,1.3029444217681885,13.018898010253906
1720828800.0,1.2572836875915527,12.987159729003906
1720850400.0,1.2023003101348877,12.852882385253906
1720872000.0,1.3156408071517944,12.715187072753906
1720893600.0,1.5161975622177124,12.410011291503906
1720915200.0,1.5845122337341309,12.343605041503906
1720936800.0,1.8191297054290771,16.335792541503906
1720958400.0,1.8491326570510864,16.222511291503906
1720980000.0,1.8948638439178467,15.756202697753906
1721001600.0,1.7290996313095093,15.002784729003906
1721023200.0,1.6294909715652466,14.483741760253906
1721044800.0,1.7249715328216553,13.961769104003906
1721066400.0,1.8344289064407349,13.612648010253906
1721088000.0,1.5385769605636597,13.533058166503906
1721109600.0,1.4001166820526123,16.166358947753906
1721131200.0,1.3643434047698975,16.051124572753906
1721152800.0,1.4867204427719116,15.784034729003906
1721174400.0,1.4062607288360596,15.298683166503906
1721196000.0,1.3040976524353027,15.098487854003906
1721217600.0,1.2932392358779907,15.226417541503906
1721239200.0,1.4590319395065308,15.085304260253906
1721260800.0,1.5718114376068115,14.855812072753906
1721282400.0,1.5653612613677979,14.688819885253906
1721304000.0,1.601145625114441,14.528663635253906
1721325600.0,1.767007827758789,14.219581604003906
1721347200.0,1.6558945178985596,13.775245666503906
1721368800.0,1.4991658926010132,13.461769104003906
1721390400.0,1.4269979000091553,13.264015197753906
1721412000.0,1.3196296691894531,13.017921447753906
1721433600.0,1.250265121459961,12.693458557128906
1721455200.0,1.339568853378296,12.275489807128906
1721476800.0,1.5655550956726074,11.929542541503906
1721498400.0,1.7387354373931885,11.501319885253906
1721520000.0,1.4761396646499634,11.241554260253906
1721541600.0,1.344222068786621,11.344093322753906
1721563200.0,1.4597115516662598,14.226417541503906
1721584800.0,1.8008143901824951,14.399269104003906
1721606400.0,1.8838684558868408,15.644386291503906
1721628000.0,1.867295265197754,15.887062072753906
1721649600.0,1.904977798461914,15.413917541503906
1721671200.0,1.9495460987091064,14.514991760253906
1721692800.0,1.79783034324646,14.145606994628906
1721714400.0,1.5875213146209717,14.218605041503906
1721736000.0,1.5652275085449219,14.440773010253906
1721757600.0,1.6338763236999512,14.603370666503906
1721779200.0,1.6069004535675049,14.591651916503906
1721800800.0,1.6663782596588135,14.441017150878906
1721822400.0,1.7161028385162354,14.175636291503906
1721844000.0,1.7786273956298828,13.787940979003906
1721865600.0,1.5374014377593994,13.481544494628906
1721887200.0,1.2726454734802246,13.223976135253906
1721908800.0,1.176954984664917,12.931007385253906
1721930400.0,1.3034212589263916,12.391700744628906
1721952000.0,1.3220198154449463,11.595069885253906
1721973600.0,1.3673802614212036,11.021827697753906
1721995200.0,1.4140517711639404,10.965919494628906
1722016800.0,1.4699933528900146,11.250587463378906
1722038400.0,1.4734708070755005,11.958351135253906
1722060000.0,1.461474895477295,12.819679260253906
1722081600.0,1.4246118068695068,12.906593322753906
1722103200.0,1.4601178169250488,12.618507385253906
1722124800.0,1.3313491344451904,12.394874572753906
1722146400.0,1.2500736713409424,12.292335510253906
1722168000.0,1.3954625129699707,12.371437072753906
1722189600.0,1.4773911237716675,6.182472229003906
1722211200.0,1.248112440109253,13.696144104003906
1722232800.0,1.1254751682281494,13.403175354003906
1722254400.0,1.1696887016296387,13.261573791503906
1722276000.0,1.3831090927124023,6.025245666503906
1722297600.0,1.3138453960418701,6.201515197753906
1722319200.0,1.179675817489624,14.067237854003906
1722340800.0,1.2523366212844849,14.337257385253906
1722362400.0,1.5951367616653442,14.166847229003906
1722384000.0,1.620332956314087,13.755714416503906
1722405600.0,1.6075706481933594,13.517433166503906
1722427200.0,1.7923789024353027,13.639991760253906
1722448800.0,2.1108365058898926,17.220069885253906
1722470400.0,2.2257418632507324,16.867042541503906
1722492000.0,2.205843925476074,15.980812072753906
1722513600.0,2.1665778160095215,15.268898010253906
1722535200.0,2.152372360229492,14.720069885253906
1722556800.0,1.985960602760315,14.422218322753906
1722578400.0,1.7855128049850464,13.924171447753906
1722600000.0,1.6728224754333496,13.460304260253906
1722621600.0,1.5790343284606934,13.255714416503906
1722643200.0,1.5058177709579468,13.279640197753906
1722664800.0,1.6267061233520508,13.840187072753906
1722686400.0,1.7289955615997314,13.927589416503906
1722708000.0,1.78877592086792,13.689308166503906
1722729600.0,1.7988768815994263,13.519386291503906
1722751200.0,1.782375454902649,13.335792541503906
1722772800.0,1.8420329093933105,13.160987854003906
1722794400.0,1.9110584259033203,12.906105041503906
1722816000.0,1.6766353845596313,12.493995666503906
1722837600.0,1.429742693901062,12.201515197753906
1722859200.0,1.3638718128204346,14.497413635253906
1722880800.0,1.3757333755493164,14.459815979003906
1722902400.0,1.2792978286743164,14.162452697753906
1722924000.0,1.2075750827789307,13.637550354003906
1722945600.0,1.3406238555908203,17.900733947753906
1722967200.0,1.650057315826416,17.683448791503906
1722988800.0,1.9005779027938843,17.444190979003906
1723010400.0,1.89765465259552,16.249855041503906
1723032000.0,1.918456792831421,15.705421447753906
1723053600.0,1.8980660438537598,15.310401916503906
1723075200.0,1.863815188407898,14.941749572753906
1723096800.0,1.8443958759307861,14.718605041503906
1723118400.0,1.8208165168762207,14.612648010253906
1723140000.0,1.8296055793762207,14.721534729003906
1723161600.0,1.9065337181091309,15.211769104003906
1723183200.0,1.9245468378067017,14.810401916503906
1723204800.0,1.8903753757476807,14.402198791503906
1723226400.0,1.926293134689331,14.052101135253906
1723248000.0,1.7895467281341553,13.792823791503906
1723269600.0,1.6579394340515137,13.623390197753906
1723291200.0,1.5739812850952148,13.456886291503906
1723312800.0,1.5831968784332275,13.212745666503906
1723334400.0,1.495849847793579,12.968605041503906
1723356000.0,1.3517297506332397,12.468605041503906
1723377600.0,1.5303319692611694,12.158058166503906
1723399200.0,1.8093923330307007,6.224464416503906
1723420800.0,1.9394803047180176,16.420265197753906
1723442400.0,1.860609531402588,16.102882385253906
1723464000.0,1.9340825080871582,15.709327697753906
1723485600.0,2.004342555999756,15.278663635253906
1723507200.0,2.165966033935547,15.103858947753906
1723528800.0,2.110246181488037,14.914894104003906
1723550400.0,2.145885944366455,14.702980041503906
1723572000.0,2.0089688301086426,14.354347229003906
1723593600.0,1.8319809436798096,14.011573791503906
1723615200.0,1.737632393836975,13.864601135253906
1723636800.0,1.831525444984436,13.758155822753906
1723658400.0,1.798208475112915,13.607765197753906
1723680000.0,1.7900457382202148,13.700538635253906
1723701600.0,1.7475290298461914,13.922218322753906
1723723200.0,1.7379019260406494,13.809425354003906
1723744800.0,1.787492036819458,13.576515197753906
1723766400.0,1.5991883277893066,13.369972229003906
1723788000.0,1.4945111274719238,13.190528869628906
1723809600.0,1.4452015161514282,12.985939025878906
1723831200.0,1.4360054731369019,12.535987854003906
1723852800.0,1.380251169204712,12.264503479003906
1723874400.0,1.3344173431396484,12.118995666503906
1723896000.0,1.4380158185958862,12.140480041503906
1723917600.0,1.4380443096160889,15.754249572753906
1723939200.0,1.5485858917236328,17.876319885253906
1723960800.0,1.7055997848510742,17.574562072753906
1723982400.0,2.005282163619995,16.936866760253906
1724004000.0,2.14593243598938,16.079444885253906
1724025600.0,2.0872340202331543,15.263038635253906
1724047200.0,1.8859918117523193,14.653175354003906
1724068800.0,1.9154047966003418,14.371437072753906
1724090400.0,2.0302624702453613,14.159034729003906
1724112000.0,1.9088014364242554,13.745460510253906
1724133600.0,1.7335772514343262,13.425636291503906
1724155200.0,1.6436707973480225,13.162452697753906
1724176800.0,1.681830883026123,12.584327697753906
1724198400.0,1.5977070331573486,12.181495666503906
1724220000.0,1.5028941631317139,11.849952697753906
1724241600.0,1.5231873989105225,17.319679260253906
1724263200.0,1.6446523666381836,17.039894104003906
1724284800.0,1.8086744546890259,16.511085510253906
1724306400.0,1.791670799255371,16.128273010253906
1724328000.0,1.8541423082351685,15.782081604003906
1724349600.0,1.896147608757019,14.985694885253906
1724371200.0,1.673722505569458,14.457862854003906
1724392800.0,1.4738986492156982,13.717628479003906
1724414400.0,1.5046210289001465,13.309425354003906
1724436000.0,1.5590331554412842,13.027442932128906
1724457600.0,1.5658392906188965,12.758399963378906
1724479200.0,1.5172297954559326,12.611183166503906
1724500800.0,1.5385425090789795,12.511085510253906
1724522400.0,1.6092253923416138,12.338233947753906
1724544000.0,1.6151431798934937,12.166358947753906
1724565600.0,1.4029433727264404,12.025978088378906
1724587200.0,1.4930741786956787,11.961280822753906
1724608800.0,1.4788408279418945,11.999855041503906
1724630400.0,1.4792487621307373,17.535011291503906
1724652000.0,1.659276008605957,17.168312072753906
1724673600.0,1.9494075775146484,16.316749572753906
1724695200.0,2.181368589401245,15.839698791503906
1724716800.0,2.2958426475524902,15.237159729003906
1724738400.0,2.3640241622924805,14.782081604003906
1724760000.0,2.339987277984619,14.472999572753906
1724781600.0,2.2037694454193115,14.021827697753906
1724803200.0,1.9497588872909546,13.635108947753906
1724824800.0,1.783747673034668,13.423194885253906
1724846400.0,1.6994452476501465,13.270362854003906
1724868000.0,1.572873830795288,13.176612854003906
1724889600.0,1.645089864730835,13.323341369628906
1724911200.0,1.8304157257080078,13.680030822753906
1724932800.0,1.879648208618164,14.066261291503906
1724954400.0,1.8236613273620605,14.926612854003906
1724976000.0,1.805069088935852,14.852882385253906
1724997600.0,1.809046745300293,14.361183166503906
1725019200.0,2.0323238372802734,13.944190979003906
1725040800.0,2.196384906768799,13.731300354003906
1725062400.0,1.9443705081939697,13.552589416503906
1725084000.0,1.7456086874008179,13.387062072753906
1725105600.0,1.7904016971588135,13.294288635253906
1725127200.0,1.7525008916854858,13.416114807128906
1725148800.0,1.901033639907837,14.245460510253906
1725170400.0,1.8866084814071655,14.267189025878906
1725192000.0,1.8488754034042358,13.920265197753906
1725213600.0,1.8703067302703857,13.566505432128906
1725235200.0,1.686009168624878,13.358497619628906
1725256800.0,1.514221429824829,13.176612854003906
1725278400.0,1.546015977859497,12.993507385253906
1725300000.0,1.7550840377807617,12.814796447753906
1725321600.0,1.6565544605255127,13.028175354003906
1725343200.0,1.5804998874664307,13.471534729003906
1725364800.0,1.6576775312423706,13.641944885253906
1725386400.0,1.947481632232666,17.215675354003906
1725408000.0,1.8788394927978516,16.563819885253906
1725429600.0,1.8087003231048584,16.177589416503906
1725451200.0,1.9495084285736084,15.803565979003906
1725472800.0,1.9915226697921753,14.979347229003906
1725494400.0,1.949779748916626,14.576515197753906
1725516000.0,1.8659114837646484,14.140480041503906
1725537600.0,1.8986114263534546,14.047706604003906
1725559200.0,1.9973256587982178,14.925636291503906
1725580800.0,1.939741849899292,15.192726135253906
1725602400.0,1.851306676864624,14.883888244628906
1725624000.0,1.906020998954773,14.634620666503906
1725645600.0,1.9792728424072266,14.344581604003906
1725667200.0,1.9791871309280396,14.006446838378906
1725688800.0,1.9849931001663208,13.709327697753906
1725710400.0,1.9753717184066772,13.488868713378906
1725732000.0,1.9077585935592651,13.305274963378906
1725753600.0,1.7564926147460938,13.150001525878906
1725775200.0,1.674325942993164,12.964698791503906
1725796800.0,1.685779333114624,12.640480041503906
1725818400.0,1.637063980102539,12.519386291503906
1725840000.0,1.5131222009658813,12.440284729003906
1725861600.0,1.4716986417770386,12.623878479003906
1725883200.0,1.4476758241653442,12.984230041503906
1725904800.0,1.3977787494659424,12.938819885253906
1725926400.0,1.32369863986969,12.645362854003906
1725948000.0,1.2627778053283691,12.390968322753906
1725969600.0,1.2464330196380615,12.262794494628906
1725991200.0,1.2890328168869019,12.491310119628906
1726012800.0,1.4047211408615112,14.448097229003906
1726034400.0,1.398119330406189,14.501075744628906
1726056000.0,1.36336350440979,14.259376525878906
1726077600.0,1.427828311920166,13.705421447753906
1726099200.0,1.3798961639404297,13.319190979003906
1726120800.0,1.2881773710250854,13.148780822753906
1726142400.0,1.2874759435653687,13.407325744628906
1726164000.0,1.3328067064285278,14.348487854003906
1726185600.0,1.3291467428207397,14.371192932128906
1726207200.0,1.310640811920166,14.047218322753906
1726228800.0,1.3961474895477295,13.646583557128906
1726250400.0,1.6247656345367432,13.405128479003906
1726272000.0,1.786653995513916,6.293312072753906
1726293600.0,1.4666320085525513,6.392433166503906
1726315200.0,1.331237554550171,12.346046447753906
1726336800.0,1.4585111141204834,5.685401916503906
1726358400.0,1.5253512859344482,14.431495666503906
1726380000.0,1.427809476852417,14.170265197753906
1726401600.0,1.3868565559387207,13.821632385253906
1726423200.0,1.5057857036590576,13.632179260253906
1726444800.0,1.5190551280975342,13.479347229003906
1726466400.0,1.5493261814117432,13.362648010253906
1726488000.0,1.6095669269561768,13.237648010253906
1726509600.0,1.549420952796936,13.030616760253906
1726531200.0,1.5964986085891724,12.752784729003906
1726552800.0,1.5288443565368652,12.432472229003906
1726574400.0,1.3863517045974731,12.206398010253906
1726596000.0,1.3840537071228027,12.039405822753906
1726617600.0,1.4289441108703613,11.965187072753906
1726639200.0,1.3472620248794556,12.150733947753906
1726660800.0,1.2908902168273926,13.208351135253906
1726682400.0,1.296870231628418,13.722999572753906
1726704000.0,1.3567287921905518,13.746437072753906
1726725600.0,1.2821934223175049,13.595558166503906
1726747200.0,1.2584598064422607,13.506202697753906
1726768800.0,1.3260788917541504,13.408058166503906
1726790400.0,1.3155450820922852,13.267433166503906
1726812000.0,1.162856101989746,13.096046447753906
1726833600.0,1.0516979694366455,13.047706604003906
1726855200.0,1.0110485553741455,13.100929260253906
1726876800.0,0.996422290802002,13.190773010253906
1726898400.0,0.9847936034202576,13.308448791503906
1726920000.0,0.9940406084060669,13.308937072753906
1726941600.0,1.0414628982543945,13.134132385253906
1726963200.0,1.1503020524978638,11.972023010253906
1726984800.0,1.3392844200134277,11.469581604003906
1727006400.0,1.45957612991333,11.543312072753906
1727028000.0,1.4859399795532227,11.660987854003906
1727049600.0,1.4130899906158447,11.601417541503906
1727071200.0,1.3086626529693604,11.559425354003906
1727092800.0,1.2271103858947754,11.535499572753906
1727114400.0,1.2136776447296143,11.536476135253906
1727136000.0,1.1392812728881836,11.410011291503906
1727157600.0,1.095871925354004,11.293312072753906
1727179200.0,1.093923568725586,19.596534729003906
1727200800.0,1.1843022108078003,19.018898010253906
1727222400.0,1.1604868173599243,18.134620666503906
1727244000.0,1.1621179580688477,17.713233947753906
1727265600.0,1.3366727828979492,17.107276916503906
1727287200.0,1.353909969329834,16.423194885253906
1727308800.0,1.2791430950164795,16.049659729003906
1727330400.0,1.2226157188415527,15.334327697753906
1727352000.0,1.1941990852355957,14.759620666503906
1727373600.0,1.2512853145599365,14.467628479003906
1727395200.0,1.2491884231567383,14.125343322753906
1727416800.0,1.2448036670684814,13.632667541503906
1727438400.0,1.2894258499145508,13.376808166503906
1727460000.0,1.406360387802124,13.122901916503906
1727481600.0,1.3206216096878052,12.752784729003906
1727503200.0,1.1850833892822266,12.057472229003906
1727524800.0,1.2191495895385742,16.877296447753906
1727546400.0,1.2887773513793945,16.451026916503906
1727568000.0,1.3434083461761475,16.092628479003906
1727589600.0,1.4147958755493164,15.771339416503906
1727611200.0,1.5118484497070312,15.219581604003906
1727632800.0,1.5319205522537231,14.715187072753906
1727654400.0,1.5211756229400635,14.437843322753906
1727676000.0,1.494497537612915,14.174171447753906
1727697600.0,1.4767646789550781,13.530372619628906
1727719200.0,1.5353071689605713,13.217140197753906
1727740800.0,1.4264600276947021,13.011817932128906
1727762400.0,1.3340765237808228,12.768165588378906
1727784000.0,1.4770567417144775,16.693946838378906
1727805600.0,1.62393319606781,16.151710510253906
1727827200.0,1.5301735401153564,15.799903869628906
1727848800.0,1.42857825756073,15.116798400878906
1727870400.0,1.5349609851837158,14.698829650878906
1727892000.0,1.5368702411651611,14.373146057128906
1727913600.0,1.525613784790039,14.159034729003906
1727935200.0,1.4406156539916992,14.016944885253906
1727956800.0,1.512725830078125,13.832862854003906
1727978400.0,1.4716148376464844,13.750099182128906
1728000000.0,1.3547621965408325,13.667091369628906
1728021600.0,1.3280892372131348,13.453224182128906
1728043200.0,1.524876594543457,13.340675354003906
1728064800.0,1.6470842361450195,13.520851135253906
1728086400.0,1.7181212902069092,13.809425354003906
1728108000.0,1.7317476272583008,13.671974182128906
1728129600.0,1.708543300628662,13.451515197753906
1728151200.0,1.6437456607818604,13.132667541503906
1728172800.0,1.5396366119384766,12.677589416503906
1728194400.0,1.4208734035491943,12.282569885253906
1728216000.0,1.3504270315170288,12.045753479003906
1728237600.0,1.2851825952529907,11.801612854003906
1728259200.0,1.2552062273025513,11.435890197753906
1728280800.0,1.233788013458252,11.240089416503906
1728302400.0,1.321720838546753,11.142433166503906
1728324000.0,1.4633293151855469,15.840187072753906
1728345600.0,1.4293932914733887,15.123390197753906
1728367200.0,1.350008487701416,14.748878479003906
1728388800.0,1.441467046737671,14.509620666503906
1728410400.0,1.5288227796554565,14.152687072753906
1728432000.0,1.3851003646850586,13.619972229003906
1728453600.0,1.3296575546264648,13.306007385253906
1728475200.0,1.5075347423553467,13.083351135253906
1728496800.0,1.6309092044830322,12.721534729003906
1728518400.0,1.5802291631698608,16.581886291503906
1728540000.0,1.518031120300293,16.404640197753906
1728561600.0,1.677694320678711,16.154640197753906
1728583200.0,1.8072218894958496,15.952980041503906
1728604800.0,1.8396995067596436,15.753273010253906
1728626400.0,1.8379428386688232,15.459327697753906
1728648000.0,1.849191427230835,15.121925354003906
1728669600.0,1.795527458190918,14.772804260253906
1728691200.0,1.7337040901184082,14.524269104003906
1728712800.0,1.676832914352417,14.287452697753906
1728734400.0,1.6056592464447021,13.979347229003906
1728756000.0,1.5457401275634766,13.670265197753906
1728777600.0,1.4997360706329346,13.440773010253906
1728799200.0,1.4464170932769775,13.282081604003906
1728820800.0,1.366344690322876,13.117530822753906
1728842400.0,1.276504635810852,12.937843322753906
1728864000.0,1.206505298614502,12.694679260253906
1728885600.0,1.1755759716033936,12.523780822753906
1728907200.0,1.2197461128234863,12.544776916503906
1728928800.0,1.2248964309692383,13.220069885253906
1728950400.0,1.2816988229751587,13.466651916503906
1728972000.0,1.4578320980072021,20.395851135253906
1728993600.0,1.8021111488342285,19.725440979003906
1729015200.0,2.169649362564087,19.082374572753906
1729036800.0,2.381453037261963,18.016944885253906
1729058400.0,2.424185276031494,17.466163635253906
1729080000.0,2.6534059047698975,16.532569885253906
1729101600.0,2.733736276626587,16.096046447753906
1729123200.0,2.523179054260254,15.836280822753906
1729144800.0,2.427457809448242,15.346046447753906
1729166400.0,2.390331268310547,14.954933166503906
1729188000.0,2.3563942909240723,14.660011291503906
1729209600.0,2.0451841354370117,14.360694885253906
1729231200.0,1.7561352252960205,13.840675354003906
1729252800.0,1.6088985204696655,13.469581604003906
1729274400.0,1.5079662799835205,13.215675354003906
1729296000.0,1.3627586364746094,12.642433166503906
1729317600.0,1.2873725891113281,12.168312072753906
1729339200.0,1.2828094959259033,11.934425354003906
1729360800.0,1.3050689697265625,11.811378479003906
1729382400.0,1.2947903871536255,11.614601135253906
1729404000.0,1.3131343126296997,18.229835510253906
1729425600.0,1.3191641569137573,17.732276916503906
1729447200.0,1.347648024559021,17.136573791503906
1729468800.0,1.3507025241851807,16.203956604003906
1729490400.0,1.3629109859466553,15.635597229003906
1729512000.0,1.3790550231933594,14.785499572753906
1729533600.0,1.3867182731628418,14.386573791503906
1729555200.0,1.4017620086669922,14.133155822753906
1729576800.0,1.4020875692367554,14.019386291503906
1729598400.0,1.4541678428649902,13.952980041503906
1729620000.0,1.5355424880981445,13.775733947753906
1729641600.0,1.545479416847229,13.592628479003906
1729663200.0,1.5872468948364258,13.389015197753906
1729684800.0,1.625908613204956,13.174659729003906
1729706400.0,1.6112995147705078,12.831886291503906
1729728000.0,1.4781562089920044,12.286964416503906
1729749600.0,1.4065654277801514,12.096534729003906
1729771200.0,1.3843834400177002,12.041358947753906
1729792800.0,1.407512903213501,11.994972229003906
1729814400.0,1.395885705947876,12.259132385253906
1729836000.0,1.3978989124298096,14.212745666503906
1729857600.0,1.445035457611084,13.447120666503906
1729879200.0,1.4265191555023193,13.042823791503906
1729900800.0,1.3758172988891602,12.290382385253906
1729922400.0,1.3207929134368896,11.920265197753906
1729944000.0,1.3355978727340698,11.486183166503906
1729965600.0,1.2712467908859253,11.137550354003906
1729987200.0,1.1983985900878906,10.993019104003906
1730008800.0,1.1674859523773193,10.911476135253906
1730030400.0,1.1492946147918701,10.822608947753906
1730052000.0,1.151120662689209,10.676124572753906
1730073600.0,1.1729344129562378,15.228858947753906
1730095200.0,1.2044624090194702,14.812843322753906
1730116800.0,1.3257031440734863,14.567726135253906
1730138400.0,1.4094414710998535,14.288917541503906
1730160000.0,1.5132462978363037,13.764503479003906
1730181600.0,1.614107370376587,13.411476135253906
1730203200.0,1.5922839641571045,13.181007385253906
1730224800.0,1.6162796020507812,17.374366760253906
1730246400.0,1.5857441425323486,16.433448791503906
1730268000.0,1.5086734294891357,16.062843322753906
1730289600.0,1.5099974870681763,15.717140197753906
1730311200.0,1.5058774948120117,14.972023010253906
1730332800.0,1.450979471206665,14.575538635253906
1730354400.0,1.3779128789901733,14.310646057128906
1730376000.0,1.2894318103790283,13.889015197753906
1730397600.0,1.1923402547836304,13.464698791503906
1730419200.0,1.1266436576843262,13.259132385253906
1730440800.0,1.0934793949127197,13.107765197753906
1730462400.0,1.0654897689819336,12.908546447753906
1730484000.0,1.0205175876617432,12.478370666503906
1730505600.0,0.9503995776176453,12.232276916503906
1730527200.0,0.8952476978302002,12.018409729003906
1730548800.0,0.8511320352554321,11.771339416503906
1730570400.0,0.8058651089668274,11.338722229003906
1730592000.0,0.79600989818573,11.039405822753906
1730613600.0,0.8228873014450073,10.798683166503906
1730635200.0,0.8098054528236389,10.572608947753906
1730656800.0,0.747495174407959,10.556007385253906
1730678400.0,0.709606945514679,10.982276916503906
1730700000.0,0.6938477754592896,11.683937072753906
1730721600.0,0.716910719871521,11.857765197753906
1730743200.0,0.7650871276855469,11.895362854003906
1730764800.0,0.8083356618881226,11.888526916503906
1730786400.0,0.8719637989997864,11.766944885253906
1730808000.0,0.9526625275611877,11.630226135253906
1730829600.0,1.0005404949188232,11.435890197753906
1730851200.0,1.0133790969848633,11.255226135253906
1730872800.0,1.0057787895202637,11.110206604003906
1730894400.0,0.9930285811424255,10.984230041503906
1730916000.0,0.9976077675819397,10.785011291503906
1730937600.0,0.9986082911491394,14.323585510253906
1730959200.0,1.014359474182129,14.507179260253906
1730980800.0,1.1234660148620605,14.512550354003906
1731002400.0,1.1529712677001953,14.367042541503906
1731024000.0,1.1643617153167725,14.029151916503906
1731045600.0,1.1578643321990967,13.647804260253906
1731067200.0,1.1868782043457031,13.376808166503906
1731088800.0,1.2446991205215454,13.141456604003906
1731110400.0,1.2515065670013428,12.886573791503906
1731132000.0,1.2607331275939941,12.591163635253906
1731153600.0,1.286569595336914,12.431251525878906
1731175200.0,1.2711851596832275,12.268409729003906
1731196800.0,1.25373375415802,12.095314025878906
1731218400.0,1.2345550060272217,11.883155822753906
1731240000.0,1.2417114973068237,11.438819885253906
1731261600.0,1.260817289352417,15.694435119628906
1731283200.0,1.29146409034729,14.931495666503906
1731304800.0,1.2905993461608887,14.507179260253906
1731326400.0,1.283081293106079,13.884620666503906
1731348000.0,1.2788804769515991,13.474952697753906
1731369600.0,1.2182261943817139,13.190528869628906
1731391200.0,1.1711159944534302,12.863624572753906
1731412800.0,1.116039752960205,12.244972229003906
1731434400.0,1.0769901275634766,10.487159729003906
1731456000.0,1.0522247552871704,10.406105041503906
1731477600.0,1.057765245437622,10.393898010253906
1731499200.0,1.0432720184326172,10.386573791503906
1731520800.0,1.0417884588241577,17.539894104003906
1731542400.0,1.0503191947937012,16.978370666503906
1731564000.0,1.061631679534912,16.408058166503906
1731585600.0,1.105441689491272,16.021827697753906
1731607200.0,1.0826044082641602,15.667823791503906
1731628800.0,1.0445842742919922,14.998878479003906
1731650400.0,1.0331610441207886,14.667823791503906
1731672000.0,1.0367414951324463,14.440773010253906
1731693600.0,1.063551425933838,14.245948791503906
1731715200.0,1.0820980072021484,13.980812072753906
1731736800.0,1.1025326251983643,13.750831604003906
1731758400.0,1.103790521621704,13.453956604003906
1731780000.0,1.1007163524627686,13.297706604003906
1731801600.0,1.1060770750045776,13.209327697753906
1731823200.0,1.1003015041351318,13.114601135253906
1731844800.0,1.0837433338165283,12.950538635253906
1731866400.0,1.0668838024139404,12.756202697753906
1731888000.0,1.0652685165405273,12.798683166503906
1731909600.0,1.0854594707489014,14.712745666503906
1731931200.0,1.1717453002929688,14.523292541503906
1731952800.0,1.1485575437545776,14.306007385253906
1731974400.0,1.1750798225402832,13.828956604003906
1731996000.0,1.219207763671875,13.404151916503906
1732017600.0,1.2709369659423828,13.168800354003906
1732039200.0,1.2875343561172485,12.936866760253906
1732060800.0,1.2851817607879639,17.418800354003906
1732082400.0,1.2709755897521973,16.775245666503906
1732104000.0,1.2561166286468506,16.238136291503906
1732125600.0,1.2189013957977295,15.944190979003906
1732147200.0,1.2269854545593262,15.773292541503906
1732168800.0,1.2333579063415527,15.621437072753906
1732190400.0,1.3747609853744507,15.366065979003906
1732212000.0,1.3137331008911133,14.944679260253906
1732233600.0,1.3426011800765991,14.722999572753906
1732255200.0,1.4060914516448975,14.528663635253906
1732276800.0,1.5409157276153564,14.346046447753906
1732298400.0,1.4588180780410767,14.135108947753906
1732320000.0,1.4802007675170898,14.126808166503906
1732341600.0,1.4764375686645508,13.866065979003906
1732363200.0,1.4160022735595703,13.955909729003906
1732384800.0,1.3242554664611816,14.018898010253906
1732406400.0,1.2472360134124756,13.592628479003906
1732428000.0,1.203622579574585,13.298683166503906
1732449600.0,1.2312545776367188,13.225929260253906
1732471200.0,1.21536386013031,13.177589416503906
1732492800.0,1.1840662956237793,13.028663635253906
1732514400.0,1.1811268329620361,12.554542541503906
1732536000.0,1.169693946838379,12.241065979003906
1732557600.0,1.1133594512939453,7.990089416503906
1732579200.0,1.058250904083252,8.217628479003906
1732600800.0,1.023010015487671,8.372413635253906
1732622400.0,1.072171926498413,8.690284729003906
1732644000.0,1.0949132442474365,8.749366760253906
1732665600.0,1.1189329624176025,8.784523010253906
1732687200.0,1.1793392896652222,8.647315979003906
1732708800.0,1.2052421569824219,8.526710510253906
1732730400.0,1.1704734563827515,8.548194885253906
1732752000.0,1.129089593887329,8.590675354003906
1732773600.0,1.1266967058181763,8.625831604003906
1732795200.0,1.1852748394012451,8.681983947753906
1732816800.0,1.2023427486419678,12.107765197753906
1732838400.0,1.2201080322265625,11.994483947753906
1732860000.0,1.2542431354522705,11.865089416503906
1732881600.0,1.2895019054412842,17.627784729003906
1732903200.0,1.2513556480407715,16.549171447753906
1732924800.0,1.2766729593276978,16.006690979003906
1732946400.0,1.2441844940185547,15.303077697753906
1732968000.0,1.2835607528686523,14.808937072753906
1732989600.0,1.2350525856018066,14.482765197753906
1733011200.0,1.2361541986465454,14.057472229003906
1733032800.0,1.3564503192901611,13.681007385253906
1733054400.0,1.3764822483062744,13.617042541503906
1733076000.0,1.3704781532287598,16.282569885253906
1733097600.0,1.5108888149261475,15.997413635253906
1733119200.0,1.9288517236709595,15.520362854003906
1733140800.0,2.2980828285217285,14.912940979003906
1733162400.0,2.0985512733459473,14.582374572753906
1733184000.0,2.1213276386260986,14.314796447753906
1733205600.0,2.2558422088623047,7.318214416503906
1733227200.0,2.1070542335510254,7.578956604003906
1733248800.0,1.8786351680755615,13.656593322753906
1733270400.0,1.9776649475097656,14.187355041503906
1733292000.0,2.0785484313964844,14.097999572753906
1733313600.0,2.237577438354492,13.670265197753906
1733335200.0,2.164146661758423,13.408546447753906
1733356800.0,2.1980209350585938,13.282569885253906
1733378400.0,2.2725446224212646,13.265480041503906
1733400000.0,2.2056918144226074,13.221534729003906
1733421600.0,2.4604387283325195,7.285499572753906
1733443200.0,1.9973113536834717,12.962257385253906
1733464800.0,1.7654979228973389,12.838722229003906
1733486400.0,1.632882833480835,12.464698791503906
1733508000.0,1.4891927242279053,12.202491760253906
1733529600.0,1.3926527500152588,12.241554260253906
1733551200.0,1.3235820531845093,12.597999572753906
1733572800.0,1.3484736680984497,12.575050354003906
1733594400.0,1.3403165340423584,12.242530822753906
1733616000.0,1.309300422668457,11.930030822753906
1733637600.0,1.274918556213379,11.754249572753906
1733659200.0,1.2879772186279297,11.629737854003906
1733680800.0,1.385146141052246,7.559913635253906
1733702400.0,1.5282504558563232,7.756202697753906
1733724000.0,1.4082359075546265,7.729835510253906
1733745600.0,1.3837482929229736,11.108253479003906
1733767200.0,1.581079125404358,6.510597229003906
1733788800.0,1.6962461471557617,18.780128479003906
1733810400.0,1.749939203262329,17.891456604003906
1733832000.0,2.0435423851013184,17.216651916503906
1733853600.0,1.9568419456481934,16.351905822753906
1733875200.0,1.9974844455718994,15.873878479003906
1733896800.0,2.109910249710083,15.175148010253906
1733918400.0,2.292393445968628,14.731788635253906
1733940000.0,2.2652218341827393,8.204933166503906
1733961600.0,2.0147223472595215,8.260597229003906
1733983200.0,1.7785542011260986,13.221534729003906
1734004800.0,1.6808116436004639,7.557960510253906
1734026400.0,1.6649577617645264,7.611183166503906
1734048000.0,1.6189463138580322,8.126319885253906
1734069600.0,1.6249182224273682,8.156593322753906
1734091200.0,1.739945888519287,7.764991760253906
1734112800.0,1.621338129043579,7.584815979003906
1734134400.0,1.5696570873260498,7.463233947753906
1734156000.0,1.529151201248169,7.435401916503906
1734177600.0,1.5071473121643066,7.295265197753906
1734199200.0,1.4984784126281738,14.983253479003906
1734220800.0,1.5770221948623657,14.605323791503906
1734242400.0,1.5308523178100586,14.096046447753906
1734264000.0,1.7222211360931396,6.898780822753906
1734285600.0,1.5710227489471436,13.337745666503906
1734307200.0,1.4788635969161987,13.071632385253906
1734328800.0,1.3392009735107422,12.654640197753906
1734350400.0,1.4521305561065674,12.350440979003906
1734372000.0,1.353661060333252,12.254249572753906
1734393600.0,1.3661373853683472,18.038429260253906
1734415200.0,1.4704347848892212,17.362648010253906
1734436800.0,1.5790702104568481,16.251808166503906
1734458400.0,1.7045619487762451,15.704933166503906
1734480000.0,1.820707082748413,15.538917541503906
1734501600.0,1.9036531448364258,15.183937072753906
1734523200.0,2.0170578956604004,14.774269104003906
1734544800.0,2.0292937755584717,14.378761291503906
1734566400.0,1.9341256618499756,13.857276916503906
1734588000.0,1.7860850095748901,13.482765197753906
1734609600.0,1.9286032915115356,13.159523010253906
1734631200.0,1.7352858781814575,12.808937072753906
1734652800.0,1.6293833255767822,12.515480041503906
1734674400.0,1.635109305381775,12.537452697753906
1734696000.0,1.7946174144744873,6.422706604003906
1734717600.0,1.7362446784973145,6.488136291503906
1734739200.0,1.580188512802124,13.954444885253906
1734760800.0,1.4840937852859497,13.652198791503906
1734782400.0,1.555555820465088,13.437355041503906
1734804000.0,1.5994422435760498,13.234230041503906
1734825600.0,1.5756090879440308,13.017433166503906
1734847200.0,1.5278534889221191,12.811866760253906
1734868800.0,1.5023047924041748,12.669776916503906
1734890400.0,1.4818520545959473,12.537452697753906
1734912000.0,1.4470092058181763,12.349952697753906
1734933600.0,1.4135022163391113,12.161476135253906
1734955200.0,1.4912724494934082,15.975929260253906
1734976800.0,1.733232021331787,15.460304260253906
1734998400.0,1.7509639263153076,14.901222229003906
1735020000.0,1.6083593368530273,14.597023010253906
1735041600.0,1.4888346195220947,14.205909729003906
1735063200.0,1.3825757503509521,13.498390197753906
1735084800.0,1.345021367073059,13.175636291503906
1735106400.0,1.3515833616256714,12.847511291503906
1735128000.0,1.463991641998291,16.102394104003906
1735149600.0,1.4274036884307861,15.663917541503906
1735171200.0,1.4019830226898193,14.952003479003906
1735192800.0,1.3634157180786133,14.580421447753906
1735214400.0,1.2773739099502563,13.969093322753906
1735236000.0,1.2192654609680176,13.471046447753906
1735257600.0,1.2023183107376099,13.217140197753906
1735279200.0,1.2025014162063599,12.853370666503906
1735300800.0,1.2233679294586182,10.501319885253906
1735322400.0,1.2262022495269775,10.528663635253906
1735344000.0,1.2089064121246338,10.572608947753906
1735365600.0,1.1933702230453491,10.504737854003906
1735387200.0,1.192466378211975,10.301612854003906
1735408800.0,1.182831048965454,10.096046447753906
1735430400.0,1.1809821128845215,9.918312072753906
1735452000.0,1.1663718223571777,9.809913635253906
1735473600.0,1.2308497428894043,8.424659729003906
1735495200.0,1.3507503271102905,7.947608947753906
1735516800.0,1.4938888549804688,7.366554260253906
1735538400.0,1.3181872367858887,7.513526916503906
1735560000.0,1.2743372917175293,7.453956604003906
1735581600.0,1.3793883323669434,14.877296447753906
1735603200.0,1.2623039484024048,14.512062072753906
1735624800.0,1.0876084566116333,14.077003479003906
1735646400.0,1.1038538217544556,13.617530822753906
1735668000.0,1.151052474975586,13.406593322753906
1735689600.0,1.1997300386428833,13.295265197753906
1735711200.0,1.1798570156097412,13.397804260253906
1735732800.0,1.2344838380813599,14.024757385253906
1735754400.0,1.2167699337005615,14.215187072753906
1735776000.0,1.1485788822174072,13.492530822753906
1735797600.0,1.1236952543258667,13.033546447753906
1735819200.0,1.16558837890625,12.557960510253906
1735840800.0,1.2163954973220825,12.362648010253906
1735862400.0,1.2331831455230713,12.211769104003906
1735884000.0,1.2500438690185547,16.060890197753906
1735905600.0,1.2628228664398193,15.362648010253906
1735927200.0,1.27069890499115,14.742042541503906
1735948800.0,1.2264589071273804,14.205421447753906
1735970400.0,1.1631815433502197,13.493019104003906
1735992000.0,1.2295889854431152,13.245460510253906
1736013600.0,1.139803409576416,12.910987854003906
1736035200.0,1.0267294645309448,12.210304260253906
1736056800.0,0.9416357278823853,11.889991760253906
1736078400.0,0.9077504873275757,11.528663635253906
1736100000.0,0.8567444682121277,11.243019104003906
1736121600.0,0.8351964950561523,11.182960510253906
1736143200.0,0.8145663142204285,11.197608947753906
1736164800.0,0.8216196894645691,11.271339416503906
1736186400.0,0.8914317488670349,11.319190979003906
1736208000.0,0.9019034504890442,11.372413635253906
1736229600.0,0.8394193649291992,11.441749572753906
1736251200.0,1.1407660245895386,11.589210510253906
1736272800.0,1.1247954368591309,11.434425354003906
1736294400.0,1.1038877964019775,11.280128479003906
1736316000.0,1.075113296508789,11.088233947753906
1736337600.0,1.0720224380493164,10.904151916503906
1736359200.0,1.288339614868164,5.291847229003906
1736380800.0,1.189497470855713,5.925148010253906
1736402400.0,0.9608464241027832,6.259132385253906
1736424000.0,0.8145682215690613,9.185401916503906
1736445600.0,0.7735603451728821,8.833839416503906
1736467200.0,0.7487457990646362,6.588233947753906
1736488800.0,0.71441251039505,6.484718322753906
1736510400.0,0.7083176970481873,6.245460510253906
1736532000.0,0.7198785543441772,6.174171447753906
1736553600.0,0.7240321636199951,12.272804260253906
1736575200.0,0.7492190599441528,12.065284729003906
1736596800.0,0.9597418308258057,11.757667541503906
1736618400.0,1.045316457748413,11.181007385253906
1736640000.0,1.1267287731170654,11.014503479003906
1736661600.0,1.167616605758667,10.928077697753906
1736683200.0,1.2479984760284424,13.468605041503906
1736704800.0,1.1972770690917969,13.356788635253906
1736726400.0,1.2116621732711792,13.214210510253906
1736748000.0,1.198508381843567,13.071632385253906
1736769600.0,1.258730411529541,13.124366760253906
1736791200.0,1.2984615564346313,13.106300354003906
1736812800.0,1.3258055448532104,12.958351135253906
1736834400.0,1.3311854600906372,19.077980041503906
1736856000.0,1.4584860801696777,18.214698791503906
1736877600.0,1.5187509059906006,17.649269104003906
1736899200.0,1.6149189472198486,16.851905822753906
1736920800.0,1.6957006454467773,16.274757385253906
1736942400.0,1.7625014781951904,15.886085510253906
1736964000.0,1.7450770139694214,15.282569885253906
1736985600.0,1.6905770301818848,14.855323791503906
1737007200.0,1.625231385231018,14.607765197753906
1737028800.0,1.5775940418243408,14.361183166503906
1737050400.0,1.569779634475708,13.862648010253906
1737072000.0,1.5443570613861084,13.515480041503906
1737093600.0,1.4611395597457886,13.347023010253906
1737115200.0,1.4886562824249268,13.177101135253906
1737136800.0,1.6510646343231201,12.897804260253906
1737158400.0,1.6657073497772217,12.441749572753906
1737180000.0,1.5444066524505615,12.212257385253906
1737201600.0,1.591123104095459,12.047218322753906
1737223200.0,1.5489115715026855,16.711280822753906
1737244800.0,1.5558987855911255,16.794288635253906
1737266400.0,1.6460850238800049,16.546730041503906
1737288000.0,1.807753324508667,16.087745666503906
1737309600.0,1.8794827461242676,15.636573791503906
1737331200.0,1.899296522140503,14.943214416503906
1737352800.0,1.8625861406326294,14.531593322753906
1737374400.0,1.83028244972229,14.058448791503906
1737396000.0,1.7742685079574585,13.598487854003906
1737417600.0,1.7404277324676514,13.279640197753906
1737439200.0,1.7802653312683105,13.065773010253906
1737460800.0,1.8115880489349365,12.751319885253906
1737482400.0,1.5972259044647217,12.342628479003906
1737504000.0,1.4756171703338623,12.083351135253906
1737525600.0,1.3922221660614014,11.850929260253906
1737547200.0,1.2755722999572754,11.427101135253906
1737568800.0,1.1756532192230225,11.135597229003906
1737590400.0,1.1105351448059082,11.001808166503906
1737612000.0,1.1050406694412231,10.930519104003906
1737633600.0,1.135298490524292,10.961769104003906
1737655200.0,1.1378040313720703,11.032569885253906
1737676800.0,1.1303761005401611,11.141456604003906
1737698400.0,1.1305525302886963,11.225440979003906
1737720000.0,1.1607880592346191,11.186866760253906
1737741600.0,1.1275149583816528,11.276710510253906
1737763200.0,1.201051950454712,11.850929260253906
1737784800.0,1.227536916732788,11.947608947753906
1737806400.0,1.2739462852478027,11.880714416503906
1737828000.0,1.3350622653961182,11.732276916503906
1737849600.0,1.3163838386535645,11.419776916503906
1737871200.0,1.486098289489746,15.151710510253906
1737892800.0,1.50775945186615,14.600929260253906
1737914400.0,1.3374974727630615,14.235206604003906
1737936000.0,1.3300275802612305,13.662940979003906
1737957600.0,1.2225756645202637,13.324073791503906
1737979200.0,1.325448989868164,13.020362854003906
1738000800.0,1.3877668380737305,12.389991760253906
1738022400.0,1.247279405593872,12.104347229003906
1738044000.0,1.1152063608169556,11.965919494628906
1738065600.0,1.0569758415222168,11.853370666503906
1738087200.0,1.028385043144226,11.724464416503906
1738108800.0,1.0087382793426514,11.297706604003906
1738130400.0,0.9992766976356506,10.980323791503906
1738152000.0,0.9940061569213867,10.738136291503906
1738173600.0,1.0020155906677246,10.331398010253906
1738195200.0,1.0716261863708496,10.078224182128906
1738216800.0,1.0513074398040771,9.988868713378906
1738238400.0,1.026674509048462,7.086769104003906
1738260000.0,1.0767383575439453,7.603126525878906
1738281600.0,1.170440912246704,8.212257385253906
1738303200.0,1.2651536464691162,8.450782775878906
1738324800.0,1.3682595491409302,8.456642150878906
1738346400.0,1.3485257625579834,8.406349182128906
1738368000.0,1.3606585264205933,8.473487854003906
1738389600.0,1.400496244430542,8.590675354003906
1738411200.0,1.540242075920105,8.359718322753906
1738432800.0,1.5826328992843628,8.385597229003906
1738454400.0,1.5045857429504395,8.523292541503906
1738476000.0,1.4934816360473633,8.577980041503906
1738497600.0,1.5197639465332031,8.643898010253906
1738519200.0,1.4962636232376099,8.972511291503906
1738540800.0,1.4218103885650635,9.071144104003906
1738562400.0,1.336120843887329,8.918312072753906
1738584000.0,1.337666630744934,9.207374572753906
1738605600.0,1.277240514755249,9.145851135253906
1738627200.0,1.2586402893066406,9.250831604003906
1738648800.0,1.3612797260284424,9.330909729003906
1738670400.0,1.6073917150497437,9.473487854003906
1738692000.0,1.5514376163482666,9.430519104003906
1738713600.0,1.6053481101989746,6.903663635253906
1738735200.0,1.602910041809082,7.333839416503906
1738756800.0,1.7507851123809814,7.966651916503906
1738778400.0,1.8827545642852783,8.169776916503906
1738800000.0,1.882892370223999,8.344093322753906
1738821600.0,1.8915413618087769,16.122901916503906
1738843200.0,1.8394389152526855,15.464698791503906
1738864800.0,1.7630730867385864,14.709327697753906
1738886400.0,1.6584837436676025,14.097511291503906
1738908000.0,1.585273027420044,13.260108947753906
1738929600.0,1.545224905014038,11.287940979003906
1738951200.0,1.4710643291473389,10.718605041503906
1738972800.0,1.364640474319458,10.244972229003906
1738994400.0,1.275775671005249,9.919776916503906
1739016000.0,1.216843605041504,9.349464416503906
1739037600.0,1.1830641031265259,8.945655822753906
1739059200.0,1.17293381690979,8.730812072753906
1739080800.0,1.1628884077072144,8.712745666503906
1739102400.0,1.1538283824920654,8.914405822753906
1739124000.0,1.1560251712799072,13.146583557128906
1739145600.0,1.1438462734222412,12.690773010253906
1739167200.0,1.1267096996307373,12.264747619628906
1739188800.0,1.0753648281097412,12.045997619628906
1739210400.0,1.0367615222930908,11.886329650878906
1739232000.0,1.0154449939727783,11.519142150878906
1739253600.0,1.02679443359375,11.327735900878906
1739275200.0,1.0928171873092651,11.476417541503906
1739296800.0,1.1521928310394287,11.306495666503906
1739318400.0,1.1902835369110107,11.139503479003906
1739340000.0,1.2048888206481934,10.939796447753906
1739361600.0,1.209319829940796,10.772804260253906
1739383200.0,1.2274808883666992,10.638526916503906
1739404800.0,1.224241852760315,10.352882385253906
1739426400.0,1.2247909307479858,10.113136291503906
1739448000.0,1.3058784008026123,9.892433166503906
1739469600.0,1.2574009895324707,9.581398010253906
1739491200.0,1.220983624458313,9.355323791503906
1739512800.0,1.2227787971496582,9.256690979003906
1739534400.0,1.2968010902404785,9.294532775878906
1739556000.0,1.3204139471054077,9.610939025878906
1739577600.0,1.3146982192993164,13.458839416503906
1739599200.0,1.3353872299194336,13.073097229003906
1739620800.0,1.3668694496154785,12.274269104003906
1739642400.0,1.3647115230560303,11.798194885253906
1739664000.0,1.314730167388916,11.435401916503906
1739685600.0,1.235285758972168,11.174171447753906
1739707200.0,1.2051173448562622,10.923194885253906
1739728800.0,1.1560585498809814,10.619483947753906
1739750400.0,1.163913369178772,10.367042541503906
1739772000.0,1.1054223775863647,10.196632385253906
1739793600.0,1.0567224025726318,10.101417541503906
1739815200.0,1.0248899459838867,10.115089416503906
1739836800.0,0.9919851422309875,12.026710510253906
1739858400.0,0.993032693862915,11.948097229003906
1739880000.0,1.2772433757781982,16.211280822753906
1739901600.0,1.2947511672973633,15.812355041503906
1739923200.0,1.306751012802124,15.163917541503906
1739944800.0,1.3234659433364868,14.671241760253906
1739966400.0,1.3617420196533203,14.236183166503906
1739988000.0,1.3155887126922607,13.620460510253906
1740009600.0,1.2365139722824097,13.313331604003906
1740031200.0,1.1554312705993652,12.899269104003906
1740052800.0,1.1557674407958984,12.370948791503906
1740074400.0,1.126086950302124,12.027198791503906
1740096000.0,1.1244069337844849,11.751319885253906
1740117600.0,1.1174906492233276,11.464210510253906
1740139200.0,1.1949899196624756,11.337745666503906
1740160800.0,1.180674433708191,11.227882385253906
1740182400.0,1.205413818359375,11.079444885253906
1740204000.0,1.1608669757843018,15.133155822753906
1740225600.0,1.2144970893859863,14.789405822753906
1740247200.0,1.3001580238342285,14.549659729003906
1740268800.0,1.232629418373108,14.212745666503906
1740290400.0,1.1590466499328613,13.638038635253906
1740312000.0,1.137001395225525,13.366065979003906
1740333600.0,1.1556396484375,13.167335510253906
1740355200.0,1.173992395401001,12.844581604003906
1740376800.0,1.186836838722229,12.651222229003906
1740398400.0,1.1762678623199463,14.276710510253906
1740420000.0,1.163442850112915,13.691261291503906
1740441600.0,1.1281602382659912,13.433448791503906
1740463200.0,1.1406831741333008,13.401710510253906
1740484800.0,1.1732852458953857,13.353370666503906
1740506400.0,1.2516610622406006,17.626808166503906
1740528000.0,1.3086810111999512,16.821632385253906
1740549600.0,1.2876322269439697,15.952980041503906
1740571200.0,1.2935967445373535,15.454933166503906
1740592800.0,1.3175972700119019,14.928565979003906
1740614400.0,1.2990782260894775,14.625343322753906
1740636000.0,1.256829023361206,14.309181213378906
1740657600.0,1.1660640239715576,13.529151916503906
1740679200.0,1.090644121170044,13.116554260253906
1740700800.0,1.0302166938781738,12.572364807128906
1740722400.0,0.9289644956588745,11.798683166503906
1740744000.0,0.887458860874176,11.228370666503906
1740765600.0,0.8962903022766113,11.279640197753906
1740787200.0,0.942316472530365,11.948097229003906
1740808800.0,0.9804046750068665,12.089698791503906
1740830400.0,1.0002796649932861,11.904151916503906
1740852000.0,0.9899106621742249,11.627784729003906
1740873600.0,0.9855716824531555,11.404151916503906
1740895200.0,0.9526135325431824,11.242042541503906
1740916800.0,0.9148274064064026,11.156105041503906
1740938400.0,0.9040518999099731,11.177101135253906
1740960000.0,0.9009183645248413,11.795265197753906
1740981600.0,0.9087352156639099,12.115089416503906
1741003200.0,0.9407546520233154,12.262062072753906
1741024800.0,0.9550976753234863,12.304054260253906
1741046400.0,0.9865280985832214,12.216651916503906
1741068000.0,0.96684330701828,12.116554260253906
1741089600.0,0.9523456692695618,12.053077697753906
1741111200.0,0.9322929382324219,11.990089416503906
1741132800.0,0.8974155783653259,11.840675354003906
1741154400.0,0.8612514734268188,11.412940979003906
1741176000.0,0.8165026307106018,11.039894104003906
1741197600.0,0.7902743220329285,10.687843322753906
1741219200.0,0.8299177885055542,10.072120666503906
1741240800.0,1.059264898300171,9.753273010253906
1741262400.0,1.5887385606765747,5.734230041503906
1741284000.0,1.5736587047576904,14.184913635253906
1741305600.0,1.5882139205932617,13.736183166503906
1741327200.0,1.4301650524139404,13.334327697753906
1741348800.0,1.4098433256149292,13.004249572753906
1741370400.0,1.435736894607544,12.564796447753906
1741392000.0,1.3603911399841309,12.237159729003906
1741413600.0,1.346318006515503,12.016456604003906
1741435200.0,1.2485239505767822,11.773780822753906
1741456800.0,1.0876325368881226,11.291847229003906
1741478400.0,1.0001420974731445,10.905616760253906
1741500000.0,0.9907414317131042,9.784034729003906
1741521600.0,1.0203092098236084,9.466163635253906
1741543200.0,1.0552141666412354,9.246925354003906
1741564800.0,1.0965334177017212,8.999855041503906
1741586400.0,1.1732831001281738,20.095069885253906
1741608000.0,1.2658376693725586,19.495948791503906
1741629600.0,1.4047870635986328,18.544776916503906
1741651200.0,1.5414063930511475,17.722999572753906
1741672800.0,1.5779907703399658,17.007179260253906
1741694400.0,1.5779120922088623,16.202003479003906
1741716000.0,1.544234275817871,15.521827697753906
1741737600.0,1.4779164791107178,14.714210510253906
1741759200.0,1.4108643531799316,14.292823791503906
1741780800.0,1.3484389781951904,13.775733947753906
1741802400.0,1.2834112644195557,13.463233947753906
1741824000.0,1.2098946571350098,13.204933166503906
1741845600.0,1.136864423751831,12.888038635253906
1741867200.0,1.1051912307739258,12.261085510253906
1741888800.0,1.1067496538162231,12.004249572753906
1741910400.0,1.057093620300293,11.804542541503906
1741932000.0,1.130744457244873,11.803077697753906
1741953600.0,1.236769199371338,14.903175354003906
1741975200.0,1.2338429689407349,14.856788635253906
1741996800.0,1.2096569538116455,14.657081604003906
1742018400.0,1.3181123733520508,14.375831604003906
1742040000.0,1.3787927627563477,13.842628479003906
1742061600.0,1.5577418804168701,13.910499572753906
1742083200.0,1.8213353157043457,13.750343322753906
1742104800.0,1.7179570198059082,13.186866760253906
1742126400.0,1.538853406906128,12.328468322753906
1742148000.0,1.4178495407104492,16.675148010253906
1742169600.0,1.4459764957427979,16.134132385253906
1742191200.0,1.4058945178985596,15.649269104003906
1742212800.0,1.5111134052276611,14.891944885253906
1742234400.0,1.5611660480499268,14.515480041503906
1742256000.0,1.6356101036071777,8.040870666503906
1742277600.0,1.513330101966858,8.378761291503906
1742299200.0,1.4417493343353271,8.432960510253906
1742320800.0,1.5540904998779297,8.337013244628906
1742342400.0,1.5896351337432861,8.458839416503906
1742364000.0,1.4253513813018799,8.637062072753906
1742385600.0,1.2814719676971436,8.560890197753906
1742407200.0,1.2408747673034668,8.442237854003906
1742428800.0,1.2351577281951904,14.428565979003906
1742450400.0,1.2603384256362915,7.704444885253906
1742472000.0,1.2023711204528809,7.804054260253906
1742493600.0,1.1421444416046143,8.128273010253906
1742515200.0,1.0843147039413452,8.430030822753906
1742536800.0,1.055462121963501,8.645851135253906
1742558400.0,1.0367634296417236,8.744972229003906
1742580000.0,1.0757639408111572,8.982765197753906
1742601600.0,1.1430599689483643,9.150733947753906
1742623200.0,1.1602685451507568,9.044288635253906
1742644800.0,1.1718844175338745,8.815773010253906
1742666400.0,1.1686456203460693,14.492530822753906
1742688000.0,1.1688458919525146,14.200050354003906
1742709600.0,1.195246934890747,13.695655822753906
1742731200.0,1.3120176792144775,13.464210510253906
1742752800.0,1.3779685497283936,13.189308166503906
1742774400.0,1.3368024826049805,12.689796447753906
1742796000.0,1.3154230117797852,12.271339416503906
1742817600.0,1.4088575839996338,7.315773010253906
1742839200.0,1.3747855424880981,7.580421447753906
1742860800.0,1.3459174633026123,13.734718322753906
1742882400.0,1.3809442520141602,13.820655822753906
1742904000.0,1.3858866691589355,13.598976135253906
1742925600.0,1.41878342628479,18.203956604003906
1742947200.0,1.534502387046814,17.673194885253906
1742968800.0,1.6079399585723877,17.071144104003906
1742990400.0,1.7352001667022705,16.277687072753906
1743012000.0,1.7294243574142456,15.766456604003906
1743033600.0,1.682713508605957,14.972023010253906
1743055200.0,1.7236608266830444,14.702003479003906
1743076800.0,1.8590614795684814,14.469581604003906
1743098400.0,1.8964265584945679,13.942237854003906
1743120000.0,1.77699875831604,13.417823791503906
1743141600.0,1.6421751976013184,13.123390197753906
1743163200.0,1.8466062545776367,6.984230041503906
1743184800.0,1.7937920093536377,12.440284729003906
1743206400.0,1.619910478591919,12.210792541503906
1743228000.0,1.538023591041565,12.098976135253906
1743249600.0,1.457956314086914,11.985694885253906
1743271200.0,1.3583028316497803,11.862159729003906
1743292800.0,1.18408203125,11.424659729003906
1743314400.0,1.0746312141418457,11.104835510253906
1743336000.0,1.0939944982528687,11.095069885253906
1743357600.0,1.0231375694274902,13.162940979003906
1743379200.0,0.975768506526947,12.998390197753906
1743400800.0,0.9566431045532227,12.512550354003906
1743422400.0,0.9672805666923523,12.320167541503906
1743444000.0,0.9789080023765564,12.273292541503906
1743465600.0,0.9826757311820984,12.239601135253906
1743487200.0,0.9603983163833618,12.427101135253906
1743508800.0,1.049037218093872,12.534034729003906
1743530400.0,1.0310901403427124,12.277687072753906
1743552000.0,1.0112720727920532,11.962745666503906
1743573600.0,0.9998121857643127,11.586769104003906
1743595200.0,1.037726640701294,11.247413635253906
1743616800.0,0.9632487297058105,11.021339416503906
1743638400.0,0.8959476947784424,10.808937072753906
1743660000.0,0.8398923873901367,10.483253479003906
1743681600.0,0.7808092832565308,10.189308166503906
1743703200.0,0.7533215284347534,9.984230041503906
1743724800.0,0.7567545175552368,9.823585510253906
1743746400.0,0.8168720602989197,17.006690979003906
1743768000.0,0.9385528564453125,16.293800354003906
1743789600.0,1.069953203201294,15.807960510253906
1743811200.0,1.1643364429473877,15.006202697753906
1743832800.0,1.2126083374023438,14.558937072753906
1743854400.0,1.2310203313827515,14.050636291503906
1743876000.0,1.221644401550293,13.538429260253906
1743897600.0,1.1913354396820068,13.261573791503906
1743919200.0,1.1527378559112549,12.986183166503906
1743940800.0,1.1257050037384033,12.453956604003906
1743962400.0,1.104570746421814,12.089210510253906
1743984000.0,1.1069200038909912,11.890968322753906
1744005600.0,1.1205685138702393,11.791847229003906
1744027200.0,1.1730432510375977,11.767433166503906
1744048800.0,1.1884946823120117,11.546730041503906
1744070400.0,1.1696176528930664,11.556495666503906
1744092000.0,1.1230987310409546,11.677101135253906
1744113600.0,1.0720114707946777,11.577003479003906
1744135200.0,1.0480117797851562,11.444190979003906
1744156800.0,1.0249191522598267,11.384620666503906
1744178400.0,1.0011122226715088,11.317237854003906
1744200000.0,0.9971665740013123,11.155616760253906
1744221600.0,0.9816938638687134,14.628273010253906
1744243200.0,0.9837620258331299,14.674171447753906
1744264800.0,0.9986939430236816,14.626319885253906
1744286400.0,1.0100672245025635,14.439796447753906
1744308000.0,1.0227272510528564,14.114112854003906
1744329600.0,1.0398662090301514,13.686378479003906
1744351200.0,1.070225477218628,13.451515197753906
1744372800.0,1.0834569931030273,13.227882385253906
1744394400.0,1.0862407684326172,12.766944885253906
1744416000.0,1.119434118270874,16.357765197753906
1744437600.0,1.178926944732666,16.077980041503906
1744459200.0,1.2741756439208984,15.826515197753906
1744480800.0,1.3775081634521484,15.618995666503906
1744502400.0,1.476608157157898,15.614112854003906
1744524000.0,1.5847070217132568,15.461280822753906
1744545600.0,1.8756964206695557,15.221046447753906
1744567200.0,1.9128564596176147,15.149269104003906
1744588800.0,2.1412994861602783,15.122901916503906
1744610400.0,2.0960471630096436,14.989601135253906
1744632000.0,1.8990696668624878,14.948585510253906
1744653600.0,1.733559250831604,15.021827697753906
1744675200.0,1.6368072032928467,15.119483947753906
1744696800.0,1.5467374324798584,14.957862854003906
1744718400.0,1.4591747522354126,14.661964416503906
1744740000.0,1.3890713453292847,14.430030822753906
1744761600.0,1.3240351676940918,14.170753479003906
1744783200.0,1.2529118061065674,13.537940979003906
1744804800.0,1.2484251260757446,13.157081604003906
1744826400.0,1.1881626844406128,12.790870666503906
1744848000.0,1.0974459648132324,12.243995666503906
1744869600.0,1.0674304962158203,11.993995666503906
1744891200.0,1.081324577331543,11.376808166503906
1744912800.0,1.133314609527588,10.074562072753906
1744934400.0,1.1662859916687012,16.035987854003906
1744956000.0,1.1644206047058105,15.903175354003906
1744977600.0,1.217262625694275,15.768898010253906
1744999200.0,1.3184349536895752,15.642921447753906
1745020800.0,1.4190325736999512,15.199073791503906
1745042400.0,1.5011720657348633,14.922218322753906
1745064000.0,1.5294499397277832,14.612159729003906
1745085600.0,1.4886724948883057,14.192237854003906
1745107200.0,1.448132038116455,13.654151916503906
1745128800.0,1.4157379865646362,13.389015197753906
1745150400.0,1.381769061088562,13.176612854003906
1745172000.0,1.3479715585708618,12.963233947753906
1745193600.0,1.322535753250122,12.568214416503906
1745215200.0,1.2880008220672607,12.202491760253906
1745236800.0,1.2356383800506592,12.002296447753906
1745258400.0,1.1655703783035278,11.780616760253906
1745280000.0,1.1303236484527588,11.515968322753906
1745301600.0,1.1514344215393066,18.300636291503906
1745323200.0,1.228203535079956,17.850929260253906
1745344800.0,1.3343981504440308,17.523292541503906
1745366400.0,1.4620224237442017,16.890480041503906
1745388000.0,1.6227657794952393,16.266944885253906
1745409600.0,1.5879325866699219,15.890968322753906
1745431200.0,1.4508908987045288,15.224464416503906
1745452800.0,1.4163320064544678,14.752784729003906
1745474400.0,1.399030327796936,14.531593322753906
1745496000.0,1.366481065750122,14.344093322753906
1745517600.0,1.2660030126571655,14.082862854003906
1745539200.0,1.2136709690093994,13.704933166503906
1745560800.0,1.1883983612060547,13.469093322753906
1745582400.0,1.216238021850586,13.246437072753906
1745604000.0,1.2667255401611328,13.000831604003906
1745625600.0,1.3267033100128174,12.538429260253906
1745647200.0,1.4050135612487793,15.915870666503906
1745668800.0,1.4839370250701904,14.978370666503906
1745690400.0,1.5061078071594238,14.362159729003906
1745712000.0,1.4707589149475098,13.614112854003906
1745733600.0,1.4156913757324219,13.298194885253906
1745755200.0,1.3324229717254639,13.072608947753906
1745776800.0,1.3170630931854248,12.723487854003906
1745798400.0,1.2848438024520874,12.297706604003906
1745820000.0,1.2149789333343506,12.040382385253906
1745841600.0,1.1652705669403076,11.767433166503906
1745863200.0,1.1506571769714355,11.343116760253906
1745884800.0,1.1252315044403076,11.076026916503906
1745906400.0,1.1108064651489258,15.588722229003906
1745928000.0,1.1056346893310547,15.219581604003906
1745949600.0,1.149905800819397,14.909523010253906
1745971200.0,1.1507823467254639,14.550148010253906
1745992800.0,1.110365390777588,13.864601135253906
1746014400.0,1.0441818237304688,13.392921447753906
1746036000.0,1.0259709358215332,13.166358947753906
1746057600.0,1.005920171737671,12.709815979003906
1746079200.0,0.9884172081947327,12.336769104003906
1746100800.0,1.0465495586395264,12.411476135253906
1746122400.0,1.1527600288391113,14.493019104003906
1746144000.0,1.1379506587982178,14.179054260253906
1746165600.0,1.0744574069976807,13.805519104003906
1746187200.0,1.0853016376495361,13.617042541503906
1746208800.0,1.1705257892608643,13.700538635253906
1746230400.0,1.2108383178710938,14.005226135253906
1746252000.0,1.181530475616455,13.959327697753906
1746273600.0,1.1492724418640137,13.658058166503906
1746295200.0,1.1032965183258057,13.432472229003906
1746316800.0,1.0441855192184448,13.247901916503906
1746338400.0,0.9961379766464233,13.064308166503906
1746360000.0,0.9498485326766968,12.765480041503906
1746381600.0,0.9195719957351685,12.431007385253906
1746403200.0,0.9772155284881592,19.559425354003906
1746424800.0,1.1792640686035156,18.564308166503906
1746446400.0,1.475250482559204,17.871437072753906
1746468000.0,1.7034556865692139,17.207862854003906
1746489600.0,1.812039852142334,16.335792541503906
1746511200.0,1.8011868000030518,15.738136291503906
1746532800.0,1.7827903032302856,15.082862854003906
1746554400.0,1.7942618131637573,14.816749572753906
1746576000.0,1.8180981874465942,14.783546447753906
1746597600.0,1.7732179164886475,14.737648010253906
1746619200.0,1.6902904510498047,14.494972229003906
1746640800.0,1.5992138385772705,14.168312072753906
1746662400.0,1.4876399040222168,13.858741760253906
1746684000.0,1.3841865062713623,13.658058166503906
1746705600.0,1.3031494617462158,13.485694885253906
1746727200.0,1.229093313217163,13.273780822753906
1746748800.0,1.1703224182128906,13.104347229003906
1746770400.0,1.1561806201934814,13.053565979003906
1746792000.0,1.1414644718170166,12.999855041503906
1746813600.0,1.1193718910217285,12.897804260253906
1746835200.0,1.105574607849121,12.906105041503906
1746856800.0,1.1040034294128418,13.119483947753906
1746878400.0,1.1113194227218628,13.037940979003906
1746900000.0,1.0694890022277832,12.671730041503906
1746921600.0,0.990785539150238,12.192237854003906
1746943200.0,1.089632511138916,11.940773010253906
1746964800.0,1.1329374313354492,15.064308166503906
1746986400.0,1.199150562286377,14.611671447753906
1747008000.0,1.2849326133728027,14.119972229003906
1747029600.0,1.3521088361740112,13.629249572753906
1747051200.0,1.2422374486923218,13.349952697753906
1747072800.0,1.2218661308288574,13.092140197753906
1747094400.0,1.1524280309677124,12.620460510253906
1747116000.0,1.0836482048034668,12.294776916503906
1747137600.0,1.0693867206573486,17.682960510253906
1747159200.0,1.0443309545516968,16.932472229003906
1747180800.0,1.0378313064575195,16.332862854003906
1747202400.0,1.0971946716308594,16.221534729003906
1747224000.0,1.1442536115646362,16.104347229003906
1747245600.0,1.1554615497589111,15.668800354003906
1747267200.0,1.1341609954833984,14.919288635253906
1747288800.0,1.1139410734176636,14.623878479003906
1747310400.0,1.0852580070495605,14.395362854003906
1747332000.0,1.0694313049316406,14.207862854003906
1747353600.0,1.0666329860687256,14.146827697753906
1747375200.0,1.1525697708129883,14.623390197753906
1747396800.0,1.182624101638794,14.908546447753906
1747418400.0,1.1559921503067017,14.591163635253906
1747440000.0,1.1439523696899414,14.084327697753906
1747461600.0,1.1469069719314575,13.729347229003906
1747483200.0,1.1323633193969727,13.651222229003906
1747504800.0,1.1298279762268066,15.655616760253906
1747526400.0,1.1263624429702759,15.499855041503906
1747548000.0,1.1432976722717285,14.979835510253906
1747569600.0,1.1283260583877563,14.730323791503906
1747591200.0,1.0893913507461548,14.461280822753906
1747612800.0,1.0329139232635498,13.963233947753906
1747634400.0,0.9801024198532104,13.569679260253906
1747656000.0,1.007710576057434,13.339210510253906
1747677600.0,1.073871374130249,13.130226135253906
1747699200.0,1.025540828704834,13.003273010253906
1747720800.0,0.9860918521881104,13.064308166503906
1747742400.0,0.9522464275360107,13.126319885253906
1747764000.0,1.0263934135437012,13.155128479003906
1747785600.0,1.0189504623413086,12.961280822753906
1747807200.0,1.0122963190078735,12.592140197753906
1747828800.0,1.0835144519805908,16.786964416503906
1747850400.0,1.1813069581985474,16.403663635253906
1747872000.0,1.2105836868286133,16.035011291503906
1747893600.0,1.2915353775024414,15.775733947753906
1747915200.0,1.3702805042266846,15.222023010253906
1747936800.0,1.4911572933197021,14.764991760253906
1747958400.0,1.6777691841125488,14.455909729003906
1747980000.0,2.006004571914673,14.417335510253906
1748001600.0,2.3213350772857666,7.473487854003906
1748023200.0,2.0080056190490723,15.743995666503906
1748044800.0,1.8001658916473389,15.231788635253906
1748066400.0,1.6154916286468506,14.820655822753906
1748088000.0,1.632660150527954,14.498390197753906
1748109600.0,1.5347089767456055,14.138526916503906
1748131200.0,1.4085102081298828,13.783058166503906
1748152800.0,1.3187460899353027,13.580421447753906
1748174400.0,1.2554093599319458,13.421241760253906
1748196000.0,1.2491499185562134,13.217628479003906
1748217600.0,1.264173984527588,12.988624572753906
1748239200.0,1.2544238567352295,12.655616760253906
1748260800.0,1.2513905763626099,12.449073791503906
1748282400.0,1.3850784301757812,12.306007385253906
1748304000.0,1.3477706909179688,12.152687072753906
1748325600.0,1.1706295013427734,12.007667541503906
1748347200.0,1.0936930179595947,11.760597229003906
1748368800.0,1.0586422681808472,11.410499572753906
1748390400.0,1.0228713750839233,11.191261291503906
1748412000.0,1.0025057792663574,11.055030822753906
1748433600.0,1.0130956172943115,10.980812072753906
1748455200.0,1.0684760808944702,15.051612854003906
1748476800.0,1.146453857421875,17.465187072753906
1748498400.0,1.2102837562561035,17.371437072753906
1748520000.0,1.2677631378173828,16.490089416503906
1748541600.0,1.276862621307373,15.838233947753906
1748563200.0,1.3191289901733398,15.417335510253906
1748584800.0,1.388059139251709,15.152198791503906
1748606400.0,1.4587769508361816,14.760597229003906
1748628000.0,1.5480531454086304,14.384132385253906
1748649600.0,1.59120512008667,13.826515197753906
1748671200.0,1.5899499654769897,13.429054260253906
1748692800.0,1.5881636142730713,13.159034729003906
1748714400.0,1.5609912872314453,12.785987854003906
1748736000.0,1.551483154296875,12.488868713378906
1748757600.0,1.5521844625473022,12.343116760253906
1748779200.0,1.571309208869934,17.421730041503906
1748800800.0,1.5880696773529053,16.509132385253906
1748822400.0,1.5789873600006104,16.018898010253906
1748844000.0,1.53054678440094,15.573097229003906
1748865600.0,1.4756309986114502,14.790382385253906
1748887200.0,1.4262473583221436,14.509132385253906
1748908800.0,1.3680682182312012,14.308448791503906
1748930400.0,1.3564728498458862,14.216163635253906
1748952000.0,1.4768474102020264,14.786720275878906
1748973600.0,1.7012574672698975,15.290870666503906
1748995200.0,1.8515875339508057,14.913917541503906
1749016800.0,1.8556723594665527,14.505714416503906
1749038400.0,1.856313705444336,14.168312072753906
1749060000.0,1.814927339553833,13.631202697753906
1749081600.0,1.7353851795196533,13.304054260253906
1749103200.0,1.651179552078247,12.972267150878906
1749124800.0,1.609281063079834,12.511817932128906
1749146400.0,1.570326328277588,12.257911682128906
1749168000.0,1.5300052165985107,12.061866760253906
1749189600.0,1.4182639122009277,11.335060119628906
1749211200.0,1.3925995826721191,15.154396057128906
1749232800.0,1.4283242225646973,15.072608947753906
1749254400.0,1.4253566265106201,14.822853088378906
1749276000.0,1.4165267944335938,14.597755432128906
1749297600.0,1.4338010549545288,14.360694885253906
1749319200.0,1.4395124912261963,16.354835510253906
1749340800.0,1.5368787050247192,16.596534729003906
1749362400.0,1.542112112045288,15.880714416503906
1749384000.0,1.5635507106781006,15.381690979003906
1749405600.0,1.6361478567123413,15.240577697753906
1749427200.0,1.6710762977600098,15.207862854003906
1749448800.0,1.653128981590271,15.000343322753906
1749470400.0,1.5526366233825684,14.641456604003906
1749492000.0,1.4460079669952393,14.298194885253906
1749513600.0,1.4044520854949951,13.867530822753906
1749535200.0,1.312058448791504,13.516944885253906
1749556800.0,1.2496166229248047,13.410987854003906
1749578400.0,1.2122862339019775,13.566749572753906
1749600000.0,1.1951607465744019,13.732276916503906
1749621600.0,1.2102527618408203,13.780128479003906
1749643200.0,1.2406432628631592,13.755714416503906
1749664800.0,1.3138065338134766,13.729347229003906
1749686400.0,1.4346325397491455,17.762062072753906
1749708000.0,1.5550312995910645,17.246437072753906
1749729600.0,1.6324329376220703,16.347999572753906
1749751200.0,1.6486117839813232,15.779640197753906
1749772800.0,1.6011223793029785,14.962745666503906
1749794400.0,1.5611176490783691,14.611183166503906
1749816000.0,1.5653300285339355,14.276710510253906
1749837600.0,1.5603262186050415,13.714210510253906
1749859200.0,1.4993830919265747,13.455909729003906
1749880800.0,1.3386212587356567,13.165382385253906
1749902400.0,1.2509469985961914,12.607276916503906
1749924000.0,1.1324269771575928,12.191261291503906
1749945600.0,1.0686099529266357,11.956886291503906
1749967200.0,1.0678000450134277,11.720558166503906
1749988800.0,1.116684913635254,15.860694885253906
1750010400.0,1.2380599975585938,15.713233947753906
1750032000.0,1.3563196659088135,15.374855041503906
1750053600.0,1.464341640472412,14.902687072753906
1750075200.0,1.4436455965042114,14.495948791503906
1750096800.0,1.3852708339691162,14.052101135253906
1750118400.0,1.3186402320861816,13.699073791503906
1750140000.0,1.2313871383666992,13.514503479003906
1750161600.0,1.1671801805496216,13.453956604003906
1750183200.0,1.166644811630249,13.329444885253906
1750204800.0,1.3895447254180908,13.132179260253906
1750226400.0,1.4147248268127441,12.831886291503906
1750248000.0,1.4587769508361816,12.480323791503906
1750269600.0,1.1647790670394897,12.357765197753906
1750291200.0,1.0599355697631836,12.368507385253906
1750312800.0,1.0393476486206055,12.519386291503906
1750334400.0,1.2065331935882568,16.822608947753906
1750356000.0,1.4867136478424072,16.347511291503906
1750377600.0,1.710115671157837,15.791603088378906
1750399200.0,1.8107452392578125,14.999366760253906
1750420800.0,1.8182334899902344,14.615089416503906
1750442400.0,1.783668041229248,14.304054260253906
1750464000.0,1.7166259288787842,13.798194885253906
1750485600.0,1.6065558195114136,13.398780822753906
1750507200.0,1.5560222864151,13.166358947753906
1750528800.0,1.5674951076507568,17.161476135253906
1750550400.0,1.6898022890090942,16.569190979003906
1750572000.0,1.7959064245224,15.992042541503906
1750593600.0,1.8248792886734009,15.737159729003906
1750615200.0,1.958158016204834,15.328468322753906
1750636800.0,2.1262497901916504,14.818702697753906
1750658400.0,2.1262145042419434,14.548683166503906
1750680000.0,2.1103768348693848,14.514015197753906
1750701600.0,1.9336462020874023,14.348976135253906
1750723200.0,1.7413051128387451,13.849952697753906
1750744800.0,1.5559914112091064,13.311378479003906
1750766400.0,1.4020953178405762,13.040870666503906
1750788000.0,1.2882620096206665,12.557472229003906
1750809600.0,1.220434546470642,12.133155822753906
1750831200.0,1.1775095462799072,11.872901916503906
1750852800.0,1.2485411167144775,15.692726135253906
1750874400.0,1.4789776802062988,15.431007385253906
1750896000.0,1.444238305091858,15.089210510253906
1750917600.0,1.3961400985717773,14.778175354003906
1750939200.0,1.355534553527832,14.455909729003906
1750960800.0,1.3624248504638672,14.003273010253906
1750982400.0,1.3163173198699951,13.519874572753906
1751004000.0,1.2508904933929443,13.347999572753906
1751025600.0,1.2506226301193237,17.617530822753906
1751047200.0,1.4395493268966675,17.396827697753906
1751068800.0,1.6298130750656128,16.625831604003906
1751090400.0,1.8613121509552002,16.157081604003906
1751112000.0,1.9721202850341797,15.786964416503906
1751133600.0,1.9096570014953613,15.239112854003906
1751155200.0,1.7784346342086792,14.735694885253906
1751176800.0,1.7148549556732178,14.469093322753906
1751198400.0,1.6154899597167969,14.089698791503906
1751220000.0,1.5289820432662964,13.614112854003906
1751241600.0,1.4299710988998413,13.369972229003906
1751263200.0,1.3717151880264282,13.188819885253906
1751284800.0,1.3859801292419434,13.052101135253906
1751306400.0,1.378347396850586,15.811378479003906
1751328000.0,1.412811040878296,16.001808166503906
1751349600.0,1.434028148651123,15.864112854003906
1751371200.0,1.427672028541565,15.309913635253906
1751392800.0,1.4234957695007324,14.681007385253906
1751414400.0,1.3863985538482666,14.298194885253906
1751436000.0,1.3339775800704956,13.726905822753906
1751457600.0,1.285285234451294,13.428077697753906
1751479200.0,1.2509403228759766,13.251319885253906
1751500800.0,1.2102863788604736,13.065284729003906
1751522400.0,1.180844783782959,12.901710510253906
1751544000.0,1.1414525508880615,12.795753479003906
1751565600.0,1.1090624332427979,12.969093322753906
1751587200.0,1.0886975526809692,13.629249572753906
1751608800.0,1.1222604513168335,13.693702697753906
1751630400.0,1.1974561214447021,13.538429260253906
1751652000.0,1.1631314754486084,13.376808166503906
1751673600.0,1.072819709777832,13.244972229003906
1751695200.0,1.0110567808151245,13.051612854003906
1751716800.0,0.9998894333839417,12.818214416503906
1751738400.0,1.0103695392608643,12.458839416503906
1751760000.0,1.0125834941864014,12.148292541503906
1751781600.0,1.041536808013916,11.836769104003906
1751803200.0,1.1397629976272583,16.797218322753906
1751824800.0,1.2643723487854004,16.107765197753906
1751846400.0,1.348177433013916,15.445899963378906
1751868000.0,1.3894963264465332,14.780128479003906
1751889600.0,1.3765666484832764,14.277198791503906
1751911200.0,1.3142731189727783,13.671730041503906
1751932800.0,1.2246030569076538,13.317237854003906
1751954400.0,1.1110498905181885,13.019874572753906
1751976000.0,1.0470441579818726,12.517433166503906
1751997600.0,1.1226673126220703,16.581398010253906
1752019200.0,1.4156614542007446,16.688819885253906
1752040800.0,1.8259212970733643,16.262062072753906
1752062400.0,2.034487247467041,15.808448791503906
1752084000.0,2.1894497871398926,15.173683166503906
1752105600.0,2.348968982696533,14.841163635253906
1752127200.0,2.0706405639648438,14.590187072753906
1752148800.0,1.8554441928863525,14.276710510253906
1752170400.0,1.8125596046447754,13.744483947753906
1752192000.0,1.7217471599578857,13.507179260253906
1752213600.0,1.6071593761444092,13.360206604003906
1752235200.0,1.5187828540802002,13.238136291503906
1752256800.0,1.459851861000061,13.072608947753906
1752278400.0,1.4229340553283691,12.845069885253906
1752300000.0,1.4054553508758545,12.745948791503906
1752321600.0,1.4051470756530762,19.038917541503906
1752343200.0,1.413935661315918,18.075538635253906
1752364800.0,1.3992290496826172,17.607276916503906
1752386400.0,1.3775949478149414,16.706886291503906
1752408000.0,1.394991159439087,16.162452697753906
1752429600.0,1.4376232624053955,15.760597229003906
1752451200.0,1.3918521404266357,15.014991760253906
1752472800.0,1.3285213708877563,14.650245666503906
1752494400.0,1.2939376831054688,14.254737854003906
1752516000.0,1.3169770240783691,13.724952697753906
1752537600.0,1.3451614379882812,13.389503479003906
1752559200.0,1.374788522720337,13.071632385253906
1752580800.0,1.4497379064559937,12.463233947753906
1752602400.0,1.5081508159637451,12.026222229003906
1752624000.0,1.5155866146087646,11.809913635253906
1752645600.0,1.4777703285217285,11.667823791503906
1752667200.0,1.6310116052627563,11.974952697753906
1752688800.0,1.770640254020691,12.431007385253906
1752710400.0,1.6441986560821533,12.882179260253906
1752732000.0,1.532426118850708,12.604835510253906
1752753600.0,1.555162787437439,19.094581604003906
1752775200.0,1.7534589767456055,18.746925354003906
1752796800.0,2.0166754722595215,17.849952697753906
1752818400.0,2.0111844539642334,17.285987854003906
1752840000.0,1.9569082260131836,16.662452697753906
1752861600.0,2.0254461765289307,16.377296447753906
1752883200.0,2.0646283626556396,16.091163635253906
1752904800.0,2.034151077270508,15.920265197753906
1752926400.0,2.0089783668518066,15.831398010253906
1752948000.0,2.145752429962158,15.728370666503906
1752969600.0,2.1043505668640137,15.632667541503906
1752991200.0,1.9792442321777344,15.757667541503906
1753012800.0,1.9657974243164062,15.796241760253906
1753034400.0,2.0078468322753906,15.548194885253906
1753056000.0,1.9004063606262207,14.891456604003906
1753077600.0,1.7601861953735352,14.483253479003906
1753099200.0,1.6439979076385498,13.846046447753906
1753120800.0,1.7079026699066162,13.428565979003906
1753142400.0,1.508526086807251,13.075050354003906
1753164000.0,1.3296691179275513,12.481300354003906
1753185600.0,1.1996729373931885,12.029151916503906
1753207200.0,1.1751385927200317,11.675636291503906
1753228800.0,1.130258560180664,11.867042541503906
1753250400.0,1.1203639507293701,13.112159729003906
1753272000.0,1.155811071395874,12.862159729003906
1753293600.0,1.2510840892791748,12.359718322753906
1753315200.0,1.3015944957733154,11.966651916503906
1753336800.0,1.323084831237793,11.494972229003906
1753358400.0,1.371767282485962,11.055519104003906
1753380000.0,1.4525387287139893,10.771827697753906
1753401600.0,1.34603750705719,10.398780822753906
1753423200.0,1.2969870567321777,16.869483947753906
1753444800.0,1.2808972597122192,16.656593322753906
1753466400.0,1.4207319021224976,16.327491760253906
1753488000.0,1.562892198562622,15.785987854003906
1753509600.0,1.7642693519592285,15.115577697753906
1753531200.0,1.9139751195907593,14.764991760253906
1753552800.0,1.9933528900146484,14.513038635253906
1753574400.0,1.9630365371704102,14.278663635253906
1753596000.0,1.877378225326538,13.881690979003906
1753617600.0,1.7994582653045654,13.605812072753906
1753639200.0,1.8324835300445557,13.449073791503906
1753660800.0,1.872952938079834,13.357765197753906
1753682400.0,1.9557595252990723,12.978858947753906
1753704000.0,2.148419141769409,10.517433166503906
1753725600.0,2.517089366912842,10.524757385253906
1753747200.0,2.463357448577881,10.449073791503906
1753768800.0,2.2252299785614014,10.603370666503906
1753790400.0,2.17669939994812,10.703468322753906
1753812000.0,2.1013147830963135,10.862648010253906
1753833600.0,1.9608440399169922,13.192726135253906
1753855200.0,1.8884496688842773,13.331398010253906
1753876800.0,2.110952854156494,13.337745666503906
1753898400.0,1.9581708908081055,13.258644104003906
1753920000.0,1.7300770282745361,13.113136291503906
1753941600.0,1.5675665140151978,12.916358947753906
1753963200.0,1.435375690460205,12.374855041503906
1753984800.0,1.34999418258667,12.101905822753906
1754006400.0,1.2551441192626953,11.906105041503906
1754028000.0,1.1559444665908813,11.721046447753906
1754049600.0,1.0716540813446045,11.357765197753906
1754071200.0,1.017789363861084,11.155128479003906
1754092800.0,0.9822049140930176,11.019874572753906
1754114400.0,0.9547244906425476,14.824073791503906
1754136000.0,0.9667267203330994,14.675636291503906
1754157600.0,0.9951997399330139,14.921730041503906
1754179200.0,1.0901267528533936,15.264015197753906
1754200800.0,1.2269526720046997,15.170753479003906
1754222400.0,1.3875162601470947,15.204444885253906
1754244000.0,1.5612691640853882,15.531105041503906
1754265600.0,1.6699955463409424,15.656105041503906
1754287200.0,1.77699613571167,15.597023010253906
1754308800.0,1.8888648748397827,15.407569885253906
1754330400.0,1.9658141136169434,15.046730041503906
1754352000.0,2.0415825843811035,14.789894104003906
1754373600.0,2.202620506286621,14.709327697753906
1754395200.0,2.3637351989746094,18.926124572753906
1754416800.0,2.426647424697876,17.913917541503906
1754438400.0,2.362475633621216,17.235694885253906
1754460000.0,2.227803945541382,16.136085510253906
1754481600.0,2.0693142414093018,15.665382385253906
1754503200.0,1.9127724170684814,14.963233947753906
1754524800.0,1.74662184715271,14.518409729003906
1754546400.0,1.5956676006317139,14.146339416503906
1754568000.0,1.4949400424957275,13.632667541503906
1754589600.0,1.4817595481872559,13.577491760253906
1754611200.0,1.5224320888519287,16.047706604003906
1754632800.0,1.5161317586898804,15.666847229003906
1754654400.0,1.4189342260360718,14.686866760253906
1754676000.0,1.3577114343643188,14.274269104003906
1754697600.0,1.3286290168762207,14.174659729003906
1754719200.0,1.294454574584961,13.996437072753906
1754740800.0,1.265657663345337,13.911476135253906
1754762400.0,1.2602802515029907,14.018409729003906
1754784000.0,1.2530934810638428,13.942726135253906
1754805600.0,1.2735813856124878,14.072608947753906
1754827200.0,1.2580486536026,15.564308166503906
1754848800.0,1.4365131855010986,15.916847229003906
1754870400.0,1.5630745887756348,15.987648010253906
1754892000.0,1.634232997894287,15.631690979003906
1754913600.0,1.6822841167449951,15.127784729003906
1754935200.0,1.7333781719207764,14.909523010253906
1754956800.0,1.733372449874878,14.620948791503906
1754978400.0,1.7432217597961426,14.348487854003906
1755000000.0,1.7914574146270752,13.884620666503906
1755021600.0,1.6788049936294556,13.567726135253906
1755043200.0,1.560280442237854,13.342628479003906
1755064800.0,1.525561809539795,13.269874572753906
1755086400.0,1.509244680404663,13.239601135253906
1755108000.0,1.466607928276062,13.180030822753906
1755129600.0,1.4045383930206299,13.017921447753906
1755151200.0,1.3799294233322144,12.739601135253906
1755172800.0,1.4149975776672363,12.382179260253906
1755194400.0,1.4687787294387817,12.161476135253906
1755216000.0,1.3598222732543945,11.908058166503906
1755237600.0,1.2841503620147705,11.722999572753906
1755259200.0,1.271813154220581,6.235450744628906
1755280800.0,1.2814513444900513,6.234962463378906
1755302400.0,1.3025991916656494,15.648536682128906
1755324000.0,1.3237926959991455,14.384132385253906
1755345600.0,1.3349649906158447,13.701026916503906
1755367200.0,1.321521520614624,13.347999572753906
1755388800.0,1.3641620874404907,13.066261291503906
1755410400.0,1.2748949527740479,12.689308166503906
1755432000.0,1.1677274703979492,12.394386291503906
1755453600.0,1.0837547779083252,12.202003479003906
1755475200.0,1.0749282836914062,12.058448791503906
1755496800.0,1.0368874073028564,11.862159729003906
1755518400.0,1.0476796627044678,11.676612854003906
1755540000.0,0.9766834378242493,11.677101135253906
1755561600.0,0.8976154923439026,12.383644104003906
1755583200.0,0.8877025246620178,13.009132385253906
1755604800.0,0.8998839855194092,13.548194885253906
1755626400.0,0.9457171559333801,13.641456604003906
1755648000.0,0.9781087040901184,13.437843322753906
1755669600.0,0.9929870963096619,13.342140197753906
1755691200.0,1.009811520576477,13.765968322753906
1755712800.0,1.0580734014511108,15.063819885253906
1755734400.0,1.0810520648956299,14.781105041503906
1755756000.0,1.1050429344177246,14.534523010253906
1755777600.0,1.137991189956665,14.195655822753906
1755799200.0,1.2146596908569336,14.741065979003906
1755820800.0,1.2877566814422607,14.857276916503906
1755842400.0,1.4254740476608276,14.698097229003906
1755864000.0,1.601289987564087,14.722999572753906
1755885600.0,1.775734305381775,14.844581604003906
1755907200.0,1.8523958921432495,14.765968322753906
1755928800.0,1.8758316040039062,14.557960510253906
1755950400.0,1.9261589050292969,14.368995666503906
1755972000.0,1.8995516300201416,14.233253479003906
1755993600.0,1.8074601888656616,13.888526916503906
1756015200.0,1.7091292142868042,13.580421447753906
1756036800.0,1.6340241432189941,13.378761291503906
1756058400.0,1.572928547859192,13.285011291503906
1756080000.0,1.5190753936767578,13.237159729003906
1756101600.0,1.4849748611450195,13.128761291503906
1756123200.0,1.4605560302734375,12.858253479003906
1756144800.0,1.6083625555038452,12.414894104003906
1756166400.0,1.6226756572723389,16.331886291503906
1756188000.0,1.6398252248764038,15.774269104003906
1756209600.0,1.7505953311920166,14.751319885253906
1756231200.0,1.9812631607055664,14.214698791503906
1756252800.0,1.902547001838684,13.374366760253906
1756274400.0,1.8719542026519775,13.182960510253906
1756296000.0,2.1915457248687744,13.022804260253906
1756317600.0,2.5095839500427246,12.865089416503906
1756339200.0,2.398837089538574,12.601417541503906
1756360800.0,2.3653032779693604,12.540382385253906
1756382400.0,2.2935526371002197,12.478858947753906
1756404000.0,2.1063432693481445,12.415382385253906
1756425600.0,1.9099717140197754,12.309425354003906
1756447200.0,1.8035848140716553,12.171241760253906
1756468800.0,1.9333839416503906,11.958351135253906
1756490400.0,2.010483741760254,6.597511291503906
1756512000.0,1.7708702087402344,10.797706604003906
1756533600.0,1.607635498046875,10.518898010253906
1756555200.0,1.6602939367294312,10.267433166503906
1756576800.0,1.4509592056274414,10.042823791503906
1756598400.0,1.2319315671920776,9.899757385253906
1756620000.0,1.135128378868103,9.843116760253906
1756641600.0,1.2075011730194092,19.333839416503906
1756663200.0,1.2686753273010254,19.095069885253906
1756684800.0,1.3536452054977417,18.037452697753906
1756706400.0,1.4519226551055908,17.475440979003906
1756728000.0,1.5007197856903076,16.546241760253906
1756749600.0,1.5086690187454224,16.028175354003906
1756771200.0,1.4621870517730713,15.256202697753906
1756792800.0,1.417781114578247,14.754249572753906
1756814400.0,1.3757750988006592,14.380226135253906
1756836000.0,1.3246709108352661,13.981788635253906
1756857600.0,1.245805025100708,13.729835510253906
1756879200.0,1.2183940410614014,13.603370666503906
1756900800.0,1.1813827753067017,13.505958557128906
1756922400.0,1.1534500122070312,13.392677307128906
1756944000.0,1.1346837282180786,13.183204650878906
1756965600.0,1.1318747997283936,12.992774963378906
1756987200.0,1.0782098770141602,12.489601135253906
1757008800.0,1.13029146194458,12.895851135253906
1757030400.0,1.18226158618927,13.624366760253906
1757052000.0,1.2662427425384521,14.231544494628906
1757073600.0,1.5015392303466797,14.403419494628906
1757095200.0,1.6762017011642456,14.328712463378906
1757116800.0,1.8191614151000977,14.062843322753906
1757138400.0,1.8292981386184692,13.773780822753906
1757160000.0,1.8106474876403809,13.580909729003906
1757181600.0,1.781577229499817,6.352394104003906
1757203200.0,1.6945960521697998,13.225929260253906
1757224800.0,1.633270263671875,13.163429260253906
1757246400.0,1.8385013341903687,17.236183166503906
1757268000.0,1.9784886837005615,16.218116760253906
1757289600.0,1.9828094244003296,15.598976135253906
1757311200.0,1.9048155546188354,14.801124572753906
1757332800.0,1.877339243888855,14.371437072753906
1757354400.0,1.8390660285949707,13.748878479003906
1757376000.0,1.7183278799057007,13.385597229003906
1757397600.0,1.6855511665344238,18.415382385253906
1757419200.0,1.7666325569152832,17.873878479003906
1757440800.0,1.972145915031433,17.424171447753906
1757462400.0,1.9035816192626953,16.388038635253906
1757484000.0,1.7818816900253296,15.902687072753906
1757505600.0,1.6763172149658203,15.225929260253906
1757527200.0,1.5415136814117432,14.779151916503906
1757548800.0,1.4288369417190552,14.502540588378906
1757570400.0,1.3255221843719482,14.113868713378906
1757592000.0,1.2517508268356323,13.531105041503906
1757613600.0,1.2375562191009521,13.257179260253906
1757635200.0,1.2452921867370605,13.101661682128906
1757656800.0,1.1794476509094238,13.084083557128906
1757678400.0,1.1615829467773438,15.569679260253906
1757700000.0,1.1750428676605225,15.465675354003906
1757721600.0,1.2302151918411255,15.313819885253906
1757743200.0,1.2930700778961182,15.020851135253906
1757764800.0,1.3361674547195435,14.699562072753906
1757786400.0,1.3685460090637207,14.395362854003906
1757808000.0,1.4020698070526123,13.793312072753906
1757829600.0,1.3722319602966309,13.446632385253906
1757851200.0,1.4256671667099,13.189796447753906
1757872800.0,1.519564151763916,13.002296447753906
1757894400.0,1.615149974822998,12.910987854003906
1757916000.0,1.655616283416748,6.216163635253906
1757937600.0,1.5804274082183838,13.231788635253906
1757959200.0,1.5689315795898438,13.326515197753906
1757980800.0,1.489884376525879,13.347511291503906
1758002400.0,1.5034561157226562,14.465187072753906
1758024000.0,1.6555378437042236,14.814308166503906
1758045600.0,1.8156427145004272,14.623634338378906
1758067200.0,1.8412315845489502,14.348243713378906
1758088800.0,1.8577179908752441,14.099952697753906
1758110400.0,1.8519532680511475,13.834571838378906
1758132000.0,1.7946276664733887,13.604103088378906
1758153600.0,1.6669658422470093,13.430763244628906
1758175200.0,1.5811562538146973,13.256446838378906
1758196800.0,1.4828011989593506,12.971534729003906
1758218400.0,1.5602962970733643,12.435646057128906
1758240000.0,1.4447609186172485,12.124366760253906
1758261600.0,1.3234273195266724,11.800636291503906
1758283200.0,1.3757492303848267,11.223487854003906
1758304800.0,1.3732727766036987,10.859718322753906
1758326400.0,1.351802945137024,16.405616760253906
1758348000.0,1.4328725337982178,16.093116760253906
1758369600.0,1.5230772495269775,15.745460510253906
1758391200.0,1.6103132963180542,15.128761291503906
1758412800.0,1.6461669206619263,14.722511291503906
1758434400.0,1.6480404138565063,14.439308166503906
1758456000.0,1.554133653640747,14.146827697753906
1758477600.0,1.4980659484863281,13.778663635253906
1758499200.0,1.4447300434112549,13.549659729003906
1758520800.0,1.4008994102478027,13.382179260253906
1758542400.0,1.4388833045959473,13.231788635253906
1758564000.0,1.4716559648513794,20.423683166503906
1758585600.0,1.4757758378982544,19.499366760253906
1758607200.0,1.5144367218017578,18.687843322753906
1758628800.0,1.5869513750076294,17.905128479003906
1758650400.0,1.68587327003479,17.498878479003906
1758672000.0,1.8119829893112183,16.834815979003906
1758693600.0,1.7764801979064941,16.245460510253906
1758715200.0,1.6391068696975708,15.799171447753906
1758736800.0,1.5432405471801758,15.011085510253906
1758758400.0,1.4036955833435059,14.603858947753906
1758780000.0,1.3243770599365234,14.341651916503906
1758801600.0,1.2620816230773926,13.747413635253906
1758823200.0,1.3540527820587158,13.806739807128906
1758844800.0,1.442530632019043,14.693214416503906
1758866400.0,1.5326716899871826,15.420997619628906
1758888000.0,1.6216728687286377,14.984718322753906
1758909600.0,1.6413812637329102,14.633155822753906
1758931200.0,1.5053300857543945,14.226905822753906
1758952800.0,1.3888347148895264,13.730323791503906
1758974400.0,1.2498457431793213,13.211769104003906
1758996000.0,1.1715469360351562,12.969581604003906
1759017600.0,1.0917589664459229,12.914405822753906
1759039200.0,1.0433562994003296,12.719093322753906
1759060800.0,1.0627620220184326,12.408546447753906
1759082400.0,1.042847752571106,12.208839416503906
1759104000.0,0.9444745779037476,11.989601135253906
1759125600.0,0.9097309112548828,11.894386291503906
1759147200.0,0.918541669845581,14.939308166503906
1759168800.0,0.9778013229370117,14.769630432128906
1759190400.0,1.0473237037658691,14.641944885253906
1759212000.0,1.1384031772613525,14.469581604003906
1759233600.0,1.2274713516235352,14.237159729003906
1759255200.0,1.274143099784851,13.827003479003906
1759276800.0,1.2511460781097412,13.485694885253906
1759298400.0,1.2287273406982422,13.239601135253906
1759320000.0,1.1660473346710205,13.030128479003906
1759341600.0,1.0975663661956787,12.541847229003906
1759363200.0,1.0866224765777588,12.168312072753906
1759384800.0,1.1393406391143799,18.316749572753906
1759406400.0,1.233306646347046,17.867042541503906
1759428000.0,1.4335838556289673,17.560890197753906
1759449600.0,1.634359359741211,17.129737854003906
1759471200.0,1.7994205951690674,16.580909729003906
1759492800.0,1.8462110757827759,16.135597229003906
1759514400.0,1.7942403554916382,15.625343322753906
1759536000.0,1.7084039449691772,14.926124572753906
1759557600.0,1.6694978475570679,14.650733947753906
1759579200.0,1.6462059020996094,14.515968322753906
1759600800.0,1.636176347732544,14.427101135253906
1759622400.0,1.559544563293457,13.937110900878906
1759644000.0,1.5184122323989868,13.894386291503906
1759665600.0,1.4728368520736694,13.806251525878906
1759687200.0,1.4299025535583496,13.548439025878906
1759708800.0,1.3529052734375,13.357521057128906
1759730400.0,1.2873098850250244,13.275489807128906
1759752000.0,1.3134112358093262,13.663673400878906
1759773600.0,1.4148967266082764,14.272071838378906
1759795200.0,1.4746283292770386,13.743019104003906
1759816800.0,1.5421342849731445,13.463966369628906
1759838400.0,1.5932704210281372,13.364356994628906
1759860000.0,1.5642368793487549,13.205421447753906
1759881600.0,1.5190893411636353,13.000831604003906
1759903200.0,1.546644926071167,12.465187072753906
1759924800.0,1.648881435394287,12.177345275878906
1759946400.0,1.6826976537704468,12.008888244628906
1759968000.0,1.4853872060775757,11.829200744628906
1759989600.0,1.3057149648666382,11.547706604003906
1760011200.0,1.3028228282928467,11.402198791503906
1760032800.0,1.2858431339263916,11.290382385253906
1760054400.0,1.2706422805786133,11.137062072753906
1760076000.0,1.1998381614685059,10.999610900878906
1760097600.0,1.2783899307250977,15.617530822753906
1760119200.0,1.2882256507873535,15.252784729003906
1760140800.0,1.2447891235351562,14.951026916503906
1760162400.0,1.2279376983642578,14.702491760253906
1760184000.0,1.3330668210983276,14.443214416503906
1760205600.0,1.412960410118103,14.190773010253906
1760227200.0,1.3635287284851074,13.826515197753906
1760248800.0,1.3470900058746338,13.507179260253906
1760270400.0,1.303104281425476,13.217140197753906
1760292000.0,1.3112376928329468,12.962257385253906
1760313600.0,1.2770655155181885,12.514503479003906
1760335200.0,1.2254638671875,12.258644104003906
1760356800.0,1.1795265674591064,12.078956604003906
1760378400.0,1.1791019439697266,11.855323791503906
1760400000.0,1.2187738418579102,19.826026916503906
1760421600.0,1.4470624923706055,19.466651916503906
1760443200.0,1.7844862937927246,18.743995666503906
1760464800.0,2.0484321117401123,17.778663635253906
1760486400.0,2.093060255050659,16.754249572753906
1760508000.0,2.062244415283203,16.098487854003906
1760529600.0,1.9720242023468018,15.602394104003906
1760551200.0,1.876625657081604,14.884132385253906
1760572800.0,1.7739903926849365,14.503761291503906
1760594400.0,1.690643072128296,13.837257385253906
1760616000.0,1.647540807723999,13.473487854003906
1760637600.0,1.632270097732544,13.291847229003906
1760659200.0,1.6112443208694458,13.259132385253906
1760680800.0,1.632415771484375,14.562355041503906
1760702400.0,1.704282522201538,14.442237854003906
1760724000.0,1.6205371618270874,14.040870666503906
1760745600.0,1.476747751235962,13.483009338378906
1760767200.0,1.3592023849487305,13.160987854003906
1760788800.0,1.3208540678024292,12.904640197753906
1760810400.0,1.257340431213379,12.375343322753906
1760832000.0,1.1761860847473145,12.085304260253906
1760853600.0,1.1068252325057983,11.826026916503906
1760875200.0,1.0506856441497803,11.375831604003906
1760896800.0,1.0276745557785034,11.121192932128906
1760918400.0,1.0372964143753052,11.457374572753906
1760940000.0,1.1735124588012695,13.263038635253906
1760961600.0,1.3005532026290894,13.154151916503906
1760983200.0,1.3919097185134888,12.426612854003906
1761004800.0,1.406112790107727,12.039894104003906
1761026400.0,1.3629403114318848,11.832374572753906
1761048000.0,1.3115615844726562,11.580421447753906
1761069600.0,1.298520565032959,11.378761291503906
1761091200.0,1.281275987625122,11.286476135253906
1761112800.0,1.3705809116363525,11.685890197753906
1761134400.0,1.4116642475128174,12.099464416503906
1761156000.0,1.3561291694641113,11.903663635253906
1761177600.0,1.2947487831115723,11.405616760253906
1761199200.0,1.3146779537200928,11.062355041503906
1761220800.0,1.3120253086090088,10.858741760253906
1761242400.0,1.2749545574188232,15.985206604003906
1761264000.0,1.2882490158081055,15.289894104003906
1761285600.0,1.4062390327453613,14.795265197753906
1761307200.0,1.4439257383346558,14.424659729003906
1761328800.0,1.330940842628479,13.755714416503906
1761350400.0,1.2209908962249756,13.415382385253906
1761372000.0,1.1741113662719727,13.173194885253906
1761393600.0,1.169415831565857,12.874366760253906
1761415200.0,1.153512954711914,12.407081604003906
1761436800.0,1.191301941871643,12.123390197753906
1761458400.0,1.0833845138549805,11.812355041503906
1761480000.0,1.04807710647583,11.339210510253906
1761501600.0,0.9848882555961609,11.052101135253906
1761523200.0,0.9600849151611328,10.940284729003906
1761544800.0,0.9679554104804993,10.954933166503906
1761566400.0,1.0168228149414062,11.015968322753906
1761588000.0,1.0216457843780518,14.476905822753906
1761609600.0,1.032426357269287,14.311378479003906
1761631200.0,1.0616965293884277,13.928565979003906
1761652800.0,1.0960136651992798,13.597511291503906
1761674400.0,1.1057525873184204,13.367530822753906
1761696000.0,1.145781397819519,13.140968322753906
1761717600.0,1.1748402118682861,12.930030822753906
1761739200.0,1.3226029872894287,12.653663635253906
1761760800.0,1.3764498233795166,12.400733947753906
1761782400.0,1.4269282817840576,16.408058166503906
1761804000.0,1.421293020248413,15.679542541503906
1761825600.0,1.4513912200927734,14.827491760253906
1761847200.0,1.460871934890747,14.486671447753906
1761868800.0,1.4797825813293457,14.210304260253906
1761890400.0,1.5227904319763184,13.954444885253906
1761912000.0,1.56363844871521,13.767433166503906
1761933600.0,1.4767518043518066,13.316749572753906
1761955200.0,1.3981266021728516,12.912940979003906
1761976800.0,1.3229014873504639,12.265968322753906
1761998400.0,1.3285846710205078,12.018898010253906
1762020000.0,1.327134370803833,11.893898010253906
1762041600.0,1.3295745849609375,14.518409729003906
1762063200.0,1.3784939050674438,14.379249572753906
1762084800.0,1.4301053285598755,13.834815979003906
1762106400.0,1.415403127670288,13.564796447753906
1762128000.0,1.4604403972625732,14.151222229003906
1762149600.0,1.4997835159301758,14.232276916503906
1762171200.0,1.529505968093872,13.838233947753906
1762192800.0,1.4958393573760986,13.425148010253906
1762214400.0,1.4080743789672852,13.150245666503906
1762236000.0,1.3360542058944702,12.714210510253906
1762257600.0,1.2886393070220947,12.153663635253906
1762279200.0,1.2942677736282349,11.822120666503906
1762300800.0,1.4544857740402222,18.079933166503906
1762322400.0,1.5543110370635986,17.635597229003906
1762344000.0,1.8931703567504883,16.993019104003906
1762365600.0,1.992671012878418,16.314308166503906
1762387200.0,2.0688319206237793,15.846534729003906
1762408800.0,2.162665605545044,15.108253479003906
1762430400.0,2.2621448040008545,14.642921447753906
1762452000.0,2.2222321033477783,14.276710510253906
1762473600.0,2.0202839374542236,13.749366760253906
1762495200.0,1.950920820236206,13.466163635253906
1762516800.0,1.9612751007080078,13.254249572753906
1762538400.0,2.006535053253174,13.035011291503906
1762560000.0,1.8735462427139282,12.727882385253906
1762581600.0,1.6327064037322998,12.525489807128906
1762603200.0,1.565537691116333,12.476417541503906
1762624800.0,1.8583824634552002,15.680519104003906
1762646400.0,1.8324589729309082,15.383155822753906
1762668000.0,1.830472469329834,14.959815979003906
1762689600.0,1.7407796382904053,14.692726135253906
1762711200.0,1.4767210483551025,14.440040588378906
1762732800.0,1.4163646697998047,13.994728088378906
1762754400.0,1.288796067237854,13.543800354003906
1762776000.0,1.3934335708618164,13.312843322753906
1762797600.0,1.4569146633148193,13.157081604003906
1762819200.0,1.4395911693572998,6.171974182128906
1762840800.0,1.333219289779663,13.052589416503906
1762862400.0,1.4746971130371094,6.354835510253906
1762884000.0,1.3538329601287842,13.264747619628906
1762905600.0,1.248171329498291,13.183448791503906
1762927200.0,1.2932984828948975,13.029151916503906
1762948800.0,1.274806261062622,12.762062072753906
1762970400.0,1.3344449996948242,12.448097229003906
1762992000.0,1.1836040019989014,12.219093322753906
1763013600.0,1.1203901767730713,12.012062072753906
1763035200.0,1.2224714756011963,11.787940979003906
1763056800.0,1.1567018032073975,11.408546447753906
1763078400.0,1.1978745460510254,11.154151916503906
1763100000.0,1.080944538116455,11.027687072753906
1763121600.0,1.0858124494552612,10.943214416503906
1763143200.0,1.0433136224746704,10.954933166503906
1763164800.0,1.052253246307373,6.405128479003906
1763186400.0,1.1327292919158936,7.570655822753906
1763208000.0,1.8715623617172241,6.877784729003906
1763229600.0,2.0404324531555176,7.861183166503906
1763251200.0,1.724759817123413,16.353370666503906
1763272800.0,1.6045560836791992,15.808937072753906
1763294400.0,1.5615286827087402,14.941749572753906
1763316000.0,1.5355401039123535,14.588233947753906
1763337600.0,1.5396249294281006,14.279151916503906
1763359200.0,1.485447883605957,13.742774963378906
1763380800.0,1.481123685836792,13.450782775878906
1763402400.0,1.4283339977264404,13.223976135253906
1763424000.0,1.4476065635681152,13.014747619628906
1763445600.0,1.4396309852600098,12.639503479003906
1763467200.0,1.4261677265167236,12.335548400878906
1763488800.0,1.2962836027145386,12.133644104003906
1763510400.0,1.2898273468017578,11.974220275878906
1763532000.0,1.2187652587890625,11.838478088378906
1763553600.0,1.3588411808013916,11.689552307128906
1763575200.0,1.5181021690368652,5.798439025878906
1763596800.0,1.3846936225891113,5.849464416503906
1763618400.0,1.4254350662231445,5.385841369628906
1763640000.0,1.29545259475708,6.071632385253906
1763661600.0,1.1760437488555908,14.917335510253906
1763683200.0,1.130106806755066,14.612159729003906
1763704800.0,1.2113661766052246,14.318214416503906
1763726400.0,1.3023831844329834,13.844093322753906
1763748000.0,1.260445237159729,13.456886291503906
1763769600.0,1.24900484085083,13.169288635253906
1763791200.0,1.2090119123458862,12.538917541503906
1763812800.0,1.1942908763885498,12.091163635253906
1763834400.0,1.1233913898468018,11.608253479003906
1763856000.0,1.0824458599090576,11.247413635253906
1763877600.0,1.0785167217254639,11.127784729003906
1763899200.0,1.091355562210083,11.024757385253906
1763920800.0,1.0630789995193481,10.998390197753906
1763942400.0,1.074789047241211,10.945655822753906
1763964000.0,1.066075086593628,10.897315979003906
1763985600.0,1.1180068254470825,10.799171447753906
1764007200.0,1.0833967924118042,10.669288635253906
1764028800.0,0.9957984685897827,8.394874572753906
1764050400.0,0.9623669385910034,13.355323791503906
1764072000.0,1.0173795223236084,13.190284729003906
1764093600.0,1.1078977584838867,12.931495666503906
1764115200.0,1.0989949703216553,12.432472229003906
1764136800.0,1.1078221797943115,12.112159729003906
1764158400.0,1.2013429403305054,11.726417541503906
1764180000.0,1.1584948301315308,11.115577697753906
1764201600.0,1.1351540088653564,10.857276916503906
1764223200.0,1.1300159692764282,17.503273010253906
1764244800.0,1.169788122177124,16.826026916503906
1764266400.0,1.1935521364212036,16.374855041503906
1764288000.0,1.2118653059005737,16.071144104003906
1764309600.0,1.2491846084594727,15.606300354003906
1764331200.0,1.293623447418213,15.043800354003906
1764352800.0,1.326850175857544,14.753761291503906
1764374400.0,1.359675645828247,14.500343322753906
1764396000.0,1.384331464767456,14.269874572753906
1764417600.0,1.4193227291107178,13.994483947753906
1764439200.0,1.4112355709075928,13.628761291503906
1764460800.0,1.361198902130127,13.398292541503906
1764482400.0,1.312896728515625,13.176612854003906
1764504000.0,1.293080449104309,13.008644104003906
1764525600.0,1.3036633729934692,12.701515197753906
1764547200.0,1.273380994796753,12.297218322753906
1764568800.0,1.2522058486938477,12.018898010253906
1764590400.0,1.399656057357788,11.837257385253906
1764612000.0,1.4184091091156006,13.581398010253906
1764633600.0,1.3702188730239868,13.888526916503906
1764655200.0,1.2875909805297852,13.506202697753906
1764676800.0,1.2584288120269775,13.245460510253906
1764698400.0,1.2213740348815918,12.959815979003906
1764720000.0,1.2176671028137207,12.669288635253906
1764741600.0,1.2056803703308105,12.461280822753906
1764763200.0,1.2311443090438843,12.380226135253906
1764784800.0,1.1615053415298462,12.318702697753906
1764806400.0,1.0782231092453003,12.239112854003906
1764828000.0,1.0388031005859375,12.086769104003906
1764849600.0,1.0112199783325195,11.940284729003906
1764871200.0,0.9598481059074402,11.836280822753906
1764892800.0,0.901016891002655,11.756202697753906
1764914400.0,0.8478497862815857,11.451515197753906
1764936000.0,0.8467008471488953,11.297218322753906
1764957600.0,0.8858223557472229,11.248878479003906
1764979200.0,0.9071852564811707,11.293312072753906
1765000800.0,0.9087327122688293,11.509620666503906
1765022400.0,0.9193457365036011,12.509620666503906
1765044000.0,0.9471042156219482,13.035499572753906
1765065600.0,0.9707226753234863,12.760597229003906
1765087200.0,1.0028259754180908,12.195655822753906
1765108800.0,1.0304991006851196,11.883644104003906
1765130400.0,1.0470308065414429,11.489601135253906
1765152000.0,1.1208734512329102,11.175636291503906
1765173600.0,1.1061909198760986,15.493019104003906
1765195200.0,1.146106481552124,14.882179260253906
1765216800.0,1.1036064624786377,14.528663635253906
1765238400.0,1.1197500228881836,14.194679260253906
1765260000.0,1.0644277334213257,13.743507385253906
1765281600.0,1.0313565731048584,13.452003479003906
1765303200.0,0.9900127053260803,13.226905822753906
1765324800.0,0.9452632665634155,13.033058166503906
1765346400.0,0.9186505079269409,12.788429260253906
1765368000.0,0.888288140296936,12.471046447753906
1765389600.0,0.8642206192016602,12.282569885253906
1765411200.0,0.8741819262504578,12.406105041503906
1765432800.0,0.9034602046012878,12.607276916503906
1765454400.0,1.0524067878723145,12.609718322753906
1765476000.0,1.0330935716629028,12.500831604003906
1765497600.0,1.0300004482269287,12.436378479003906
1765519200.0,1.0453147888183594,12.424171447753906
1765540800.0,1.0802149772644043,12.385108947753906
1765562400.0,1.0810108184814453,12.387550354003906
1765584000.0,1.0691263675689697,12.316749572753906
1765605600.0,1.071168303489685,12.171241760253906
1765627200.0,1.2014427185058594,11.927589416503906
1765648800.0,1.2108354568481445,11.645851135253906
1765670400.0,1.181682825088501,11.222023010253906
1765692000.0,1.2089483737945557,10.966651916503906
1765713600.0,1.3199756145477295,4.820655822753906
1765735200.0,1.3866658210754395,5.223487854003906
1765756800.0,1.4058215618133545,5.764991760253906
1765778400.0,1.388016939163208,5.996925354003906
1765800000.0,1.4863219261169434,6.407081604003906
1765821600.0,1.395729660987854,8.020362854003906
1765843200.0,1.2541823387145996,11.594093322753906
1765864800.0,1.4005179405212402,11.204933166503906
1765886400.0,1.5342433452606201,5.909034729003906
1765908000.0,1.572098970413208,16.417823791503906
1765929600.0,1.5807127952575684,16.009132385253906
1765951200.0,1.5066535472869873,15.237648010253906
1765972800.0,1.5962779521942139,14.776710510253906
1765994400.0,1.6002414226531982,6.026222229003906
1766016000.0,1.5418684482574463,6.221046447753906
1766037600.0,1.570609450340271,13.872901916503906
1766059200.0,1.5432868003845215,13.732276916503906
1766080800.0,1.4504897594451904,13.448097229003906
1766102400.0,1.5332238674163818,13.154151916503906
1766124000.0,1.5607823133468628,12.856300354003906
1766145600.0,1.6405571699142456,12.458351135253906
1766167200.0,1.5748770236968994,12.181495666503906
1766188800.0,1.4951812028884888,11.818214416503906
1766210400.0,1.4056711196899414,10.984718322753906
1766232000.0,1.5014265775680542,10.593116760253906
1766253600.0,1.5418102741241455,10.489112854003906
1766275200.0,1.399298071861267,10.390968322753906
1766296800.0,1.3047749996185303,10.287940979003906
1766318400.0,1.2747735977172852,6.460304260253906
1766340000.0,1.1482915878295898,10.075538635253906
1766361600.0,1.062700629234314,10.038917541503906
1766383200.0,1.0218737125396729,10.080909729003906
1766404800.0,1.0201961994171143,10.220558166503906
1766426400.0,1.025036096572876,10.363136291503906
1766448000.0,1.0694023370742798,10.473976135253906
1766469600.0,1.0820648670196533,12.878273010253906
1766491200.0,1.2082493305206299,13.133644104003906
1766512800.0,1.2510737180709839,13.221534729003906
1766534400.0,1.1699097156524658,13.080421447753906
1766556000.0,1.1301711797714233,12.879737854003906
1766577600.0,1.1110782623291016,12.595558166503906
1766599200.0,1.1054645776748657,15.682472229003906
1766620800.0,1.1144251823425293,14.813819885253906
1766642400.0,1.1401569843292236,14.474952697753906
1766664000.0,1.252950668334961,13.921241760253906
1766685600.0,1.3427467346191406,13.334327697753906
1766707200.0,1.379093050956726,12.938331604003906
1766728800.0,1.3571960926055908,12.337745666503906
1766750400.0,1.55365788936615,17.632179260253906
1766772000.0,1.690863847732544,17.044776916503906
1766793600.0,1.6739108562469482,16.350440979003906
1766815200.0,1.5595510005950928,16.017921447753906
1766836800.0,1.5207428932189941,15.305519104003906
1766858400.0,1.415674090385437,14.702003479003906
1766880000.0,1.343367576599121,14.284523010253906
1766901600.0,1.2511191368103027,13.759132385253906
1766923200.0,1.3442461490631104,13.545753479003906
1766944800.0,1.215022325515747,13.424415588378906
1766966400.0,1.1824016571044922,13.302345275878906
1766988000.0,1.1574383974075317,13.131446838378906
1767009600.0,1.153993844985962,10.227882385253906
1767031200.0,1.14737868309021,10.199562072753906
1767052800.0,1.1508504152297974,10.125831604003906
1767074400.0,1.1274694204330444,10.099464416503906
1767096000.0,1.1223499774932861,10.187355041503906
1767117600.0,1.1876344680786133,10.483741760253906
1767139200.0,1.4217712879180908,6.549415588378906
1767160800.0,1.8993566036224365,7.855812072753906
1767182400.0,1.7797428369522095,7.853858947753906
1767204000.0,1.9537872076034546,7.190773010253906
1767225600.0,1.5575857162475586,7.092140197753906
1767247200.0,1.3795627355575562,11.590187072753906
1767268800.0,1.3313918113708496,11.672218322753906
1767290400.0,1.2371742725372314,11.578468322753906
1767312000.0,1.140801191329956,11.372901916503906
1767333600.0,1.068573236465454,11.184913635253906
1767355200.0,1.423326015472412,5.750831604003906
1767376800.0,1.4542450904846191,6.707374572753906
1767398400.0,1.308732032775879,7.100440979003906
1767420000.0,1.326988935470581,7.543800354003906
1767441600.0,1.6229898929595947,7.664894104003906
1767463200.0,1.4142494201660156,8.136085510253906
1767484800.0,1.2925878763198853,15.514991760253906
1767506400.0,1.2354896068572998,14.852394104003906
1767528000.0,1.2031617164611816,14.356788635253906
1767549600.0,1.2339982986450195,13.755226135253906
1767571200.0,1.353294849395752,13.283546447753906
1767592800.0,1.3607460260391235,12.069190979003906
1767614400.0,1.3713592290878296,11.262062072753906
1767636000.0,1.3934417963027954,10.879737854003906
1767657600.0,1.328458547592163,10.384620666503906
1767679200.0,1.228513240814209,10.027687072753906
1767700800.0,1.1252059936523438,9.435401916503906
1767722400.0,1.0620558261871338,8.992530822753906
1767744000.0,0.988559365272522,8.573585510253906
1767765600.0,0.9328183531761169,8.390480041503906
1767787200.0,0.8956642150878906,8.231788635253906
1767808800.0,0.8503313660621643,8.096046447753906
1767830400.0,0.842841386795044,7.992530822753906
1767852000.0,0.8565995693206787,14.698585510253906
1767873600.0,0.9930244088172913,14.501808166503906
1767895200.0,1.1154407262802124,14.399269104003906
1767916800.0,1.2016825675964355,14.150733947753906
1767938400.0,1.2428451776504517,13.704933166503906
1767960000.0,1.312387228012085,13.369972229003906
1767981600.0,1.286507248878479,13.011085510253906
1768003200.0,1.3114445209503174,12.455909729003906
1768024800.0,1.2863644361495972,12.163917541503906
1768046400.0,1.3197681903839111,11.940773010253906
1768068000.0,1.3308310508728027,11.852882385253906
1768089600.0,1.3980538845062256,11.466651916503906
1768111200.0,1.4658257961273193,11.064796447753906
1768132800.0,1.318763256072998,10.751808166503906
1768154400.0,1.2447395324707031,10.263526916503906
1768176000.0,1.2627007961273193,9.990089416503906
1768197600.0,1.2925641536712646,9.853858947753906
1768219200.0,1.3121585845947266,9.812355041503906
1768240800.0,1.2748918533325195,9.871437072753906
1768262400.0,1.1367466449737549,9.896339416503906
1768284000.0,1.0903830528259277,9.880714416503906
1768305600.0,1.1937942504882812,9.849464416503906
1768327200.0,1.1822701692581177,9.753273010253906
1768348800.0,1.1795856952667236,9.542823791503906
1768370400.0,1.2805044651031494,9.297218322753906
1768392000.0,1.3970167636871338,15.735694885253906
1768413600.0,1.4092755317687988,15.140968322753906
1768435200.0,1.3672717809677124,14.570655822753906
1768456800.0,1.3989481925964355,14.205421447753906
1768478400.0,1.4271258115768433,13.768409729003906
1768500000.0,1.3623087406158447,13.420753479003906
1768521600.0,1.3329979181289673,13.199562072753906
1768543200.0,1.2374632358551025,13.074073791503906
1768564800.0,1.362357258796692,12.999366760253906
1768586400.0,1.3200170993804932,12.888038635253906
1768608000.0,1.2033302783966064,12.608253479003906
1768629600.0,1.1166547536849976,12.563819885253906
1768651200.0,1.1417219638824463,14.326515197753906
1768672800.0,1.275915265083313,14.599464416503906
1768694400.0,1.4677313566207886,7.004737854003906
1768716000.0,1.4569368362426758,14.132179260253906
1768737600.0,1.3763227462768555,13.907569885253906
1768759200.0,1.4058104753494263,15.738624572753906
1768780800.0,1.4071290493011475,15.710304260253906
1768802400.0,1.4388355016708374,15.003273010253906
1768824000.0,1.635352373123169,14.498390197753906
1768845600.0,1.6357855796813965,14.227394104003906
1768867200.0,1.6969630718231201,13.802101135253906
1768888800.0,1.7489826679229736,8.703956604003906
1768910400.0,1.754448652267456,13.180519104003906
1768932000.0,1.8615082502365112,8.417823791503906
1768953600.0,1.9839913845062256,19.429054260253906
1768975200.0,2.053382158279419,18.309913635253906
1768996800.0,2.115870952606201,17.514503479003906
1769018400.0,2.149630308151245,16.434425354003906
1769040000.0,2.129877805709839,15.816261291503906
1769061600.0,2.086376428604126,14.928565979003906
1769083200.0,2.041794776916504,14.402198791503906
1769104800.0,1.8834905624389648,13.663429260253906
1769126400.0,1.7648670673370361,13.346534729003906
1769148000.0,1.7223243713378906,13.198585510253906
1769169600.0,1.6566227674484253,13.028175354003906
1769191200.0,1.6684671640396118,12.702247619628906
1769212800.0,1.7850403785705566,12.438087463378906
1769234400.0,1.6864776611328125,12.350685119628906
1769256000.0,1.471337914466858,12.156837463378906
1769277600.0,1.401087999343872,11.830909729003906
1769299200.0,1.3621697425842285,11.199073791503906
1769320800.0,1.3260142803192139,10.913429260253906
1769342400.0,1.2960615158081055,10.702003479003906
1769364000.0,1.2837233543395996,15.869483947753906
1769385600.0,1.2979137897491455,15.148780822753906
1769407200.0,1.34824800491333,14.932472229003906
1769428800.0,1.323178768157959,14.518898010253906
1769450400.0,1.28273344039917,13.688331604003906
1769472000.0,1.3355295658111572,19.185401916503906
1769493600.0,1.479928970336914,18.000343322753906
1769515200.0,1.6314985752105713,17.186378479003906
1769536800.0,1.7471768856048584,16.174171447753906
1769558400.0,1.8156156539916992,15.585304260253906
1769580000.0,1.7775355577468872,14.535011291503906
1769601600.0,1.7754807472229004,14.158058166503906
1769623200.0,1.8122799396514893,13.895851135253906
1769644800.0,1.899876594543457,13.512550354003906
1769666400.0,1.8160479068756104,13.225929260253906
1769688000.0,1.7159078121185303,12.845558166503906
1769709600.0,1.5523864030838013,12.183937072753906
1769731200.0,1.4246275424957275,11.941749572753906
1769752800.0,1.318300485610962,11.693702697753906
1769774400.0,1.2298797369003296,11.272804260253906
1769796000.0,1.161289095878601,11.064308166503906
1769817600.0,1.1077067852020264,10.916358947753906
1769839200.0,1.0644629001617432,10.803077697753906
1769860800.0,1.0206751823425293,10.658546447753906
1769882400.0,0.9870423078536987,10.458351135253906
1769904000.0,0.9698116183280945,10.303565979003906
1769925600.0,0.9472275972366333,10.200050354003906
1769947200.0,0.9391986131668091,12.894386291503906
1769968800.0,0.9139646887779236,12.649757385253906
1769990400.0,0.8731943964958191,12.444190979003906
1770012000.0,0.8561567664146423,12.261573791503906
1770033600.0,0.852475106716156,12.053565979003906
1770055200.0,0.8797006011009216,11.883644104003906
1770076800.0,0.9118214249610901,11.816749572753906
1770098400.0,0.9464698433876038,11.821144104003906
1770120000.0,0.9566965103149414,11.731300354003906
1770141600.0,0.9670701026916504,11.575538635253906
1770163200.0,0.9600799679756165,11.437843322753906
1770184800.0,0.9758205413818359,11.238136291503906
1770206400.0,0.9954273104667664,11.020362854003906
1770228000.0,0.9981831908226013,11.030616760253906
1770249600.0,1.0096514225006104,10.812843322753906
1770271200.0,1.0028369426727295,10.403663635253906
1770292800.0,1.143380880355835,10.151710510253906
1770314400.0,1.2332344055175781,15.254737854003906
1770336000.0,1.2208008766174316,14.710792541503906
1770357600.0,1.1937828063964844,14.318214416503906
1770379200.0,1.2775557041168213,13.667823791503906
1770400800.0,1.3193734884262085,13.331398010253906
1770422400.0,1.3541927337646484,13.164894104003906
1770444000.0,1.3757641315460205,12.997901916503906
1770465600.0,1.5105187892913818,12.684913635253906
1770487200.0,1.5191779136657715,12.359718322753906
1770508800.0,1.4267098903656006,12.090675354003906
1770530400.0,1.3068442344665527,11.779640197753906
1770552000.0,1.2425830364227295,11.371925354003906
1770573600.0,1.208153247833252,11.142433166503906
1770595200.0,1.1944307088851929,10.998390197753906
1770616800.0,1.1837661266326904,10.903663635253906
1770638400.0,1.178032636642456,10.879737854003906
1770660000.0,1.176145315170288,11.014503479003906
1770681600.0,1.1681897640228271,13.354347229003906
1770703200.0,1.1481314897537231,13.121437072753906
1770724800.0,1.1150474548339844,12.946144104003906
1770746400.0,1.1008517742156982,12.530616760253906
1770768000.0,1.0561933517456055,12.106300354003906
1770789600.0,1.0083122253417969,11.779640197753906
1770811200.0,0.9627666473388672,11.310401916503906
1770832800.0,0.9513825178146362,10.933937072753906
1770854400.0,1.012171745300293,10.579444885253906
1770876000.0,1.09420645236969,14.526710510253906
1770897600.0,1.3239450454711914,5.782569885253906
1770919200.0,1.2723346948623657,13.620948791503906
1770940800.0,1.1891541481018066,13.389991760253906
1770962400.0,1.1348398923873901,13.145851135253906
1770984000.0,1.067291259765625,8.535499572753906
1771005600.0,1.0228447914123535,8.396827697753906
1771027200.0,1.0099431276321411,12.507179260253906
1771048800.0,1.066506266593933,12.404640197753906
1771070400.0,1.0985947847366333,12.193702697753906
1771092000.0,1.13777494430542,11.970069885253906
1771113600.0,1.1653625965118408,11.691261291503906
1771135200.0,1.1843453645706177,18.178077697753906
1771156800.0,1.2781150341033936,17.682472229003906
1771178400.0,1.3387855291366577,16.801124572753906
1771200000.0,1.3254587650299072,16.151710510253906
1771221600.0,1.2924754619598389,15.491065979003906
1771243200.0,1.4214751720428467,14.846046447753906
1771264800.0,1.712493658065796,6.969093322753906
1771286400.0,1.573257565498352,7.204933166503906
1771308000.0,1.432105302810669,7.389503479003906
1771329600.0,1.612973690032959,7.782081604003906
1771351200.0,1.5897853374481201,8.307960510253906
1771372800.0,1.5261931419372559,8.533058166503906
1771394400.0,1.4880818128585815,8.555030822753906
1771416000.0,1.490134596824646,8.573097229003906
1771437600.0,1.493554711341858,8.389259338378906
1771459200.0,1.4331881999969482,8.169044494628906
1771480800.0,1.3927996158599854,14.704444885253906
1771502400.0,1.340040922164917,14.375831604003906
1771524000.0,1.2911268472671509,13.721534729003906
1771545600.0,1.2743241786956787,13.362159729003906
1771567200.0,1.2277007102966309,13.116065979003906
1771588800.0,1.1620303392410278,12.787940979003906
1771610400.0,1.099703311920166,12.413429260253906
1771632000.0,1.0573420524597168,12.233253479003906
1771653600.0,1.0444505214691162,12.073097229003906
1771675200.0,1.0431296825408936,11.815773010253906
1771696800.0,1.0481438636779785,11.577491760253906
1771718400.0,1.1177430152893066,11.794776916503906
1771740000.0,1.152846336364746,11.628761291503906
1771761600.0,1.1735564470291138,13.070167541503906
1771783200.0,1.2665280103683472,12.872413635253906
1771804800.0,1.3439085483551025,12.106788635253906
1771826400.0,1.347473382949829,12.986183166503906
1771848000.0,1.3202892541885376,13.135108947753906
1771869600.0,1.4652698040008545,16.462745666503906
1771891200.0,1.5121259689331055,16.106788635253906
1771912800.0,1.4825950860977173,15.663429260253906
1771934400.0,1.4868086576461792,14.881690979003906
1771956000.0,1.4869842529296875,14.497413635253906
1771977600.0,1.448042869567871,13.873878479003906
1771999200.0,1.3970677852630615,13.431007385253906
1772020800.0,1.3852143287658691,13.162940979003906
1772042400.0,1.362696647644043,12.824562072753906
1772064000.0,1.3502323627471924,12.330909729003906
1772085600.0,1.3483614921569824,12.126808166503906
1772107200.0,1.60408616065979,12.155616760253906
1772128800.0,1.6983256340026855,13.587745666503906
1772150400.0,1.7960689067840576,13.327491760253906
1772172000.0,1.8063570261001587,6.678565979003906
1772193600.0,1.6286299228668213,7.181983947753906
1772215200.0,1.5997674465179443,12.301124572753906
1772236800.0,1.7057359218597412,7.249855041503906
1772258400.0,1.4896082878112793,7.970069885253906
1772280000.0,1.4455687999725342,7.993019104003906
1772301600.0,1.2997472286224365,7.780616760253906
1772323200.0,1.1969566345214844,7.509620666503906
1772344800.0,1.0913290977478027,7.189308166503906
1772366400.0,1.1065223217010498,6.530128479003906
1772388000.0,1.1178183555603027,6.355323791503906
1772409600.0,1.1796746253967285,6.030616760253906
1772431200.0,1.3115923404693604,6.031105041503906
1772452800.0,1.626892328262329,16.570655822753906
1772474400.0,1.871227741241455,16.041358947753906
1772496000.0,1.8408198356628418,15.174171447753906
1772517600.0,1.8107225894927979,14.632667541503906
1772539200.0,2.1280291080474854,14.418800354003906
1772560800.0,2.2573814392089844,14.325538635253906
1772582400.0,2.1442277431488037,14.093116760253906
1772604000.0,2.0218281745910645,13.509620666503906
1772625600.0,1.9309325218200684,13.204933166503906
1772647200.0,1.85467529296875,12.764991760253906
1772668800.0,1.7186932563781738,12.295509338378906
1772690400.0,1.6485986709594727,12.035987854003906
1772712000.0,1.6981620788574219,11.952247619628906
1772733600.0,1.6508219242095947,11.883888244628906
1772755200.0,1.6441453695297241,11.878273010253906
1772776800.0,1.4524006843566895,11.598487854003906
1772798400.0,1.4754465818405151,5.777198791503906
1772820000.0,1.310950756072998,13.191749572753906
1772841600.0,1.2827517986297607,13.268409729003906
1772863200.0,1.305161714553833,13.194190979003906
1772884800.0,1.3189494609832764,13.184913635253906
1772906400.0,1.2830078601837158,13.202980041503906
1772928000.0,1.293184757232666,15.857276916503906
1772949600.0,1.2823684215545654,15.816749572753906
1772971200.0,1.2944368124008179,15.275733947753906
1772992800.0,1.295790433883667,14.770851135253906
1773014400.0,1.290741205215454,14.488136291503906
1773036000.0,1.2525914907455444,14.098487854003906
1773057600.0,1.2169921398162842,13.561866760253906
1773079200.0,1.1707777976989746,13.312843322753906
1773100800.0,1.1158746480941772,13.146827697753906
1773122400.0,1.0667420625686646,13.099952697753906
1773144000.0,1.0402069091796875,13.246925354003906
1773165600.0,1.030879020690918,13.288429260253906
1773187200.0,1.0378555059432983,13.159034729003906
1773208800.0,1.0466909408569336,12.977882385253906
1773230400.0,1.071115493774414,12.431495666503906
1773252000.0,1.077608585357666,12.073097229003906
1773273600.0,1.0607237815856934,11.755226135253906
1773295200.0,1.0384122133255005,11.272804260253906
1773316800.0,1.0246171951293945,11.057960510253906
1773338400.0,1.0130329132080078,10.977882385253906
1773360000.0,1.021901249885559,10.942726135253906
1773381600.0,1.0372722148895264,10.920265197753906
1773403200.0,1.0541272163391113,10.875831604003906
1773424800.0,1.0483752489089966,10.842140197753906
1773446400.0,1.0709757804870605,10.816749572753906
1773468000.0,1.1223742961883545,20.159034729003906
1773489600.0,1.2038850784301758,19.388526916503906
1773511200.0,1.2521352767944336,18.255714416503906
1773532800.0,1.3009968996047974,17.541358947753906
1773554400.0,1.3165466785430908,16.614112854003906
1773576000.0,1.3705072402954102,15.986183166503906
1773597600.0,1.3488171100616455,15.244483947753906
1773619200.0,1.3044779300689697,14.751319885253906
1773640800.0,1.264081597328186,14.396827697753906
1773662400.0,1.2331135272979736,13.959815979003906
1773684000.0,1.193664789199829,13.587257385253906
1773705600.0,1.127657175064087,13.253761291503906
1773727200.0,1.0934422016143799,13.054054260253906
1773748800.0,1.073075532913208,12.911964416503906
1773770400.0,1.0577304363250732,12.690773010253906
1773792000.0,1.039743185043335,12.522315979003906
1773813600.0,1.0241756439208984,12.391456604003906
1773835200.0,1.0130482912063599,12.277687072753906
1773856800.0,0.9941055774688721,12.189796447753906
1773878400.0,0.9583431482315063,12.047218322753906
1773900000.0,0.928026556968689,11.921241760253906
1773921600.0,0.9189643263816833,11.805519104003906
1773943200.0,0.9015779495239258,11.734718322753906
1773964800.0,0.8936503529548645,11.704444885253906
1773986400.0,0.8811312317848206,11.625343322753906
1774008000.0,0.8658793568611145,11.487648010253906
1774029600.0,0.8552414774894714,11.347999572753906
1774051200.0,0.8323854804039001,11.205665588378906
1774072800.0,0.8164371848106384,11.069190979003906
1774094400.0,0.8329227566719055,10.994972229003906
1774116000.0,0.8540365099906921,13.762550354003906
1774137600.0,0.886629581451416,13.646827697753906
1774159200.0,0.9456309080123901,13.526710510253906
1774180800.0,0.9974665641784668,13.445167541503906
1774202400.0,1.0563247203826904,13.624855041503906
1774224000.0,1.1379786729812622,14.191749572753906
1774245600.0,1.203242540359497,14.403663635253906
1774267200.0,1.2305233478546143,14.276222229003906
1774288800.0,1.2144279479980469,13.899269104003906
1774310400.0,1.2048529386520386,13.576515197753906
1774332000.0,1.1854305267333984,13.352394104003906
1774353600.0,1.2472853660583496,13.197120666503906
1774375200.0,1.2622489929199219,13.009620666503906
1774396800.0,1.3426296710968018,12.722511291503906
1774418400.0,1.3696119785308838,12.426124572753906
1774440000.0,1.3942240476608276,12.363136291503906
1774461600.0,1.2675297260284424,12.272560119628906
1774483200.0,1.1576660871505737,12.062110900878906
1774504800.0,1.1471388339996338,11.879249572753906
1774526400.0,1.2255648374557495,11.727394104003906
1774548000.0,1.156625509262085,11.489112854003906
1774569600.0,1.1396349668502808,11.386817932128906
1774591200.0,1.1188278198242188,11.170265197753906
1774612800.0,1.090875267982483,11.012550354003906
1774634400.0,1.0693333148956299,10.921730041503906
1774656000.0,1.056898832321167,10.933937072753906
1774677600.0,1.057984471321106,13.289894104003906
1774699200.0,1.0288840532302856,12.915382385253906
1774720800.0,1.0067042112350464,12.176124572753906
1774742400.0,0.9786873459815979,11.873390197753906
1774764000.0,0.9527224898338318,11.479347229003906
1774785600.0,0.9211399555206299,11.217628479003906
1774807200.0,0.8975473642349243,11.047218322753906
1774828800.0,0.8736298680305481,10.892433166503906
1774850400.0,0.8476197123527527,10.713233947753906
1774872000.0,0.8191929459571838,10.333839416503906
1774893600.0,0.8233934044837952,10.115577697753906
1774915200.0,0.7945131659507751,9.948097229003906
1774936800.0,0.7869202494621277,9.817726135253906
1774958400.0,0.7874743938446045,9.572608947753906
1774980000.0,0.8053854703903198,14.280616760253906
1775001600.0,0.8139316439628601,14.036476135253906
1775023200.0,0.8392054438591003,13.696144104003906
1775044800.0,0.8446153998374939,13.431983947753906
1775066400.0,0.8739496469497681,13.338722229003906
1775088000.0,0.9170975089073181,13.269874572753906
1775109600.0,0.9616930484771729,13.152198791503906
1775131200.0,1.014418125152588,12.961280822753906
1775152800.0,1.0496306419372559,12.543312072753906
1775174400.0,1.0544981956481934,12.258644104003906
1775196000.0,1.0634675025939941,12.064796447753906
1775217600.0,1.0986478328704834,11.909034729003906
1775239200.0,1.1154940128326416,11.581886291503906
1775260800.0,1.08366060256958,11.298194885253906
1775282400.0,1.0300192832946777,14.868019104003906
1775304000.0,0.9930270910263062,14.410499572753906
1775325600.0,0.9690343141555786,13.849952697753906
1775347200.0,0.9574763178825378,13.566749572753906
1775368800.0,0.9621791839599609,13.381690979003906
1775390400.0,0.9867061376571655,13.291847229003906
1775412000.0,0.9978638291358948,13.152198791503906
1775433600.0,1.0242946147918701,12.970558166503906
1775455200.0,1.0505545139312744,12.608253479003906
1775476800.0,0.9889959692955017,12.269386291503906
1775498400.0,0.9342848062515259,11.998390197753906
1775520000.0,0.896590530872345,11.705421447753906
1775541600.0,0.8567595481872559,11.267921447753906
1775563200.0,0.8689297437667847,11.079933166503906
1775584800.0,1.009204387664795,13.269386291503906
1775606400.0,0.9813898801803589,13.352882385253906
1775628000.0,1.0875580310821533,13.235694885253906
1775649600.0,1.1437296867370605,12.905616760253906
1775671200.0,1.1224174499511719,12.499855041503906
1775692800.0,1.298994779586792,12.675148010253906
1775714400.0,1.382696509361267,14.324562072753906
1775736000.0,1.37385892868042,13.682960510253906
1775757600.0,1.310309648513794,13.347999572753906
1775779200.0,1.2684297561645508,13.099952697753906
1775800800.0,1.224133014678955,12.949073791503906
1775822400.0,1.3364660739898682,13.128761291503906
1775844000.0,1.2112531661987305,13.180519104003906
1775865600.0,1.1663217544555664,13.142433166503906
1775887200.0,1.1035577058792114,12.997901916503906
1775908800.0,1.0477014780044556,12.688819885253906
1775930400.0,1.0564320087432861,12.363624572753906
1775952000.0,1.031850814819336,12.158546447753906
1775973600.0,0.9946908950805664,11.970069885253906
1775995200.0,1.0297987461090088,11.818214416503906
1776016800.0,1.046666145324707,18.016944885253906
1776038400.0,1.038307547569275,17.604835510253906
1776060000.0,1.0139714479446411,16.744483947753906
1776081600.0,0.9982461929321289,16.265480041503906
1776103200.0,1.0219626426696777,15.935890197753906
1776124800.0,1.0652587413787842,15.515480041503906
1776146400.0,1.100965976715088,14.968605041503906
1776168000.0,1.1089162826538086,14.586524963378906
1776189600.0,1.095664620399475,14.184425354003906
1776211200.0,1.0591328144073486,13.628273010253906
1776232800.0,1.0404486656188965,13.398048400878906
1776254400.0,1.040027141571045,13.304298400878906
1776276000.0,1.0645681619644165,13.390724182128906
1776297600.0,1.0866849422454834,13.473731994628906
1776319200.0,1.100750207901001,13.396827697753906
1776340800.0,1.105879783630371,13.245704650878906
1776362400.0,1.1181340217590332,13.094581604003906
1776384000.0,1.090732216835022,12.688575744628906
1776405600.0,1.0628845691680908,12.414405822753906
1776427200.0,1.0280616283416748,12.235206604003906
1776448800.0,1.0061442852020264,12.194923400878906
1776470400.0,1.0056192874908447,12.264259338378906
1776492000.0,1.0063972473144531,12.438331604003906
1776513600.0,1.0027542114257812,12.708839416503906
1776535200.0,0.9969403743743896,12.498634338378906
1776556800.0,0.9668068289756775,12.195167541503906
1776578400.0,0.9588750004768372,11.999855041503906
1776600000.0,0.9698343873023987,11.773292541503906
1776621600.0,0.9910798668861389,11.403663635253906
1776643200.0,0.9847398400306702,15.203468322753906
1776664800.0,0.9910749793052673,14.800636291503906
1776686400.0,0.976261556148529,14.440528869628906
1776708000.0,0.9926910996437073,13.945411682128906
1776729600.0,1.0401642322540283,13.525001525878906
1776751200.0,1.0845497846603394,13.234718322753906
1776772800.0,1.1040868759155273,12.954689025878906
1776794400.0,1.141852855682373,12.562843322753906
1776816000.0,1.2075159549713135,12.322853088378906
1776837600.0,1.2845468521118164,16.415138244628906
1776859200.0,1.4091976881027222,16.092384338378906
1776880800.0,1.5111017227172852,15.634620666503906
1776902400.0,1.5445117950439453,14.792823791503906
1776924000.0,1.588734745979309,14.408302307128906
1776945600.0,1.6248984336853027,14.011329650878906
1776967200.0,1.6304597854614258,13.653663635253906
1776988800.0,1.6255817413330078,13.408546447753906
1777010400.0,1.5495312213897705,13.180519104003906
1777032000.0,1.4089431762695312,12.884132385253906
1777053600.0,1.3054630756378174,12.347511291503906
1777075200.0,1.3230993747711182,12.101905822753906
1777096800.0,1.3940081596374512,16.992530822753906
1777118400.0,1.4575889110565186,16.077003479003906
1777140000.0,1.4731791019439697,15.254249572753906
1777161600.0,1.490671157836914,14.632667541503906
1777183200.0,1.475994348526001,14.209815979003906
1777204800.0,1.420754313468933,13.595069885253906
1777226400.0,1.4123616218566895,13.324562072753906
1777248000.0,1.3945821523666382,13.208351135253906
1777269600.0,1.352114200592041,13.342140197753906
1777291200.0,1.3057129383087158,13.388038635253906
1777312800.0,1.28768789768219,13.259620666503906
1777334400.0,1.2561099529266357,13.059913635253906
1777356000.0,1.216912031173706,12.728370666503906
1777377600.0,1.1797187328338623,12.225929260253906
1777399200.0,1.2111314535140991,17.617042541503906
1777420800.0,1.2817487716674805,17.050636291503906
1777442400.0,1.355519413948059,16.298683166503906
1777464000.0,1.3815057277679443,15.747413635253906
1777485600.0,1.398761510848999,15.076515197753906
1777507200.0,1.378223180770874,14.626808166503906
1777528800.0,1.3884121179580688,14.400245666503906
1777550400.0,1.3926739692687988,14.182472229003906
1777572000.0,1.4201452732086182,14.044776916503906
1777593600.0,1.420358419418335,13.799171447753906
1777615200.0,1.403038501739502,13.563331604003906
1777636800.0,1.4164378643035889,13.330909729003906
1777658400.0,1.4265339374542236,13.106788635253906
1777680000.0,1.3355891704559326,12.860694885253906
1777701600.0,1.2463443279266357,12.537940979003906
1777723200.0,1.1632732152938843,12.358253479003906
